-- phpMyAdmin SQL Dump
-- version 5.2.1
-- https://www.phpmyadmin.net/
--
-- Hôte : 127.0.0.1:3306
-- Généré le : mer. 02 juil. 2025 à 20:34
-- Version du serveur : 9.1.0
-- Version de PHP : 8.3.14

SET SQL_MODE = "NO_AUTO_VALUE_ON_ZERO";
START TRANSACTION;
SET time_zone = "+00:00";


/*!40101 SET @OLD_CHARACTER_SET_CLIENT=@@CHARACTER_SET_CLIENT */;
/*!40101 SET @OLD_CHARACTER_SET_RESULTS=@@CHARACTER_SET_RESULTS */;
/*!40101 SET @OLD_COLLATION_CONNECTION=@@COLLATION_CONNECTION */;
/*!40101 SET NAMES utf8mb4 */;

--
-- Base de données : `check_master_db`
--

-- --------------------------------------------------------

--
-- Structure de la table `action`
--

DROP TABLE IF EXISTS `action`;
CREATE TABLE IF NOT EXISTS `action` (
  `id_action` int NOT NULL AUTO_INCREMENT,
  `lib_action` varchar(100) DEFAULT NULL,
  PRIMARY KEY (`id_action`)
) ENGINE=InnoDB AUTO_INCREMENT=1040 DEFAULT CHARSET=utf8mb4 COLLATE=utf8mb4_0900_ai_ci;

--
-- Déchargement des données de la table `action`
--

INSERT INTO `action` (`id_action`, `lib_action`) VALUES
(1, 'Tentative connexion réussie'),
(2, 'Tentative connexion échouée'),
(3, 'Déconnexion'),
(4, 'Modification mot de passe'),
(5, 'Réinitialisation mot de passe'),
(6, 'Accès dashboard'),
(7, 'Accès module interdit'),
(8, 'Session expirée'),
(9, 'Activation compte'),
(10, 'Désactivation compte'),
(11, 'Ajout étudiant'),
(12, 'Modification étudiant'),
(13, 'Suppression étudiant'),
(14, 'Consultation profil étudiant'),
(15, 'Validation inscription étudiant'),
(16, 'Changement statut éligibilité'),
(17, 'Modification photo étudiant'),
(18, 'Export liste étudiants'),
(19, 'Import étudiants en masse'),
(20, 'Recherche étudiant'),
(21, 'Consultation historique étudiant'),
(22, 'Génération carte étudiant'),
(23, 'Modification promotion étudiant'),
(24, 'Changement niveau étudiant'),
(25, 'Archivage dossier étudiant'),
(26, 'Ajout enseignant'),
(27, 'Modification enseignant'),
(28, 'Suppression enseignant'),
(29, 'Consultation profil enseignant'),
(30, 'Attribution grade enseignant'),
(31, 'Modification grade enseignant'),
(32, 'Attribution fonction enseignant'),
(33, 'Modification fonction enseignant'),
(34, 'Attribution spécialité enseignant'),
(35, 'Modification photo enseignant'),
(36, 'Export liste enseignants'),
(37, 'Consultation planning enseignant'),
(38, 'Attribution responsabilité commission'),
(39, 'Révocation responsabilité commission'),
(40, 'Modification coordonnées enseignant'),
(41, 'Ajout personnel administratif'),
(42, 'Modification personnel administratif'),
(43, 'Suppression personnel administratif'),
(44, 'Consultation profil personnel'),
(45, 'Modification photo personnel'),
(46, 'Attribution droits personnel'),
(47, 'Modification droits personnel'),
(48, 'Export liste personnel'),
(49, 'Modification coordonnées personnel'),
(50, 'Changement statut personnel'),
(51, 'Ajout UE'),
(52, 'Modification UE'),
(53, 'Suppression UE'),
(54, 'Consultation UE'),
(55, 'Attribution enseignant UE'),
(56, 'Modification enseignant UE'),
(57, 'Ajout ECUE'),
(58, 'Modification ECUE'),
(59, 'Suppression ECUE'),
(60, 'Consultation ECUE'),
(61, 'Attribution enseignant ECUE'),
(62, 'Génération code UE'),
(63, 'Export maquette pédagogique'),
(64, 'Import maquette pédagogique'),
(65, 'Validation maquette'),
(66, 'Consultation planning UE'),
(67, 'Modification volume horaire'),
(68, 'Modification crédits'),
(69, 'Recherche UE/ECUE'),
(70, 'Duplication UE'),
(71, 'Dépôt rapport étudiant'),
(72, 'Modification rapport étudiant'),
(73, 'Suppression rapport étudiant'),
(74, 'Téléchargement rapport'),
(75, 'Consultation rapport'),
(76, 'Validation rapport par enseignant'),
(77, 'Rejet rapport par enseignant'),
(78, 'Approbation rapport par administration'),
(79, 'Désapprobation rapport par administration'),
(80, 'Partage rapport avec commission'),
(81, 'Commentaire sur rapport'),
(82, 'Consultation historique rapport'),
(83, 'Export rapport en PDF'),
(84, 'Recherche rapport'),
(85, 'Archivage rapport'),
(86, 'Restauration rapport'),
(87, 'Notification auteur rapport'),
(88, 'Changement statut rapport'),
(89, 'Attribution rapport à enseignant'),
(90, 'Consultation statistiques rapports'),
(91, 'Saisie évaluation UE'),
(92, 'Modification évaluation UE'),
(93, 'Suppression évaluation UE'),
(94, 'Consultation évaluation UE'),
(95, 'Saisie évaluation ECUE'),
(96, 'Modification évaluation ECUE'),
(97, 'Suppression évaluation ECUE'),
(98, 'Consultation évaluation ECUE'),
(99, 'Validation relevé notes'),
(100, 'Export relevé notes'),
(101, 'Import notes en masse'),
(102, 'Calcul moyenne générale'),
(103, 'Génération bulletin'),
(104, 'Consultation historique notes'),
(105, 'Correction note erronée'),
(106, 'Soumission demande soutenance'),
(107, 'Modification demande soutenance'),
(108, 'Annulation demande soutenance'),
(109, 'Traitement demande soutenance'),
(110, 'Acceptation demande soutenance'),
(111, 'Rejet demande soutenance'),
(112, 'Consultation demande soutenance'),
(113, 'Export liste demandes'),
(114, 'Recherche demande'),
(115, 'Notification étudiant demande'),
(116, 'Programmation réunion'),
(117, 'Modification réunion'),
(118, 'Annulation réunion'),
(119, 'Consultation réunion'),
(120, 'Participation réunion'),
(121, 'Ajout participant réunion'),
(122, 'Suppression participant réunion'),
(123, 'Envoi invitation réunion'),
(124, 'Confirmation participation'),
(125, 'Refus participation'),
(126, 'Téléchargement document réunion'),
(127, 'Ajout document réunion'),
(128, 'Suppression document réunion'),
(129, 'Génération rapport réunion'),
(130, 'Export planning réunions'),
(131, 'Création compte rendu'),
(132, 'Modification compte rendu'),
(133, 'Suppression compte rendu'),
(134, 'Consultation compte rendu'),
(135, 'Téléchargement compte rendu'),
(136, 'Envoi compte rendu par email'),
(137, 'Partage compte rendu'),
(138, 'Validation compte rendu'),
(139, 'Archivage compte rendu'),
(140, 'Export compte rendu'),
(141, 'Envoi message'),
(142, 'Lecture message'),
(143, 'Réponse message'),
(144, 'Transfert message'),
(145, 'Suppression message'),
(146, 'Archivage message'),
(147, 'Recherche message'),
(148, 'Marquer message comme lu'),
(149, 'Marquer message comme non lu'),
(150, 'Notification nouveau message'),
(151, 'Envoi message groupé'),
(152, 'Création brouillon'),
(153, 'Modification brouillon'),
(154, 'Sauvegarde brouillon'),
(155, 'Consultation historique messages'),
(156, 'Création règlement étudiant'),
(157, 'Modification règlement'),
(158, 'Suppression règlement'),
(159, 'Consultation règlement'),
(160, 'Enregistrement paiement espèces'),
(161, 'Enregistrement paiement chèque'),
(162, 'Annulation paiement'),
(163, 'Modification paiement'),
(164, 'Génération reçu paiement'),
(165, 'Export état paiements'),
(166, 'Recherche paiement'),
(167, 'Consultation historique paiements'),
(168, 'Validation inscription'),
(169, 'Annulation inscription'),
(170, 'Modification tarifs'),
(171, 'Configuration frais inscription'),
(172, 'Export relevé financier'),
(173, 'Relance paiement'),
(174, 'Calcul reste à payer'),
(175, 'Génération état financier'),
(176, 'Ajout entreprise'),
(177, 'Modification entreprise'),
(178, 'Suppression entreprise'),
(179, 'Consultation entreprise'),
(180, 'Enregistrement stage'),
(181, 'Modification stage'),
(182, 'Fin stage'),
(183, 'Consultation stage'),
(184, 'Export liste stages'),
(185, 'Recherche entreprise'),
(186, 'Soumission réclamation'),
(187, 'Modification réclamation'),
(188, 'Suppression réclamation'),
(189, 'Traitement réclamation'),
(190, 'Clôture réclamation'),
(191, 'Consultation réclamation'),
(192, 'Réponse réclamation'),
(193, 'Escalade réclamation'),
(194, 'Export réclamations'),
(195, 'Recherche réclamation'),
(196, 'Archivage document'),
(197, 'Consultation archive'),
(198, 'Restauration archive'),
(199, 'Suppression archive'),
(200, 'Téléchargement archive'),
(201, 'Recherche archive'),
(202, 'Export archives'),
(203, 'Compression archives'),
(204, 'Indexation archive'),
(205, 'Vérification intégrité archive'),
(206, 'Sauvegarde base de données'),
(207, 'Restauration base de données'),
(208, 'Export base de données'),
(209, 'Import base de données'),
(210, 'Nettoyage logs système'),
(211, 'Configuration système'),
(212, 'Modification paramètres'),
(213, 'Gestion utilisateurs'),
(214, 'Attribution permissions'),
(215, 'Révocation permissions'),
(216, 'Consultation logs erreur'),
(217, 'Consultation statistiques'),
(218, 'Génération rapport activité'),
(219, 'Maintenance système'),
(220, 'Mise à jour système'),
(221, 'Consultation piste audit'),
(222, 'Export piste audit'),
(223, 'Configuration notifications'),
(224, 'Test fonctionnalités'),
(225, 'Monitoring système'),
(226, 'Ajout promotion'),
(227, 'Modification promotion'),
(228, 'Suppression promotion'),
(229, 'Consultation promotion'),
(230, 'Ajout niveau étude'),
(231, 'Modification niveau étude'),
(232, 'Suppression niveau étude'),
(233, 'Configuration semestres'),
(234, 'Modification semestres'),
(235, 'Export structure pédagogique'),
(236, 'Création année académique'),
(237, 'Modification année académique'),
(238, 'Clôture année académique'),
(239, 'Activation année académique'),
(240, 'Consultation année académique'),
(241, 'Configuration tarifs année'),
(242, 'Export données année'),
(243, 'Archivage année académique'),
(244, 'Statistiques année académique'),
(245, 'Transition nouvelle année'),
(246, 'Envoi notification système'),
(247, 'Envoi email automatique'),
(248, 'Envoi SMS notification'),
(249, 'Publication annonce'),
(250, 'Modification annonce'),
(251, 'Suppression annonce'),
(252, 'Envoi rappel deadline'),
(253, 'Notification urgente'),
(254, 'Diffusion information'),
(255, 'Gestion alertes système'),
(256, 'Maintenance table action'),
(257, 'Consultation aide système'),
(258, 'Export manuel données'),
(259, 'Import manuel données'),
(260, 'Test intégrité données'),
(300, 'Accès tableau de bord'),
(301, 'Accès gestion ressources humaines'),
(302, 'Accès évaluations étudiants'),
(303, 'Accès analyse rapports étudiants'),
(304, 'Accès processus validation'),
(305, 'Accès consultation documents étudiants'),
(306, 'Accès archivage documents'),
(307, 'Accès mes archives'),
(308, 'Accès planification réunions'),
(309, 'Accès messagerie'),
(310, 'Accès piste audit'),
(311, 'Accès paramètres système'),
(312, 'Accès paramètres généraux'),
(313, 'Accès gestion étudiants'),
(314, 'Accès inscriptions étudiants'),
(315, 'Accès suivi décisions'),
(316, 'Accès comptes rendus'),
(317, 'Accès candidature soutenance'),
(318, 'Accès gestion rapports mémoires'),
(319, 'Accès réclamations étudiants'),
(320, 'Accès profils informations'),
(321, 'Accès sauvegardes restaurations'),
(322, 'Accès traitement demandes soutenance'),
(323, 'Accès boîte messagerie'),
(324, 'Accès gestion réclamations'),
(400, 'Accès liste enseignants'),
(401, 'Accès ajout enseignant'),
(402, 'Accès modification enseignant'),
(403, 'Accès liste personnel administratif'),
(404, 'Accès ajout personnel administratif'),
(405, 'Accès modification personnel administratif'),
(406, 'Accès attribution grades'),
(407, 'Accès attribution fonctions'),
(408, 'Accès attribution spécialités'),
(410, 'Accès liste étudiants'),
(411, 'Accès ajout étudiant'),
(412, 'Accès modification étudiant'),
(413, 'Accès validation éligibilité'),
(414, 'Accès historique étudiant'),
(415, 'Accès promotion étudiants'),
(420, 'Accès saisie notes UE'),
(421, 'Accès saisie notes ECUE'),
(422, 'Accès consultation notes'),
(423, 'Accès relevés notes'),
(424, 'Accès bulletins'),
(425, 'Accès moyennes générales'),
(430, 'Accès liste UE'),
(431, 'Accès ajout UE'),
(432, 'Accès modification UE'),
(433, 'Accès liste ECUE'),
(434, 'Accès ajout ECUE'),
(435, 'Accès modification ECUE'),
(436, 'Accès niveaux étude'),
(437, 'Accès semestres'),
(438, 'Accès promotions'),
(439, 'Accès années académiques'),
(440, 'Accès spécialités'),
(441, 'Accès grades'),
(442, 'Accès fonctions'),
(450, 'Accès liste rapports'),
(451, 'Accès dépôt rapport'),
(452, 'Accès modification rapport'),
(453, 'Accès validation rapports'),
(454, 'Accès approbation rapports'),
(455, 'Accès partage rapports'),
(456, 'Accès historique rapports'),
(460, 'Accès liste réunions'),
(461, 'Accès programmation réunion'),
(462, 'Accès modification réunion'),
(463, 'Accès participants réunions'),
(464, 'Accès documents réunions'),
(465, 'Accès comptes rendus réunions'),
(470, 'Accès boîte réception'),
(471, 'Accès envoi messages'),
(472, 'Accès messages envoyés'),
(473, 'Accès brouillons'),
(474, 'Accès messages archivés'),
(475, 'Accès notifications'),
(480, 'Accès gestion règlements'),
(481, 'Accès enregistrement paiements'),
(482, 'Accès historique paiements'),
(483, 'Accès génération reçus'),
(484, 'Accès états financiers'),
(485, 'Accès configuration tarifs'),
(490, 'Accès gestion stages'),
(491, 'Accès gestion entreprises'),
(492, 'Accès suivi stages'),
(493, 'Accès conventions stages'),
(500, 'Accès liste demandes soutenance'),
(501, 'Accès traitement demandes'),
(502, 'Accès validation demandes'),
(503, 'Accès planification soutenances'),
(510, 'Accès liste réclamations'),
(511, 'Accès traitement réclamations'),
(512, 'Accès suivi réclamations'),
(513, 'Accès réponses réclamations'),
(520, 'Accès archivage rapports'),
(521, 'Accès archivage comptes rendus'),
(522, 'Accès consultation archives'),
(523, 'Accès restauration archives'),
(524, 'Accès gestion archives'),
(530, 'Accès sauvegardes base'),
(531, 'Accès restaurations base'),
(532, 'Accès logs système'),
(533, 'Accès configuration système'),
(534, 'Accès gestion utilisateurs'),
(535, 'Accès gestion permissions'),
(536, 'Accès piste audit'),
(537, 'Accès monitoring système'),
(538, 'Accès maintenance système'),
(540, 'Accès statistiques étudiants'),
(541, 'Accès statistiques enseignants'),
(542, 'Accès statistiques financières'),
(543, 'Accès rapports activité'),
(544, 'Accès tableaux bord'),
(545, 'Accès analytics'),
(550, 'Accès paramètres généraux'),
(551, 'Accès configuration emails'),
(552, 'Accès configuration notifications'),
(553, 'Accès configuration modules'),
(554, 'Accès personnalisation interface'),
(600, 'Navigation menu principal'),
(601, 'Navigation sous-menu'),
(602, 'Retour page précédente'),
(603, 'Accès page aide'),
(604, 'Accès documentation'),
(605, 'Accès support technique'),
(606, 'Changement langue interface'),
(607, 'Changement thème interface'),
(700, 'Recherche globale'),
(701, 'Recherche étudiants'),
(702, 'Recherche enseignants'),
(703, 'Recherche rapports'),
(704, 'Recherche messages'),
(705, 'Filtrage par date'),
(706, 'Filtrage par statut'),
(707, 'Filtrage par type'),
(708, 'Export résultats recherche'),
(800, 'Consultation rapide profil'),
(801, 'Consultation rapide notes'),
(802, 'Consultation rapide planning'),
(803, 'Consultation rapide notifications'),
(804, 'Aperçu document'),
(805, 'Prévisualisation rapport'),
(806, 'Consultation historique connexions'),
(900, 'Sauvegarde session'),
(901, 'Restauration session'),
(902, 'Timeout session'),
(903, 'Extension session'),
(904, 'Nettoyage cache'),
(905, 'Actualisation données'),
(906, 'Synchronisation données'),
(1000, 'Tentative accès non autorisé'),
(1001, 'Accès avec permissions insuffisantes'),
(1002, 'Détection activité suspecte'),
(1003, 'Blocage temporaire compte'),
(1004, 'Déblocage compte'),
(1005, 'Changement niveau sécurité'),
(1006, 'Audit sécurité'),
(1007, 'Vérification intégrité'),
(1008, 'Scan vulnérabilités'),
(1009, 'Mise à jour sécurité'),
(1010, 'Modification frais inscription - échec (doublon)'),
(1011, 'Modification frais inscription - aucune modification'),
(1012, 'Modification frais inscription - niveau inexistant'),
(1013, 'Modification frais inscription - erreur DB'),
(1014, 'Modification frais inscription - données invalides'),
(1015, 'Modification frais inscription'),
(1016, 'Ajout action'),
(1017, 'Ajout entreprise'),
(1018, 'Ajout année académique'),
(1019, 'Ajout ECUE'),
(1020, 'Ajout UE'),
(1021, 'Ajout utilisateur'),
(1022, 'Ajout type utilisateur'),
(1023, 'Ajout groupe utilisateur'),
(1024, 'Ajout fonction'),
(1025, 'Ajout grade'),
(1026, 'Ajout spécialité'),
(1027, 'Ajout niveau accès'),
(1028, 'Ajout niveau approbation'),
(1029, 'Ajout niveau étude'),
(1030, 'Ajout statut jury'),
(1031, 'Ajout traitement'),
(1032, 'Modification frais inscription'),
(1033, 'Ajout frais inscription'),
(1034, 'Ajout responsable compte rendu'),
(1035, 'Ajout semestre'),
(1036, 'Ajout promotion'),
(1037, 'Rejet rapport par administration');

-- --------------------------------------------------------

--
-- Structure de la table `affecter`
--

DROP TABLE IF EXISTS `affecter`;
CREATE TABLE IF NOT EXISTS `affecter` (
  `id_ens` int NOT NULL,
  `id_rapport` int NOT NULL,
  `id_jury` int NOT NULL,
  PRIMARY KEY (`id_ens`,`id_rapport`,`id_jury`),
  KEY `id_rapport` (`id_rapport`),
  KEY `id_jury` (`id_jury`)
) ENGINE=MyISAM DEFAULT CHARSET=utf8mb4 COLLATE=utf8mb4_0900_ai_ci;

-- --------------------------------------------------------

--
-- Structure de la table `annee_academique`
--

DROP TABLE IF EXISTS `annee_academique`;
CREATE TABLE IF NOT EXISTS `annee_academique` (
  `id_ac` int NOT NULL AUTO_INCREMENT,
  `date_debut` date DEFAULT NULL,
  `date_fin` date DEFAULT NULL,
  `statut_annee` enum('En cours','Terminée') NOT NULL,
  PRIMARY KEY (`id_ac`)
) ENGINE=InnoDB AUTO_INCREMENT=2626 DEFAULT CHARSET=utf8mb4 COLLATE=utf8mb4_0900_ai_ci;

--
-- Déchargement des données de la table `annee_academique`
--

INSERT INTO `annee_academique` (`id_ac`, `date_debut`, `date_fin`, `statut_annee`) VALUES
(2524, '2024-02-08', '2025-05-11', 'En cours'),
(2625, '2025-05-23', '2026-11-22', 'Terminée');

-- --------------------------------------------------------

--
-- Structure de la table `approuver`
--

DROP TABLE IF EXISTS `approuver`;
CREATE TABLE IF NOT EXISTS `approuver` (
  `id_personnel_adm` int NOT NULL,
  `id_rapport_etd` int NOT NULL,
  `date_approbation` date DEFAULT NULL,
  `com_appr` text,
  PRIMARY KEY (`id_personnel_adm`,`id_rapport_etd`),
  KEY `id_rapport_etd` (`id_rapport_etd`)
) ENGINE=InnoDB DEFAULT CHARSET=utf8mb4 COLLATE=utf8mb4_0900_ai_ci;

-- --------------------------------------------------------

--
-- Structure de la table `archives`
--

DROP TABLE IF EXISTS `archives`;
CREATE TABLE IF NOT EXISTS `archives` (
  `id_archives` int NOT NULL AUTO_INCREMENT,
  `id_rapport_etd` int DEFAULT NULL,
  `id_cr` int DEFAULT NULL,
  `date_archivage` timestamp NULL DEFAULT CURRENT_TIMESTAMP,
  `id_utilisateur` int NOT NULL,
  `id_ac` varchar(10) NOT NULL,
  `fichier_archive` varchar(500) DEFAULT NULL,
  PRIMARY KEY (`id_archives`),
  KEY `fk_archives_rapport` (`id_rapport_etd`),
  KEY `fk_archives_compte_rendu` (`id_cr`),
  KEY `fk_archives_utilisateur` (`id_utilisateur`)
) ENGINE=InnoDB AUTO_INCREMENT=28 DEFAULT CHARSET=utf8mb4 COLLATE=utf8mb4_0900_ai_ci;

-- --------------------------------------------------------

--
-- Structure de la table `avoir`
--

DROP TABLE IF EXISTS `avoir`;
CREATE TABLE IF NOT EXISTS `avoir` (
  `id_grd` int NOT NULL,
  `id_ens` int NOT NULL,
  `date_grd` date DEFAULT NULL,
  PRIMARY KEY (`id_grd`,`id_ens`),
  KEY `id_ens` (`id_ens`)
) ENGINE=MyISAM DEFAULT CHARSET=utf8mb4 COLLATE=utf8mb4_0900_ai_ci;

--
-- Déchargement des données de la table `avoir`
--

INSERT INTO `avoir` (`id_grd`, `id_ens`, `date_grd`) VALUES
(1, 1, '2025-05-20'),
(1, 2, '2025-05-19'),
(1, 3, '2025-05-19'),
(1, 4, '2023-01-01'),
(1, 5, '2023-01-01'),
(1, 6, '2023-01-01'),
(1, 7, '2023-01-01'),
(1, 8, '2023-01-01'),
(1, 9, '2023-01-01'),
(1, 10, '2023-01-01'),
(2, 20, '2025-07-06'),
(3, 13, '2025-05-31'),
(3, 14, '2025-05-31'),
(3, 15, '2025-05-31'),
(3, 16, '2025-05-31'),
(1, 21, '2025-06-11'),
(3, 22, '2025-06-01'),
(2, 25, '2025-07-03');

-- --------------------------------------------------------

--
-- Structure de la table `chat_commission`
--

DROP TABLE IF EXISTS `chat_commission`;
CREATE TABLE IF NOT EXISTS `chat_commission` (
  `id_chat` int NOT NULL AUTO_INCREMENT,
  `id_ens` int NOT NULL,
  `id_rapport_etd` int NOT NULL,
  `id_message` int NOT NULL,
  `date_creation` timestamp NULL DEFAULT CURRENT_TIMESTAMP,
  PRIMARY KEY (`id_chat`),
  UNIQUE KEY `id_message` (`id_message`),
  KEY `id_ens` (`id_ens`),
  KEY `idx_rapport` (`id_rapport_etd`)
) ENGINE=MyISAM AUTO_INCREMENT=23 DEFAULT CHARSET=utf8mb4 COLLATE=utf8mb4_0900_ai_ci;

--
-- Déchargement des données de la table `chat_commission`
--

INSERT INTO `chat_commission` (`id_chat`, `id_ens`, `id_rapport_etd`, `id_message`, `date_creation`) VALUES
(1, 3, 49, 1, '2025-05-25 23:26:24'),
(2, 1, 49, 2, '2025-05-25 23:26:42'),
(3, 2, 49, 3, '2025-05-25 23:27:03'),
(4, 3, 49, 4, '2025-05-25 23:28:18'),
(5, 2, 49, 5, '2025-05-25 23:28:45'),
(6, 1, 49, 6, '2025-05-25 23:29:43'),
(7, 1, 49, 7, '2025-05-25 23:30:47'),
(8, 2, 49, 8, '2025-05-25 23:32:42'),
(9, 1, 49, 9, '2025-05-25 23:32:51'),
(10, 1, 49, 10, '2025-05-25 23:33:08'),
(11, 2, 49, 11, '2025-05-25 23:33:16'),
(12, 1, 49, 12, '2025-05-25 23:33:28'),
(13, 1, 49, 13, '2025-05-25 23:33:45'),
(14, 2, 49, 14, '2025-05-25 23:34:21'),
(15, 1, 49, 15, '2025-05-25 23:34:46'),
(16, 1, 50, 43, '2025-06-08 14:45:14'),
(17, 2, 50, 44, '2025-06-08 14:46:07'),
(18, 3, 50, 45, '2025-06-08 14:46:51'),
(19, 4, 50, 46, '2025-06-08 14:47:50'),
(20, 1, 50, 95, '2025-07-01 14:49:37');

-- --------------------------------------------------------

--
-- Structure de la table `compte_rendu`
--

DROP TABLE IF EXISTS `compte_rendu`;
CREATE TABLE IF NOT EXISTS `compte_rendu` (
  `id_cr` int NOT NULL AUTO_INCREMENT,
  `id_rapport_etd` int NOT NULL,
  `nom_cr` varchar(100) DEFAULT NULL,
  `date_cr` date DEFAULT NULL,
  `fichier_cr` varchar(255) NOT NULL,
  PRIMARY KEY (`id_cr`),
  KEY `fk_cr_rapport_etd` (`id_rapport_etd`)
) ENGINE=InnoDB AUTO_INCREMENT=15 DEFAULT CHARSET=utf8mb4 COLLATE=utf8mb4_0900_ai_ci;

-- --------------------------------------------------------

--
-- Structure de la table `demande_soutenance`
--

DROP TABLE IF EXISTS `demande_soutenance`;
CREATE TABLE IF NOT EXISTS `demande_soutenance` (
  `id_demande` int NOT NULL AUTO_INCREMENT,
  `num_etd` int NOT NULL,
  `date_demande` datetime DEFAULT CURRENT_TIMESTAMP,
  `date_traitement` datetime DEFAULT NULL,
  `statut_demande` enum('En attente','Traitée') CHARACTER SET utf8mb4 COLLATE utf8mb4_0900_ai_ci NOT NULL DEFAULT 'En attente',
  PRIMARY KEY (`id_demande`),
  KEY `num_etd` (`num_etd`)
) ENGINE=MyISAM AUTO_INCREMENT=33 DEFAULT CHARSET=utf8mb4 COLLATE=utf8mb4_0900_ai_ci;

--
-- Déchargement des données de la table `demande_soutenance`
--

INSERT INTO `demande_soutenance` (`id_demande`, `num_etd`, `date_demande`, `date_traitement`, `statut_demande`) VALUES
(30, 2, '2025-06-25 00:00:00', '2025-06-25 23:09:38', 'Traitée'),
(29, 1, '2025-06-08 00:00:00', '2025-06-08 14:35:46', 'Traitée');

-- --------------------------------------------------------

--
-- Structure de la table `deposer`
--

DROP TABLE IF EXISTS `deposer`;
CREATE TABLE IF NOT EXISTS `deposer` (
  `num_etd` int NOT NULL,
  `id_rapport_etd` int NOT NULL,
  `date_depot` date DEFAULT NULL,
  PRIMARY KEY (`num_etd`,`id_rapport_etd`),
  KEY `id_rapport_etd` (`id_rapport_etd`)
) ENGINE=MyISAM DEFAULT CHARSET=utf8mb4 COLLATE=utf8mb4_0900_ai_ci;

--
-- Déchargement des données de la table `deposer`
--

INSERT INTO `deposer` (`num_etd`, `id_rapport_etd`, `date_depot`) VALUES
(2, 51, '2025-06-25'),
(1, 50, '2025-06-24');

-- --------------------------------------------------------

--
-- Structure de la table `documents`
--

DROP TABLE IF EXISTS `documents`;
CREATE TABLE IF NOT EXISTS `documents` (
  `id` int NOT NULL AUTO_INCREMENT,
  `reunion_id` int NOT NULL,
  `nom_fichier` varchar(255) NOT NULL,
  `chemin_fichier` varchar(255) NOT NULL,
  `type_fichier` varchar(50) DEFAULT NULL,
  `taille_fichier` int DEFAULT NULL,
  `telecharger_par` int NOT NULL,
  `date_creation` timestamp NULL DEFAULT CURRENT_TIMESTAMP,
  PRIMARY KEY (`id`),
  KEY `reunion_id` (`reunion_id`),
  KEY `documents_ibfk_2` (`telecharger_par`)
) ENGINE=InnoDB AUTO_INCREMENT=3 DEFAULT CHARSET=utf8mb4 COLLATE=utf8mb4_0900_ai_ci;

--
-- Déchargement des données de la table `documents`
--

INSERT INTO `documents` (`id`, `reunion_id`, `nom_fichier`, `chemin_fichier`, `type_fichier`, `taille_fichier`, `telecharger_par`, `date_creation`) VALUES
(1, 16, 'KONAN_Jean Christ_2025-07-01.pdf', 'uploads/reunions_docs/doc_686495d285591.pdf', 'application/pdf', 2004324, 4, '2025-07-02 02:13:38'),
(2, 20, 'KONAN_Jean Christ_2025-07-01 (2).pdf', 'uploads/reunions_docs/doc_68649827f13ce.pdf', 'application/pdf', 2004324, 1, '2025-07-02 02:23:35');

-- --------------------------------------------------------

--
-- Structure de la table `ecue`
--

DROP TABLE IF EXISTS `ecue`;
CREATE TABLE IF NOT EXISTS `ecue` (
  `id_ecue` int NOT NULL AUTO_INCREMENT,
  `lib_ecue` varchar(100) DEFAULT NULL,
  `credit_ecue` int DEFAULT NULL,
  `volume_horaire` int NOT NULL,
  `id_ue` int DEFAULT NULL,
  `id_ens` int NOT NULL,
  PRIMARY KEY (`id_ecue`),
  KEY `id_ue` (`id_ue`),
  KEY `fk_ens_ecue` (`id_ens`)
) ENGINE=MyISAM AUTO_INCREMENT=1152 DEFAULT CHARSET=utf8mb4 COLLATE=utf8mb4_0900_ai_ci;

--
-- Déchargement des données de la table `ecue`
--

INSERT INTO `ecue` (`id_ecue`, `lib_ecue`, `credit_ecue`, `volume_horaire`, `id_ue`, `id_ens`) VALUES
(1105, 'Suites et fonctions', 3, 30, 1104, 0),
(1106, 'Calcul intégral', 2, 20, 1104, 0),
(1107, 'Élements de logique', 2, 20, 1105, 0),
(1108, 'Structures algébriques', 3, 30, 1105, 0),
(1109, 'Économie1', 3, 30, 1107, 0),
(1110, 'Économie2', 2, 20, 1107, 0),
(1111, 'Géométrie', 1, 10, 1201, 0),
(1112, 'Calcul matriciel', 2, 20, 1201, 0),
(1113, 'Espaces vectoriels', 3, 30, 1201, 0),
(1114, 'Probabilités 1', 2, 20, 1202, 0),
(1115, 'Statistique 1 ', 2, 20, 1202, 0),
(1116, 'Algorithmique', 3, 30, 1204, 0),
(1117, 'Programmation Java', 2, 20, 1204, 0),
(1118, 'Méthodologie de travail', 1, 10, 1206, 0),
(1119, 'Technique d\'expression', 1, 10, 1206, 0),
(1120, 'Analyse 2', 3, 30, 2307, 0),
(1121, 'Algèbre', 3, 30, 2307, 0),
(1122, 'Probabilités 2', 2, 20, 2303, 0),
(1123, 'Statistique 2', 2, 20, 2303, 0),
(1124, 'Modèle comptable', 2, 20, 2305, 0),
(1125, 'Opérations comptables', 2, 20, 2305, 0),
(1126, 'Opérations d\'inventaires', 2, 20, 2305, 0),
(1127, 'Arithmétique', 2, 20, 2401, 7),
(1128, 'Base de données relationnelles', 3, 20, 2402, 0),
(1130, 'Base de données et applications', 3, 30, 2402, 0),
(1131, 'Initiation au langage SCALA', 2, 20, 2404, 0),
(1132, 'Atelier de génie logiciel', 4, 40, 2404, 0),
(1133, 'Programmation VBA', 2, 20, 2405, 0),
(1134, 'Programmation C#', 2, 20, 2405, 0),
(1135, 'Application à la cryptographie', 2, 20, 2407, 0),
(1136, 'Fondamentaux de la POO', 3, 30, 2301, 0),
(1137, 'POO en Java', 3, 30, 2301, 0),
(1138, 'Fondamentaux des systèmes d\'exploitations', 2, 20, 3502, 0),
(1139, 'UNIX et langage C', 4, 40, 3502, 0),
(1140, 'Algo avancé et Java', 5, 50, 3504, 0),
(1141, 'Suivi des performances', 2, 20, 3508, 0),
(1142, 'Coûts complets et coûts partiels', 2, 20, 3508, 0),
(1143, 'Fondamentaux des réseaux', 3, 30, 3604, 0),
(1144, 'Internet/Intranet', 2, 20, 3604, 0),
(1145, 'ISI', 2, 20, 1701, 0),
(1146, 'UML', 3, 30, 3609, 0),
(1147, 'Files d\'attente et gestion de stock', 3, 30, 1702, 0),
(1149, 'Régression linéaire	', 1, 10, 1702, 0);

-- --------------------------------------------------------

--
-- Structure de la table `enseignants`
--

DROP TABLE IF EXISTS `enseignants`;
CREATE TABLE IF NOT EXISTS `enseignants` (
  `id_ens` int NOT NULL AUTO_INCREMENT,
  `nom_ens` varchar(50) DEFAULT NULL,
  `prenoms_ens` varchar(50) DEFAULT NULL,
  `email_ens` varchar(100) DEFAULT NULL,
  `date_entree_fonction` date DEFAULT NULL,
  `num_tel_ens` varchar(20) CHARACTER SET utf8mb4 COLLATE utf8mb4_0900_ai_ci DEFAULT NULL,
  `date_naissance_ens` date DEFAULT NULL,
  `sexe_ens` enum('Homme','Femme') NOT NULL,
  `photo_ens` varchar(255) CHARACTER SET utf8mb4 COLLATE utf8mb4_0900_ai_ci DEFAULT NULL,
  `mdp_ens` varchar(255) DEFAULT NULL,
  PRIMARY KEY (`id_ens`)
) ENGINE=MyISAM AUTO_INCREMENT=26 DEFAULT CHARSET=utf8mb4 COLLATE=utf8mb4_0900_ai_ci;

--
-- Déchargement des données de la table `enseignants`
--

INSERT INTO `enseignants` (`id_ens`, `nom_ens`, `prenoms_ens`, `email_ens`, `date_entree_fonction`, `num_tel_ens`, `date_naissance_ens`, `sexe_ens`, `photo_ens`, `mdp_ens`) VALUES
(1, 'KOUA', 'Brou', 'kouaB@univ.edu', NULL, '0554126358', '2025-05-15', 'Homme', '684e2ef1bfb71_pdp.jpg', '7ef21598d64e4d4eabed6e9ff00f9b9b3e14464799b16279f5ecc16b7475bc97'),
(2, 'BROU', 'Patrice', 'brouP@univ.edu', NULL, '', '0000-00-00', 'Homme', 'default_profile.jpg', '4854286bb514f68044481d57dba9a2e566b79b4b6317f68c2e97b55197242800'),
(3, 'WAH', 'Médard', 'wahM@univ.edu', NULL, '', '0000-00-00', 'Homme', 'default_profile.jpg', 'd1ca26082383037ae8cd65eb6f56fbdd1dcb6c8b48e47bc937d2e26047c0c5ab'),
(4, 'DIARRA', 'Mamadou', 'diarraM@univ.edu', NULL, '', '0000-00-00', 'Homme', '6844f38768faa_BIO FERME ADIAKE.png', '83a4c6a74878358f75790333520b3f5463fb82e7d2e8e078a7bccac7c028493a'),
(5, 'CODJIA', 'Adolphe', 'codjiaA@univ.edu', NULL, '', '0000-00-00', 'Homme', 'default_profile.jpg', '8610662eb326ba1125029b5fc34d50d1f0f6cf737ffe7edbed7ce003f8e43bf8'),
(6, 'IDA', 'Brou', 'idaB@univ.edu', NULL, '', '0000-00-00', 'Homme', '6844f38768faa_BIO FERME ADIAKE.png', 'acec2454b5dcc5d741b13d5e703f252306663f107ba6e8ec3ceba3fa2d48e6b4'),
(7, 'KOUAKOU', 'Mathias', 'kouakouM@univ.edu', NULL, '', '0000-00-00', 'Homme', 'default_profile.jpg', '44abaac58f10d40e2c71635ff22b2b9d0f022705194bc6f15ea1ffa3f5a95b87'),
(8, 'KOUAKOU', 'Florent', 'kouakouF@univ.edu', NULL, '', '0000-00-00', 'Homme', 'default_profile.jpg', '95d0c9dbe9524157bb22eded258711ff6e2a27c835a8717b263d9809a9ba2ed4'),
(9, 'BAILLY', 'Balé', 'baillyB@univ.edu', NULL, '', '0000-00-00', 'Homme', 'default_profile.jpg', 'd63539ffceb1864f36ac2104f8b92b9cb878c52eefd2f7019bdee0e0e9e70f41'),
(10, 'BAKAYOKO', 'Ibrahima', 'bakayokoI@univ.edu', NULL, '', '0000-00-00', 'Homme', 'default_profile.jpg', '3409e586c8fc3b086f9432a784058123b77b65b5579bcc3f7f217fd5756734e5'),
(22, 'Konaté', 'NGOLO', 'konateN@univ.edu', '2025-06-10', NULL, NULL, 'Homme', 'default_profile.jpg', NULL),
(21, 'YOLI BI', 'Martin', 'yoliM@gmail.com', '2025-06-11', NULL, NULL, 'Homme', 'default_profile.jpg', NULL),
(20, 'YOLI BI', 'Ibrahim', 'yoliB@univ.ci', '2025-07-06', NULL, NULL, 'Homme', 'default_profile.jpg', NULL),
(25, 'CISSE', 'Cedric', 'cissedric@gmail.com', '2025-07-03', NULL, NULL, 'Homme', 'default_profile.jpg', NULL);

-- --------------------------------------------------------

--
-- Structure de la table `enseignant_specialite`
--

DROP TABLE IF EXISTS `enseignant_specialite`;
CREATE TABLE IF NOT EXISTS `enseignant_specialite` (
  `id_ens` int NOT NULL,
  `id_spe` int NOT NULL,
  PRIMARY KEY (`id_ens`,`id_spe`),
  KEY `id_spe` (`id_spe`)
) ENGINE=InnoDB DEFAULT CHARSET=utf8mb4 COLLATE=utf8mb4_0900_ai_ci;

--
-- Déchargement des données de la table `enseignant_specialite`
--

INSERT INTO `enseignant_specialite` (`id_ens`, `id_spe`) VALUES
(25, 1),
(2, 2),
(7, 2),
(1, 3),
(3, 3),
(6, 3),
(10, 3),
(21, 3),
(9, 4),
(20, 4),
(22, 4),
(4, 5),
(16, 5),
(5, 7),
(8, 8);

-- --------------------------------------------------------

--
-- Structure de la table `entreprise`
--

DROP TABLE IF EXISTS `entreprise`;
CREATE TABLE IF NOT EXISTS `entreprise` (
  `id_entr` int NOT NULL AUTO_INCREMENT,
  `lib_entr` varchar(255) DEFAULT NULL,
  `adresse` varchar(500) DEFAULT NULL,
  `ville` varchar(100) DEFAULT NULL,
  `pays` varchar(100) DEFAULT NULL,
  `telephone` varchar(20) DEFAULT NULL,
  `email` varchar(255) DEFAULT NULL,
  PRIMARY KEY (`id_entr`)
) ENGINE=InnoDB AUTO_INCREMENT=23 DEFAULT CHARSET=utf8mb4 COLLATE=utf8mb4_0900_ai_ci;

--
-- Déchargement des données de la table `entreprise`
--

INSERT INTO `entreprise` (`id_entr`, `lib_entr`, `adresse`, `ville`, `pays`, `telephone`, `email`) VALUES
(22, 'DATA354', 'Genie 2000 - faya', 'Abidjan', 'Côte d’Ivoire', '0707019478', 'data354@mail.com');

-- --------------------------------------------------------

--
-- Structure de la table `etudiants`
--

DROP TABLE IF EXISTS `etudiants`;
CREATE TABLE IF NOT EXISTS `etudiants` (
  `num_etd` int NOT NULL AUTO_INCREMENT,
  `nom_etd` varchar(100) DEFAULT NULL,
  `num_carte_etd` varchar(30) DEFAULT NULL,
  `prenom_etd` varchar(100) DEFAULT NULL,
  `date_naissance_etd` date DEFAULT NULL,
  `email_etd` varchar(255) DEFAULT NULL,
  `mdp_etd` varchar(255) DEFAULT NULL,
  `statut_eligibilite` enum('En attente de confirmation','Éligible','Non éligible') CHARACTER SET utf8mb4 COLLATE utf8mb4_0900_ai_ci NOT NULL DEFAULT 'En attente de confirmation',
  `id_promotion` int NOT NULL,
  `sexe_etd` enum('Homme','Femme') NOT NULL,
  `num_tel_etd` varchar(20) NOT NULL,
  `adresse_etd` varchar(120) NOT NULL,
  `ville_etd` varchar(50) NOT NULL,
  `pays_etd` varchar(30) NOT NULL,
  `photo_etd` varchar(255) NOT NULL,
  `id_niv_etd` int DEFAULT NULL,
  PRIMARY KEY (`num_etd`),
  KEY `fk_etudiants_niveau_etude` (`id_niv_etd`),
  KEY `fk_promotion_etd` (`id_promotion`)
) ENGINE=InnoDB AUTO_INCREMENT=574 DEFAULT CHARSET=utf8mb4 COLLATE=utf8mb4_0900_ai_ci;

--
-- Déchargement des données de la table `etudiants`
--

INSERT INTO `etudiants` (`num_etd`, `nom_etd`, `num_carte_etd`, `prenom_etd`, `date_naissance_etd`, `email_etd`, `mdp_etd`, `statut_eligibilite`, `id_promotion`, `sexe_etd`, `num_tel_etd`, `adresse_etd`, `ville_etd`, `pays_etd`, `photo_etd`, `id_niv_etd`) VALUES
(1, 'GOMEZ', 'ETD2025001', 'Ange Axel', '2000-05-15', 'axelangegomez@gmail.com', 'b30fd6658bf116e99f4be6c88a21dfe8797fca5cd17ac5fb1fda8d140d3ca387', 'En attente de confirmation', 17, 'Homme', '+225 0707019478', 'genie 2000', 'Abidjan', 'Côte d\'ivoire', 'photo_6856cda032bee.jpg', 2),
(2, 'KROUMA', 'ETD2025002', 'Franck Adams', '2005-11-22', 'francky@etu.univ.edu', 'adb029bcca098ad49fb407588213f334f63ba6447fcb3890b6ff4b865c9904ee', 'En attente de confirmation', 19, 'Homme', '0185978541', 'Yopougon', 'Abidjan', 'Côte d’Ivoire', 'photo_68502d7f3054b.jpg', 5),
(3, 'AMANI', 'ETD2025003', 'Yves', '2001-03-08', 'yvesA@etu.univ.edu', 'f65ff48872eaae1ebbe688036fe211cfac21bee110f01612f6dee77f19514717', 'En attente de confirmation', 19, 'Homme', '', '', '', '', 'default_profile.jpg', 3),
(4, 'YAO', 'ETD2025004', 'Ama Marie-grâce', '2004-01-12', 'yaoAy@etu.univ.edu', '2d4a54cdf420b77f0ae9e02f37c4b9b018d6f9a84bf7c14c93bd3f8c3a0bfe6e', 'En attente de confirmation', 1, 'Femme', '', '', '', '', 'default_profile.jpg', 5),
(18, 'Gomez', 'ETD2025005', 'Angeaxel', '2025-08-01', 'axelangegomez2004@gmail.com', NULL, 'En attente de confirmation', 14, 'Homme', '', '', '', '', 'default_profile.jpg', 5),
(19, 'Brou', 'ETD2025006', 'Kouamé Wa Ambroise', NULL, 'kouamé.wa.ambroise.brou@checkM.edu.ci', NULL, 'En attente de confirmation', 1, 'Homme', '', '', '', '', 'default_profile.jpg', 5),
(20, 'Coulibaly', 'ETD2025007', 'Pécory Ismaèl', NULL, 'pécory.ismaèl.coulibaly@checkM.edu.ci', NULL, 'En attente de confirmation', 1, 'Homme', '', '', '', '', 'default_profile.jpg', 5),
(21, 'Diomandé', 'ETD2025008', 'Gondo Patrick', NULL, 'gondo.patrick.diomandé@checkM.edu.ci', NULL, 'En attente de confirmation', 1, 'Homme', '', '', '', '', 'default_profile.jpg', 5),
(22, 'Ekponou', 'ETD2025009', 'Georges', NULL, 'georges.ekponou@checkM.edu.ci', NULL, 'En attente de confirmation', 1, 'Homme', '', '', '', '', 'default_profile.jpg', 5),
(23, 'Gnaman', 'ETD2025010', 'Arthur Berenger', NULL, 'arthur.berenger.gnaman@checkM.edu.ci', NULL, 'En attente de confirmation', 1, 'Homme', '', '', '', '', 'default_profile.jpg', 5),
(24, 'Guiégui', 'ETD2025011', 'Arnaud Kévin Boris', NULL, 'arnaud.kévin.boris.guiégui@checkM.edu.ci', NULL, 'En attente de confirmation', 1, 'Homme', '', '', '', '', 'default_profile.jpg', 5),
(25, 'kacou', 'ETD2025012', 'Allou Yves-Roland', NULL, 'allou.yves-roland.kacou@checkM.edu.ci', NULL, 'En attente de confirmation', 1, 'Homme', '', '', '', '', 'default_profile.jpg', 5),
(26, 'Kadio', 'ETD2025013', 'Paule Elodie', NULL, 'paule.elodie.kadio@checkM.edu.ci', NULL, 'En attente de confirmation', 1, 'Homme', '', '', '', '', 'default_profile.jpg', 5),
(27, 'Kéi', 'ETD2025014', 'Ninsémon Hervé', NULL, 'ninsémon.hervé.kéi@checkM.edu.ci', NULL, 'En attente de confirmation', 1, 'Homme', '', '', '', '', 'default_profile.jpg', 5),
(28, 'Kinimo', 'ETD2025015', 'habia Elvire', NULL, 'habia.elvire.kinimo@checkM.edu.ci', NULL, 'En attente de confirmation', 1, 'Homme', '', '', '', '', 'default_profile.jpg', 5),
(29, 'Kouadio', 'ETD2025016', 'Donald', NULL, 'donald.kouadio@checkM.edu.ci', NULL, 'En attente de confirmation', 1, 'Homme', '', '', '', '', 'default_profile.jpg', 5),
(30, 'Kouadio', 'ETD2025017', 'Sékédoua Jules', NULL, 'sékédoua.jules.kouadio@checkM.edu.ci', NULL, 'En attente de confirmation', 1, 'Homme', '', '', '', '', 'default_profile.jpg', 5),
(31, 'Mambo', 'ETD2025018', 'Katty Tatiana', NULL, 'katty.tatiana.mambo@checkM.edu.ci', NULL, 'En attente de confirmation', 1, 'Homme', '', '', '', '', 'default_profile.jpg', 5),
(32, 'Mukenge', 'ETD2025019', 'Kalenga', NULL, 'kalenga.mukenge@checkM.edu.ci', NULL, 'En attente de confirmation', 1, 'Homme', '', '', '', '', 'default_profile.jpg', 5),
(33, 'N\'guessan', 'ETD2025020', 'Constant', NULL, 'constant.nguessan@checkM.edu.ci', NULL, 'En attente de confirmation', 1, 'Homme', '', '', '', '', 'default_profile.jpg', 5),
(34, 'Niamien', 'ETD2025021', 'Casimir', NULL, 'casimir.niamien@checkM.edu.ci', NULL, 'En attente de confirmation', 1, 'Homme', '', '', '', '', 'default_profile.jpg', 5),
(35, 'Oula', 'ETD2025022', 'Séblé Lucien', NULL, 'séblé.lucien.oula@checkM.edu.ci', NULL, 'En attente de confirmation', 1, 'Homme', '', '', '', '', 'default_profile.jpg', 5),
(36, 'Sagnon', 'ETD2025023', 'Boga Eric', NULL, 'boga.eric.sagnon@checkM.edu.ci', NULL, 'En attente de confirmation', 1, 'Homme', '', '', '', '', 'default_profile.jpg', 5),
(37, 'Tiémélé', 'ETD2025024', 'Solange', NULL, 'solange.tiémélé@checkM.edu.ci', NULL, 'En attente de confirmation', 1, 'Homme', '', '', '', '', 'default_profile.jpg', 5),
(38, 'Yao', 'ETD2025025', 'Hermann Berenger', NULL, 'hermann.berenger.yao@checkM.edu.ci', NULL, 'En attente de confirmation', 1, 'Homme', '', '', '', '', 'default_profile.jpg', 5),
(39, 'Yao', 'ETD2025026', 'Michaelle Sylvie', NULL, 'michaelle.sylvie.yao@checkM.edu.ci', NULL, 'En attente de confirmation', 1, 'Homme', '', '', '', '', 'default_profile.jpg', 5),
(40, 'Zakpa', 'ETD2025027', 'Emmanuella', NULL, 'emmanuella.zakpa@checkM.edu.ci', NULL, 'En attente de confirmation', 1, 'Homme', '', '', '', '', 'default_profile.jpg', 5),
(41, 'Agounkpeto', 'ETD2025028', 'jean michel', NULL, 'jean.michel.agounkpeto@checkM.edu.ci', NULL, 'En attente de confirmation', 2, 'Homme', '', '', '', '', 'default_profile.jpg', 5),
(42, 'Aka', 'ETD2025029', 'ange kévin', NULL, 'ange.kévin.aka@checkM.edu.ci', NULL, 'En attente de confirmation', 2, 'Homme', '', '', '', '', 'default_profile.jpg', 5),
(43, 'Aka', 'ETD2025030', 'prince', NULL, 'prince.aka@checkM.edu.ci', NULL, 'En attente de confirmation', 2, 'Homme', '', '', '', '', 'default_profile.jpg', 5),
(44, 'Akpa', 'ETD2025031', 'gnagne david martial', NULL, 'gnagne.david.martial.akpa@checkM.edu.ci', NULL, 'En attente de confirmation', 2, 'Homme', '', '', '', '', 'default_profile.jpg', 5),
(45, 'Barthe', 'ETD2025032', 'kobi hugues didier', NULL, 'kobi.hugues.didier.barthe@checkM.edu.ci', NULL, 'En attente de confirmation', 2, 'Homme', '', '', '', '', 'default_profile.jpg', 5),
(46, 'Djehéré', 'ETD2025033', 'claude', NULL, 'claude.djehéré@checkM.edu.ci', NULL, 'En attente de confirmation', 2, 'Homme', '', '', '', '', 'default_profile.jpg', 5),
(47, 'Doumun', 'ETD2025034', 'mékapeu solange', NULL, 'mékapeu.solange.doumun@checkM.edu.ci', NULL, 'En attente de confirmation', 2, 'Homme', '', '', '', '', 'default_profile.jpg', 5),
(48, 'Gogori', 'ETD2025035', 'n\'guessan etienne hugues', NULL, 'nguessan.etienne.hugues.gogori@checkM.edu.ci', NULL, 'En attente de confirmation', 2, 'Homme', '', '', '', '', 'default_profile.jpg', 5),
(49, 'Gouzou', 'ETD2025036', 'zékou mathurin', NULL, 'zékou.mathurin.gouzou@checkM.edu.ci', NULL, 'En attente de confirmation', 2, 'Homme', '', '', '', '', 'default_profile.jpg', 5),
(50, 'Kacou', 'ETD2025037', 'akimba carolle', NULL, 'akimba.carolle.kacou@checkM.edu.ci', NULL, 'En attente de confirmation', 2, 'Homme', '', '', '', '', 'default_profile.jpg', 5),
(51, 'Koffi', 'ETD2025038', 'bi tiessé franck', NULL, 'bi.tiessé.franck.koffi@checkM.edu.ci', NULL, 'En attente de confirmation', 2, 'Homme', '', '', '', '', 'default_profile.jpg', 5),
(52, 'Koné', 'ETD2025039', 'petiéninpou salifou', NULL, 'petiéninpou.salifou.koné@checkM.edu.ci', NULL, 'En attente de confirmation', 2, 'Homme', '', '', '', '', 'default_profile.jpg', 5),
(53, 'Kouadé', 'ETD2025040', 'ano jean', NULL, 'ano.jean.kouadé@checkM.edu.ci', NULL, 'En attente de confirmation', 2, 'Homme', '', '', '', '', 'default_profile.jpg', 5),
(54, 'Kouadio', 'ETD2025041', 'assi donald landry', NULL, 'assi.donald.landry.kouadio@checkM.edu.ci', NULL, 'En attente de confirmation', 2, 'Homme', '', '', '', '', 'default_profile.jpg', 5),
(55, 'Kouamé', 'ETD2025042', 'marie paule', '2025-07-25', 'marie.paule.kouame@checkM.edu.ci', NULL, 'En attente de confirmation', 2, 'Femme', '', '', '', '', 'default_profile.jpg', 5),
(56, 'Ossey', 'ETD2025043', 'tanguy', NULL, 'tanguy.ossey@checkM.edu.ci', NULL, 'En attente de confirmation', 2, 'Homme', '', '', '', '', 'default_profile.jpg', 5),
(57, 'Touré', 'ETD2025044', 'Badiénry fabrice', NULL, 'badiénry.fabrice.touré@checkM.edu.ci', NULL, 'En attente de confirmation', 2, 'Homme', '', '', '', '', 'default_profile.jpg', 5),
(58, 'Yéré', 'ETD2025045', 'adou vincent', NULL, 'adou.vincent.yéré@checkM.edu.ci', NULL, 'En attente de confirmation', 2, 'Homme', '', '', '', '', 'default_profile.jpg', 5),
(59, 'Aby', 'ETD2025046', 'Nanpé Olivier', NULL, 'nanpé.olivier.aby@checkM.edu.ci', NULL, 'En attente de confirmation', 3, 'Homme', '', '', '', '', 'default_profile.jpg', 5),
(60, 'Aliman', 'ETD2025047', 'Prisca', NULL, 'prisca.aliman@checkM.edu.ci', NULL, 'En attente de confirmation', 3, 'Homme', '', '', '', '', 'default_profile.jpg', 5),
(61, 'Bakayoko', 'ETD2025048', 'Soumaila', NULL, 'soumaila.bakayoko@checkM.edu.ci', NULL, 'En attente de confirmation', 3, 'Homme', '', '', '', '', 'default_profile.jpg', 5),
(62, 'Berthé', 'ETD2025049', 'Issa', NULL, 'issa.berthé@checkM.edu.ci', NULL, 'En attente de confirmation', 3, 'Homme', '', '', '', '', 'default_profile.jpg', 5),
(63, 'Dacoury', 'ETD2025050', 'Armand', NULL, 'armand.dacoury@checkM.edu.ci', NULL, 'En attente de confirmation', 3, 'Homme', '', '', '', '', 'default_profile.jpg', 5),
(64, 'Diallo', 'ETD2025051', 'Marlène', NULL, 'marlène.diallo@checkM.edu.ci', NULL, 'En attente de confirmation', 3, 'Homme', '', '', '', '', 'default_profile.jpg', 5),
(65, 'Dossou', 'ETD2025052', 'Falome Flora', NULL, 'falome.flora.dossou@checkM.edu.ci', NULL, 'En attente de confirmation', 3, 'Homme', '', '', '', '', 'default_profile.jpg', 5),
(66, 'Fofana', 'ETD2025053', 'Lazeni', NULL, 'lazeni.fofana@checkM.edu.ci', NULL, 'En attente de confirmation', 3, 'Homme', '', '', '', '', 'default_profile.jpg', 5),
(67, 'Fongbé', 'ETD2025054', 'Amadou', NULL, 'amadou.fongbé@checkM.edu.ci', NULL, 'En attente de confirmation', 3, 'Homme', '', '', '', '', 'default_profile.jpg', 5),
(68, 'Gnamien', 'ETD2025055', 'Badjo Carine', NULL, 'badjo.carine.gnamien@checkM.edu.ci', NULL, 'En attente de confirmation', 3, 'Homme', '', '', '', '', 'default_profile.jpg', 5),
(69, 'Kalou', 'ETD2025056', 'bi Florent', NULL, 'bi.florent.kalou@checkM.edu.ci', NULL, 'En attente de confirmation', 3, 'Homme', '', '', '', '', 'default_profile.jpg', 5),
(70, 'Kané', 'ETD2025057', 'Kader', NULL, 'kader.kané@checkM.edu.ci', NULL, 'En attente de confirmation', 3, 'Homme', '', '', '', '', 'default_profile.jpg', 5),
(71, 'Konan', 'ETD2025058', 'Hermann Michel', NULL, 'hermann.michel.konan@checkM.edu.ci', NULL, 'En attente de confirmation', 3, 'Homme', '', '', '', '', 'default_profile.jpg', 5),
(72, 'Koné', 'ETD2025059', 'Djébilou', NULL, 'djébilou.koné@checkM.edu.ci', NULL, 'En attente de confirmation', 3, 'Homme', '', '', '', '', 'default_profile.jpg', 5),
(73, 'Koné', 'ETD2025060', 'Moussa', NULL, 'moussa.koné@checkM.edu.ci', NULL, 'En attente de confirmation', 3, 'Homme', '', '', '', '', 'default_profile.jpg', 5),
(74, 'Kouyaté', 'ETD2025061', 'Bangali', NULL, 'bangali.kouyaté@checkM.edu.ci', NULL, 'En attente de confirmation', 3, 'Homme', '', '', '', '', 'default_profile.jpg', 5),
(75, 'Latte', 'ETD2025062', 'Pierre André', NULL, 'pierre.andré.latte@checkM.edu.ci', NULL, 'En attente de confirmation', 3, 'Homme', '', '', '', '', 'default_profile.jpg', 5),
(76, 'Méango', 'ETD2025063', 'Jean Marie', NULL, 'jean.marie.méango@checkM.edu.ci', NULL, 'En attente de confirmation', 3, 'Homme', '', '', '', '', 'default_profile.jpg', 5),
(77, 'Mian', 'ETD2025064', 'Koffi Jules Césare', NULL, 'koffi.jules.césare.mian@checkM.edu.ci', NULL, 'En attente de confirmation', 3, 'Homme', '', '', '', '', 'default_profile.jpg', 5),
(78, 'Monsan', 'ETD2025065', 'Chimène', NULL, 'chimène.monsan@checkM.edu.ci', NULL, 'En attente de confirmation', 3, 'Homme', '', '', '', '', 'default_profile.jpg', 5),
(79, 'Mouhamed', 'ETD2025066', 'Moubarak', NULL, 'moubarak.mouhamed@checkM.edu.ci', NULL, 'En attente de confirmation', 3, 'Homme', '', '', '', '', 'default_profile.jpg', 5),
(80, 'N\'goran', 'ETD2025067', 'Yao Dénis', NULL, 'yao.dénis.ngoran@checkM.edu.ci', NULL, 'En attente de confirmation', 3, 'Homme', '', '', '', '', 'default_profile.jpg', 5),
(81, 'N\'guessan', 'ETD2025068', 'Jacques', NULL, 'jacques.nguessan@checkM.edu.ci', NULL, 'En attente de confirmation', 3, 'Homme', '', '', '', '', 'default_profile.jpg', 5),
(82, 'Ossey', 'ETD2025069', 'Sabrina', NULL, 'sabrina.ossey@checkM.edu.ci', NULL, 'En attente de confirmation', 3, 'Homme', '', '', '', '', 'default_profile.jpg', 5),
(83, 'Ouattara', 'ETD2025070', 'Ecaré Myriam', NULL, 'ecaré.myriam.ouattara@checkM.edu.ci', NULL, 'En attente de confirmation', 3, 'Homme', '', '', '', '', 'default_profile.jpg', 5),
(84, 'Ouffoué', 'ETD2025071', 'Yawyha Attinouanfier J.', NULL, 'yawyha.attinouanfier.j..ouffoué@checkM.edu.ci', NULL, 'En attente de confirmation', 3, 'Homme', '', '', '', '', 'default_profile.jpg', 5),
(85, 'Sassou', 'ETD2025072', 'Mensah Boris', NULL, 'mensah.boris.sassou@checkM.edu.ci', NULL, 'En attente de confirmation', 3, 'Homme', '', '', '', '', 'default_profile.jpg', 5),
(86, 'Soumahoro', 'ETD2025073', 'Badra Ali', NULL, 'badra.ali.soumahoro@checkM.edu.ci', NULL, 'En attente de confirmation', 3, 'Homme', '', '', '', '', 'default_profile.jpg', 5),
(87, 'Tanoh', 'ETD2025074', 'Kouassi Pacome', NULL, 'kouassi.pacome.tanoh@checkM.edu.ci', NULL, 'En attente de confirmation', 3, 'Homme', '', '', '', '', 'default_profile.jpg', 5),
(88, 'Yaméogo', 'ETD2025075', 'Emmanuel', NULL, 'emmanuel.yaméogo@checkM.edu.ci', NULL, 'En attente de confirmation', 3, 'Homme', '', '', '', '', 'default_profile.jpg', 5),
(89, 'Akinola', 'ETD2025076', 'Oyéniyi Alexis Laurent S.', NULL, 'oyéniyi.alexis.laurent.s..akinola@checkM.edu.ci', NULL, 'En attente de confirmation', 4, 'Homme', '', '', '', '', 'default_profile.jpg', 5),
(90, 'Attisou', 'ETD2025077', 'Jean-François', NULL, 'jean-françois.attisou@checkM.edu.ci', NULL, 'En attente de confirmation', 4, 'Homme', '', '', '', '', 'default_profile.jpg', 5),
(91, 'Badouon', 'ETD2025078', 'Ange Rodrigue', NULL, 'ange.rodrigue.badouon@checkM.edu.ci', NULL, 'En attente de confirmation', 4, 'Homme', '', '', '', '', 'default_profile.jpg', 5),
(92, 'Bédy', 'ETD2025079', 'Nathanael Durand', NULL, 'nathanael.durand.bédy@checkM.edu.ci', NULL, 'En attente de confirmation', 4, 'Homme', '', '', '', '', 'default_profile.jpg', 5),
(93, 'Blé', 'ETD2025080', 'Aka Jean-Jacques Ferdinand', NULL, 'aka.jean-jacques.ferdinand.blé@checkM.edu.ci', NULL, 'En attente de confirmation', 4, 'Homme', '', '', '', '', 'default_profile.jpg', 5),
(94, 'Bodjé', 'ETD2025081', 'Hippolyte', NULL, 'hippolyte.bodjé@checkM.edu.ci', NULL, 'En attente de confirmation', 4, 'Homme', '', '', '', '', 'default_profile.jpg', 5),
(95, 'Bodjé', 'ETD2025082', 'N\'kauh Nathan Regis', NULL, 'nkauh.nathan.regis.bodjé@checkM.edu.ci', NULL, 'En attente de confirmation', 4, 'Homme', '', '', '', '', 'default_profile.jpg', 5),
(96, 'Bouraïman', 'ETD2025083', 'Farwaz', NULL, 'farwaz.bouraïman@checkM.edu.ci', NULL, 'En attente de confirmation', 4, 'Homme', '', '', '', '', 'default_profile.jpg', 5),
(97, 'Brou', 'ETD2025084', 'Kouakou Ange', NULL, 'kouakou.ange.brou@checkM.edu.ci', NULL, 'En attente de confirmation', 4, 'Homme', '', '', '', '', 'default_profile.jpg', 5),
(98, 'Cissé', 'ETD2025085', 'Souleymane Désiré Cédric', NULL, 'souleymane.désiré.cédric.cissé@checkM.edu.ci', NULL, 'En attente de confirmation', 4, 'Homme', '', '', '', '', 'default_profile.jpg', 5),
(99, 'Diallo', 'ETD2025086', 'Mamadou', NULL, 'mamadou.diallo@checkM.edu.ci', NULL, 'En attente de confirmation', 4, 'Homme', '', '', '', '', 'default_profile.jpg', 5),
(100, 'Dja', 'ETD2025087', 'Blé Robert Martial', NULL, 'blé.robert.martial.dja@checkM.edu.ci', NULL, 'En attente de confirmation', 4, 'Homme', '', '', '', '', 'default_profile.jpg', 5),
(101, 'Dobé', 'ETD2025088', 'Anicet Landry G.', NULL, 'anicet.landry.g..dobé@checkM.edu.ci', NULL, 'En attente de confirmation', 4, 'Homme', '', '', '', '', 'default_profile.jpg', 5),
(102, 'Doh', 'ETD2025089', 'Alain Hyppolyte', NULL, 'alain.hyppolyte.doh@checkM.edu.ci', NULL, 'En attente de confirmation', 4, 'Homme', '', '', '', '', 'default_profile.jpg', 5),
(103, 'Fanoudh-Siefer', 'ETD2025090', 'Jocelyne', NULL, 'jocelyne.fanoudh-siefer@checkM.edu.ci', NULL, 'En attente de confirmation', 4, 'Homme', '', '', '', '', 'default_profile.jpg', 5),
(104, 'Fioklou', 'ETD2025091', 'Mawuena Linda Sandrine', NULL, 'mawuena.linda.sandrine.fioklou@checkM.edu.ci', NULL, 'En attente de confirmation', 4, 'Homme', '', '', '', '', 'default_profile.jpg', 5),
(105, 'Gami', 'ETD2025092', 'Tizié Bi Eric', NULL, 'tizié.bi.eric.gami@checkM.edu.ci', NULL, 'En attente de confirmation', 4, 'Homme', '', '', '', '', 'default_profile.jpg', 5),
(106, 'Gnanagbé', 'ETD2025093', 'Gilles Gohou', NULL, 'gilles.gohou.gnanagbé@checkM.edu.ci', NULL, 'En attente de confirmation', 4, 'Homme', '', '', '', '', 'default_profile.jpg', 5),
(107, 'Gouley', 'ETD2025094', 'vincent de Paul', NULL, 'vincent.de.paul.gouley@checkM.edu.ci', NULL, 'En attente de confirmation', 4, 'Homme', '', '', '', '', 'default_profile.jpg', 5),
(108, 'Koffi', 'ETD2025095', 'Kouassi Michel', NULL, 'kouassi.michel.koffi@checkM.edu.ci', NULL, 'En attente de confirmation', 4, 'Homme', '', '', '', '', 'default_profile.jpg', 5),
(109, 'Koné', 'ETD2025096', 'Moussa', NULL, 'moussa.koné@checkM.edu.ci', NULL, 'En attente de confirmation', 4, 'Homme', '', '', '', '', 'default_profile.jpg', 5),
(110, 'Kouamé', 'ETD2025097', 'Kouamenan Jean Baptiste', NULL, 'kouamenan.jean.baptiste.kouamé@checkM.edu.ci', NULL, 'En attente de confirmation', 4, 'Homme', '', '', '', '', 'default_profile.jpg', 5),
(111, 'Kouman', 'ETD2025098', 'Kobenan Constant', NULL, 'kobenan.constant.kouman@checkM.edu.ci', NULL, 'En attente de confirmation', 4, 'Homme', '', '', '', '', 'default_profile.jpg', 5),
(112, 'Maïga', 'ETD2025099', 'Jean-Luc Hervé Morel', NULL, 'jean-luc.hervé.morel.maïga@checkM.edu.ci', NULL, 'En attente de confirmation', 4, 'Homme', '', '', '', '', 'default_profile.jpg', 5),
(113, 'N\'gadjingar', 'ETD2025100', 'Arnold', NULL, 'arnold.ngadjingar@checkM.edu.ci', NULL, 'En attente de confirmation', 4, 'Homme', '', '', '', '', 'default_profile.jpg', 5),
(114, 'N\'guessan', 'ETD2025101', 'Medri suzanne Sandrine', NULL, 'medri.suzanne.sandrine.nguessan@checkM.edu.ci', NULL, 'En attente de confirmation', 4, 'Homme', '', '', '', '', 'default_profile.jpg', 5),
(115, 'Nindjin', 'ETD2025102', 'Malan Alain', NULL, 'malan.alain.nindjin@checkM.edu.ci', NULL, 'En attente de confirmation', 4, 'Homme', '', '', '', '', 'default_profile.jpg', 5),
(116, 'Oussou', 'ETD2025103', 'Gbogboly Romaric Anselme', NULL, 'gbogboly.romaric.anselme.oussou@checkM.edu.ci', NULL, 'En attente de confirmation', 4, 'Homme', '', '', '', '', 'default_profile.jpg', 5),
(117, 'Rabet', 'ETD2025104', 'Stéphane', NULL, 'stéphane.rabet@checkM.edu.ci', NULL, 'En attente de confirmation', 4, 'Homme', '', '', '', '', 'default_profile.jpg', 5),
(118, 'Sékongo', 'ETD2025105', 'Kafalo David', NULL, 'kafalo.david.sékongo@checkM.edu.ci', NULL, 'En attente de confirmation', 4, 'Homme', '', '', '', '', 'default_profile.jpg', 5),
(119, 'Sékongo', 'ETD2025106', 'Kafalo Siméon', NULL, 'kafalo.siméon.sékongo@checkM.edu.ci', NULL, 'En attente de confirmation', 4, 'Homme', '', '', '', '', 'default_profile.jpg', 5),
(120, 'Sékongo', 'ETD2025107', 'Sionta Débora', NULL, 'sionta.débora.sékongo@checkM.edu.ci', NULL, 'En attente de confirmation', 4, 'Homme', '', '', '', '', 'default_profile.jpg', 5),
(121, 'Senin', 'ETD2025108', 'N\'guetta Patrick Yoann', NULL, 'nguetta.patrick.yoann.senin@checkM.edu.ci', NULL, 'En attente de confirmation', 4, 'Homme', '', '', '', '', 'default_profile.jpg', 5),
(122, 'Tanoh-Niangoin', 'ETD2025109', 'Arnaud Joël', NULL, 'arnaud.joël.tanoh-niangoin@checkM.edu.ci', NULL, 'En attente de confirmation', 4, 'Homme', '', '', '', '', 'default_profile.jpg', 5),
(123, 'Tchétché', 'ETD2025110', 'Lazare', NULL, 'lazare.tchétché@checkM.edu.ci', NULL, 'En attente de confirmation', 4, 'Homme', '', '', '', '', 'default_profile.jpg', 5),
(124, 'Tchicaillat', 'ETD2025111', 'Anelvie', NULL, 'anelvie.tchicaillat@checkM.edu.ci', NULL, 'En attente de confirmation', 4, 'Homme', '', '', '', '', 'default_profile.jpg', 5),
(125, 'Tiémélé', 'ETD2025112', 'Amandi Jean-Michel', NULL, 'amandi.jean-michel.tiémélé@checkM.edu.ci', NULL, 'En attente de confirmation', 4, 'Homme', '', '', '', '', 'default_profile.jpg', 5),
(126, 'Traoré', 'ETD2025113', 'Kigninlman François-Michaël', NULL, 'kigninlman.françois-michaël.traoré@checkM.edu.ci', NULL, 'En attente de confirmation', 4, 'Homme', '', '', '', '', 'default_profile.jpg', 5),
(127, 'Traoré', 'ETD2025114', 'Mamadou Ben', NULL, 'mamadou.ben.traoré@checkM.edu.ci', NULL, 'En attente de confirmation', 4, 'Homme', '', '', '', '', 'default_profile.jpg', 5),
(128, 'Yaméogo', 'ETD2025115', 'Emmanuel', NULL, 'emmanuel.yaméogo@checkM.edu.ci', NULL, 'En attente de confirmation', 4, 'Homme', '', '', '', '', 'default_profile.jpg', 5),
(129, 'Yoboué', 'ETD2025116', 'Kouamé Françis', NULL, 'kouamé.françis.yoboué@checkM.edu.ci', NULL, 'En attente de confirmation', 4, 'Homme', '', '', '', '', 'default_profile.jpg', 5),
(130, 'Zokou', 'ETD2025117', 'Gbalé Simion', NULL, 'gbalé.simion.zokou@checkM.edu.ci', NULL, 'En attente de confirmation', 4, 'Homme', '', '', '', '', 'default_profile.jpg', 5),
(131, 'Abroh', 'ETD2025118', 'Alokré Samuel Eliézer', NULL, 'alokré.samuel.eliézer.abroh@checkM.edu.ci', NULL, 'En attente de confirmation', 5, 'Homme', '', '', '', '', 'default_profile.jpg', 5),
(132, 'Abudrahman', 'ETD2025119', 'Bako Rouhiya', NULL, 'bako.rouhiya.abudrahman@checkM.edu.ci', NULL, 'En attente de confirmation', 5, 'Homme', '', '', '', '', 'default_profile.jpg', 5),
(133, 'Acho', 'ETD2025120', 'Dessi Stéphane Ivan', NULL, 'dessi.stéphane.ivan.acho@checkM.edu.ci', NULL, 'En attente de confirmation', 5, 'Homme', '', '', '', '', 'default_profile.jpg', 5),
(134, 'Adja', 'ETD2025121', 'Willy Junior', NULL, 'willy.junior.adja@checkM.edu.ci', NULL, 'En attente de confirmation', 5, 'Homme', '', '', '', '', 'default_profile.jpg', 5),
(135, 'Aka', 'ETD2025122', 'Manouan Angora Jean-Yves', NULL, 'manouan.angora.jean-yves.aka@checkM.edu.ci', NULL, 'En attente de confirmation', 5, 'Homme', '', '', '', '', 'default_profile.jpg', 5),
(136, 'Allou', 'ETD2025123', 'Niamké Jean-Marc', NULL, 'niamké.jean-marc.allou@checkM.edu.ci', NULL, 'En attente de confirmation', 5, 'Homme', '', '', '', '', 'default_profile.jpg', 5),
(137, 'Assy', 'ETD2025124', 'Yves Landry', NULL, 'yves.landry.assy@checkM.edu.ci', NULL, 'En attente de confirmation', 5, 'Homme', '', '', '', '', 'default_profile.jpg', 5),
(138, 'Bouah', 'ETD2025125', 'Martin Benjamin', NULL, 'martin.benjamin.bouah@checkM.edu.ci', NULL, 'En attente de confirmation', 5, 'Homme', '', '', '', '', 'default_profile.jpg', 5),
(139, 'Cissé', 'ETD2025126', 'Ladji', NULL, 'ladji.cissé@checkM.edu.ci', NULL, 'En attente de confirmation', 5, 'Homme', '', '', '', '', 'default_profile.jpg', 5),
(140, 'Dagbo', 'ETD2025127', 'Ouraga Hervé', NULL, 'ouraga.hervé.dagbo@checkM.edu.ci', NULL, 'En attente de confirmation', 5, 'Homme', '', '', '', '', 'default_profile.jpg', 5),
(141, 'Dagnogo', 'ETD2025128', 'Chigata', NULL, 'chigata.dagnogo@checkM.edu.ci', NULL, 'En attente de confirmation', 5, 'Homme', '', '', '', '', 'default_profile.jpg', 5),
(142, 'Degni', 'ETD2025129', 'N\'drin Marie-Corine Jordane', NULL, 'ndrin.marie-corine.jordane.degni@checkM.edu.ci', NULL, 'En attente de confirmation', 5, 'Homme', '', '', '', '', 'default_profile.jpg', 5),
(143, 'Djeah', 'ETD2025130', 'Eric', NULL, 'eric.djeah@checkM.edu.ci', NULL, 'En attente de confirmation', 5, 'Homme', '', '', '', '', 'default_profile.jpg', 5),
(144, 'Fagla', 'ETD2025131', 'Armel Jean Yves', NULL, 'armel.jean.yves.fagla@checkM.edu.ci', NULL, 'En attente de confirmation', 5, 'Homme', '', '', '', '', 'default_profile.jpg', 5),
(145, 'Gnayoro', 'ETD2025132', 'Dano Hugues Florent', NULL, 'dano.hugues.florent.gnayoro@checkM.edu.ci', NULL, 'En attente de confirmation', 5, 'Homme', '', '', '', '', 'default_profile.jpg', 5),
(146, 'Gohourou', 'ETD2025133', 'Djédjé Didier', NULL, 'djédjé.didier.gohourou@checkM.edu.ci', NULL, 'En attente de confirmation', 5, 'Homme', '', '', '', '', 'default_profile.jpg', 5),
(147, 'Houi', 'ETD2025134', 'Sosthène', NULL, 'sosthène.houi@checkM.edu.ci', NULL, 'En attente de confirmation', 5, 'Homme', '', '', '', '', 'default_profile.jpg', 5),
(148, 'Houssou', 'ETD2025135', 'Ipou Marie-Ange Colette', NULL, 'ipou.marie-ange.colette.houssou@checkM.edu.ci', NULL, 'En attente de confirmation', 5, 'Homme', '', '', '', '', 'default_profile.jpg', 5),
(149, 'Kabran', 'ETD2025136', 'N\'guessan Jules-César', NULL, 'nguessan.jules-césar.kabran@checkM.edu.ci', NULL, 'En attente de confirmation', 5, 'Homme', '', '', '', '', 'default_profile.jpg', 5),
(150, 'Kacou', 'ETD2025137', 'N\'da Geneviève', NULL, 'nda.geneviève.kacou@checkM.edu.ci', NULL, 'En attente de confirmation', 5, 'Homme', '', '', '', '', 'default_profile.jpg', 5),
(151, 'Kanaté', 'ETD2025138', 'Adama', NULL, 'adama.kanaté@checkM.edu.ci', NULL, 'En attente de confirmation', 5, 'Homme', '', '', '', '', 'default_profile.jpg', 5),
(152, 'Konan', 'ETD2025139', 'Attocoly Aristide Christian', NULL, 'attocoly.aristide.christian.konan@checkM.edu.ci', NULL, 'En attente de confirmation', 5, 'Homme', '', '', '', '', 'default_profile.jpg', 5),
(153, 'Kotei', 'ETD2025140', 'Nikoi Samuel', NULL, 'nikoi.samuel.kotei@checkM.edu.ci', NULL, 'En attente de confirmation', 5, 'Homme', '', '', '', '', 'default_profile.jpg', 5),
(154, 'Koua', 'ETD2025141', 'Konin N\'goran Marc Benjamin', NULL, 'konin.ngoran.marc.benjamin.koua@checkM.edu.ci', NULL, 'En attente de confirmation', 5, 'Homme', '', '', '', '', 'default_profile.jpg', 5),
(155, 'Kouacou', 'ETD2025142', 'Adjoua Jessica Noelle', NULL, 'adjoua.jessica.noelle.kouacou@checkM.edu.ci', NULL, 'En attente de confirmation', 5, 'Homme', '', '', '', '', 'default_profile.jpg', 5),
(156, 'Kouamé', 'ETD2025143', 'Ayoua Alain Blédoumou', NULL, 'ayoua.alain.blédoumou.kouamé@checkM.edu.ci', NULL, 'En attente de confirmation', 5, 'Homme', '', '', '', '', 'default_profile.jpg', 5),
(157, 'Kouamé', 'ETD2025144', 'Bi Gohoré Stéphane-Marcel', NULL, 'bi.gohoré.stéphane-marcel.kouamé@checkM.edu.ci', NULL, 'En attente de confirmation', 5, 'Homme', '', '', '', '', 'default_profile.jpg', 5),
(158, 'Kouao', 'ETD2025145', 'Akoissy Amoan Lynda Flore', NULL, 'akoissy.amoan.lynda.flore.kouao@checkM.edu.ci', NULL, 'En attente de confirmation', 5, 'Homme', '', '', '', '', 'default_profile.jpg', 5),
(159, 'Kouodé', 'ETD2025146', 'Nioulé Steve', NULL, 'nioulé.steve.kouodé@checkM.edu.ci', NULL, 'En attente de confirmation', 5, 'Homme', '', '', '', '', 'default_profile.jpg', 5),
(160, 'Loba', 'ETD2025147', 'Badjo Caroline Vinciane', NULL, 'badjo.caroline.vinciane.loba@checkM.edu.ci', NULL, 'En attente de confirmation', 5, 'Homme', '', '', '', '', 'default_profile.jpg', 5),
(161, 'Mariko', 'ETD2025148', 'Eba Raïssa', NULL, 'eba.raïssa.mariko@checkM.edu.ci', NULL, 'En attente de confirmation', 5, 'Homme', '', '', '', '', 'default_profile.jpg', 5),
(162, 'Moukounzi', 'ETD2025149', 'Bakala Axel', NULL, 'bakala.axel.moukounzi@checkM.edu.ci', NULL, 'En attente de confirmation', 5, 'Homme', '', '', '', '', 'default_profile.jpg', 5),
(163, 'N\'diaye', 'ETD2025150', 'M\'baye', NULL, 'mbaye.ndiaye@checkM.edu.ci', NULL, 'En attente de confirmation', 5, 'Homme', '', '', '', '', 'default_profile.jpg', 5),
(164, 'Niamké', 'ETD2025151', 'Ehuia Marie-Eve', NULL, 'ehuia.marie-eve.niamké@checkM.edu.ci', NULL, 'En attente de confirmation', 5, 'Homme', '', '', '', '', 'default_profile.jpg', 5),
(165, 'Oué', 'ETD2025152', 'Simon', NULL, 'simon.oué@checkM.edu.ci', NULL, 'En attente de confirmation', 5, 'Homme', '', '', '', '', 'default_profile.jpg', 5),
(166, 'Akanza', 'ETD2025153', 'kouassi Ronald', NULL, 'kouassi.ronald.akanza@checkM.edu.ci', NULL, 'En attente de confirmation', 6, 'Homme', '', '', '', '', 'default_profile.jpg', 5),
(167, 'Ané', 'ETD2025154', 'Antoine Ahoua', NULL, 'antoine.ahoua.ané@checkM.edu.ci', NULL, 'En attente de confirmation', 6, 'Homme', '', '', '', '', 'default_profile.jpg', 5),
(168, 'Ango', 'ETD2025155', 'Charles Erwan Brou', NULL, 'charles.erwan.brou.ango@checkM.edu.ci', NULL, 'En attente de confirmation', 6, 'Homme', '', '', '', '', 'default_profile.jpg', 5),
(169, 'Anon', 'ETD2025156', 'Noelly', NULL, 'noelly.anon@checkM.edu.ci', NULL, 'En attente de confirmation', 6, 'Homme', '', '', '', '', 'default_profile.jpg', 5),
(170, 'Boni', 'ETD2025157', 'Jean-Philipe', NULL, 'jean-philipe.boni@checkM.edu.ci', NULL, 'En attente de confirmation', 6, 'Homme', '', '', '', '', 'default_profile.jpg', 5),
(171, 'Boua', 'ETD2025158', 'Stéphane Guesso', NULL, 'stéphane.guesso.boua@checkM.edu.ci', NULL, 'En attente de confirmation', 6, 'Homme', '', '', '', '', 'default_profile.jpg', 5),
(172, 'Coulibaly', 'ETD2025159', 'Sékoumar Ayaké', NULL, 'sékoumar.ayaké.coulibaly@checkM.edu.ci', NULL, 'En attente de confirmation', 6, 'Homme', '', '', '', '', 'default_profile.jpg', 5),
(173, 'Diallo', 'ETD2025160', 'Ismaël', NULL, 'ismaël.diallo@checkM.edu.ci', NULL, 'En attente de confirmation', 6, 'Homme', '', '', '', '', 'default_profile.jpg', 5),
(174, 'Diawara', 'ETD2025161', 'Khady', NULL, 'khady.diawara@checkM.edu.ci', NULL, 'En attente de confirmation', 6, 'Homme', '', '', '', '', 'default_profile.jpg', 5),
(175, 'Djédjé', 'ETD2025162', 'Manoko Arthur-Ange', NULL, 'manoko.arthur-ange.djédjé@checkM.edu.ci', NULL, 'En attente de confirmation', 6, 'Homme', '', '', '', '', 'default_profile.jpg', 5),
(176, 'Dongo', 'ETD2025163', 'Kouamé Yannick', NULL, 'kouamé.yannick.dongo@checkM.edu.ci', NULL, 'En attente de confirmation', 6, 'Homme', '', '', '', '', 'default_profile.jpg', 5),
(177, 'Doou', 'ETD2025164', 'Serge Baulais', NULL, 'serge.baulais.doou@checkM.edu.ci', NULL, 'En attente de confirmation', 6, 'Homme', '', '', '', '', 'default_profile.jpg', 5),
(178, 'Douampo', 'ETD2025165', 'Berthe', NULL, 'berthe.douampo@checkM.edu.ci', NULL, 'En attente de confirmation', 6, 'Homme', '', '', '', '', 'default_profile.jpg', 5),
(179, 'Goeh-Akue', 'ETD2025166', 'Adoté Fabrice', NULL, 'adoté.fabrice.goeh-akue@checkM.edu.ci', NULL, 'En attente de confirmation', 6, 'Homme', '', '', '', '', 'default_profile.jpg', 5),
(180, 'Kanga', 'ETD2025167', 'Didier Franck', NULL, 'didier.franck.kanga@checkM.edu.ci', NULL, 'En attente de confirmation', 6, 'Homme', '', '', '', '', 'default_profile.jpg', 5),
(181, 'Kanté', 'ETD2025168', 'Néné', NULL, 'néné.kanté@checkM.edu.ci', NULL, 'En attente de confirmation', 6, 'Homme', '', '', '', '', 'default_profile.jpg', 5),
(182, 'Kéïta', 'ETD2025169', 'Abdul Pierre Emmanuel', NULL, 'abdul.pierre.emmanuel.kéïta@checkM.edu.ci', NULL, 'En attente de confirmation', 6, 'Homme', '', '', '', '', 'default_profile.jpg', 5),
(183, 'Kouadio', 'ETD2025170', 'Ange Aristide', NULL, 'ange.aristide.kouadio@checkM.edu.ci', NULL, 'En attente de confirmation', 6, 'Homme', '', '', '', '', 'default_profile.jpg', 5),
(184, 'Kouadio', 'ETD2025171', 'Loukou Arnaud', NULL, 'loukou.arnaud.kouadio@checkM.edu.ci', NULL, 'En attente de confirmation', 6, 'Homme', '', '', '', '', 'default_profile.jpg', 5),
(185, 'Kouahouri', 'ETD2025172', 'Okou Joel', NULL, 'okou.joel.kouahouri@checkM.edu.ci', NULL, 'En attente de confirmation', 6, 'Homme', '', '', '', '', 'default_profile.jpg', 5),
(186, 'Kouamé', 'ETD2025173', 'N\'woley Kévin', NULL, 'nwoley.kévin.kouamé@checkM.edu.ci', NULL, 'En attente de confirmation', 6, 'Homme', '', '', '', '', 'default_profile.jpg', 5),
(187, 'Kouassi', 'ETD2025174', 'Kamelan Herman', NULL, 'kamelan.herman.kouassi@checkM.edu.ci', NULL, 'En attente de confirmation', 6, 'Homme', '', '', '', '', 'default_profile.jpg', 5),
(188, 'Lobé', 'ETD2025175', 'Ogonnin Gédéon', NULL, 'ogonnin.gédéon.lobé@checkM.edu.ci', NULL, 'En attente de confirmation', 6, 'Homme', '', '', '', '', 'default_profile.jpg', 5),
(189, 'M\'bra', 'ETD2025176', 'Koffi Serges Pacôme', NULL, 'koffi.serges.pacôme.mbra@checkM.edu.ci', NULL, 'En attente de confirmation', 6, 'Homme', '', '', '', '', 'default_profile.jpg', 5),
(190, 'Namongo', 'ETD2025177', 'Soro Christian Etienne', NULL, 'soro.christian.etienne.namongo@checkM.edu.ci', NULL, 'En attente de confirmation', 6, 'Homme', '', '', '', '', 'default_profile.jpg', 5),
(191, 'N\'da-Ezoa', 'ETD2025178', 'Melanwa Issac', NULL, 'melanwa.issac.nda-ezoa@checkM.edu.ci', NULL, 'En attente de confirmation', 6, 'Homme', '', '', '', '', 'default_profile.jpg', 5),
(192, 'N\'guessan', 'ETD2025179', 'Ahoko Lazare', NULL, 'ahoko.lazare.nguessan@checkM.edu.ci', NULL, 'En attente de confirmation', 6, 'Homme', '', '', '', '', 'default_profile.jpg', 5),
(193, 'N\'zazi', 'ETD2025180', 'Yannick', NULL, 'yannick.nzazi@checkM.edu.ci', NULL, 'En attente de confirmation', 6, 'Homme', '', '', '', '', 'default_profile.jpg', 5),
(194, 'Ouattara', 'ETD2025181', 'Nambé Adama', NULL, 'nambé.adama.ouattara@checkM.edu.ci', NULL, 'En attente de confirmation', 6, 'Homme', '', '', '', '', 'default_profile.jpg', 5),
(195, 'Sawadogo', 'ETD2025182', 'Moussa', NULL, 'moussa.sawadogo@checkM.edu.ci', NULL, 'En attente de confirmation', 6, 'Homme', '', '', '', '', 'default_profile.jpg', 5),
(196, 'Akini', 'ETD2025183', 'Marie Danielle', NULL, 'marie.danielle.akini@checkM.edu.ci', NULL, 'En attente de confirmation', 7, 'Homme', '', '', '', '', 'default_profile.jpg', 5),
(197, 'Arra', 'ETD2025184', 'Jean Jonathan', NULL, 'jean.jonathan.arra@checkM.edu.ci', NULL, 'En attente de confirmation', 7, 'Homme', '', '', '', '', 'default_profile.jpg', 5),
(198, 'Attro', 'ETD2025185', 'Elvis Donald', NULL, 'elvis.donald.attro@checkM.edu.ci', NULL, 'En attente de confirmation', 7, 'Homme', '', '', '', '', 'default_profile.jpg', 5),
(199, 'Bailly', 'ETD2025186', 'G. Arnaud', NULL, 'g..arnaud.bailly@checkM.edu.ci', NULL, 'En attente de confirmation', 7, 'Homme', '', '', '', '', 'default_profile.jpg', 5),
(200, 'Coulibaly', 'ETD2025187', 'Hector Emile', NULL, 'hector.emile.coulibaly@checkM.edu.ci', NULL, 'En attente de confirmation', 7, 'Homme', '', '', '', '', 'default_profile.jpg', 5),
(201, 'Diaw', 'ETD2025188', 'Oumar Passidi', NULL, 'oumar.passidi.diaw@checkM.edu.ci', NULL, 'En attente de confirmation', 7, 'Homme', '', '', '', '', 'default_profile.jpg', 5),
(202, 'Diawara', 'ETD2025189', 'Khady', NULL, 'khady.diawara@checkM.edu.ci', NULL, 'En attente de confirmation', 7, 'Homme', '', '', '', '', 'default_profile.jpg', 5),
(203, 'Doe', 'ETD2025190', 'Kuoassi Ezékiel', NULL, 'kuoassi.ezékiel.doe@checkM.edu.ci', NULL, 'En attente de confirmation', 7, 'Homme', '', '', '', '', 'default_profile.jpg', 5),
(204, 'Facondé', 'ETD2025191', 'Rudy Ariel', NULL, 'rudy.ariel.facondé@checkM.edu.ci', NULL, 'En attente de confirmation', 7, 'Homme', '', '', '', '', 'default_profile.jpg', 5),
(205, 'Fofana', 'ETD2025192', 'N\'valy', NULL, 'nvaly.fofana@checkM.edu.ci', NULL, 'En attente de confirmation', 7, 'Homme', '', '', '', '', 'default_profile.jpg', 5),
(206, 'Gossan', 'ETD2025193', 'Akon Boris', NULL, 'akon.boris.gossan@checkM.edu.ci', NULL, 'En attente de confirmation', 7, 'Homme', '', '', '', '', 'default_profile.jpg', 5),
(207, 'Koffi', 'ETD2025194', 'Guetta J.B. Carmel', NULL, 'guetta.j.b..carmel.koffi@checkM.edu.ci', NULL, 'En attente de confirmation', 7, 'Homme', '', '', '', '', 'default_profile.jpg', 5),
(208, 'Koffi', 'ETD2025195', 'Stéphane Placide', NULL, 'stéphane.placide.koffi@checkM.edu.ci', NULL, 'En attente de confirmation', 7, 'Homme', '', '', '', '', 'default_profile.jpg', 5),
(209, 'Kouadio', 'ETD2025196', 'Stéphane Kpangban', NULL, 'stéphane.kpangban.kouadio@checkM.edu.ci', NULL, 'En attente de confirmation', 7, 'Homme', '', '', '', '', 'default_profile.jpg', 5),
(210, 'Kouahouri', 'ETD2025197', 'Okou Joel', NULL, 'okou.joel.kouahouri@checkM.edu.ci', NULL, 'En attente de confirmation', 7, 'Homme', '', '', '', '', 'default_profile.jpg', 5),
(211, 'Kouamé', 'ETD2025198', 'Christian Koffi', NULL, 'christian.koffi.kouamé@checkM.edu.ci', NULL, 'En attente de confirmation', 7, 'Homme', '', '', '', '', 'default_profile.jpg', 5),
(212, 'Kouamé', 'ETD2025199', 'Kodé Guy Roland', NULL, 'kodé.guy.roland.kouamé@checkM.edu.ci', NULL, 'En attente de confirmation', 7, 'Homme', '', '', '', '', 'default_profile.jpg', 5),
(213, 'Kouassi', 'ETD2025200', 'N\'dri Yves', NULL, 'ndri.yves.kouassi@checkM.edu.ci', NULL, 'En attente de confirmation', 7, 'Homme', '', '', '', '', 'default_profile.jpg', 5),
(214, 'Kourouma', 'ETD2025201', 'Fanta', NULL, 'fanta.kourouma@checkM.edu.ci', NULL, 'En attente de confirmation', 7, 'Homme', '', '', '', '', 'default_profile.jpg', 5),
(215, 'Kouyo', 'ETD2025202', 'Jonathan Ivan Lesson', NULL, 'jonathan.ivan.lesson.kouyo@checkM.edu.ci', NULL, 'En attente de confirmation', 7, 'Homme', '', '', '', '', 'default_profile.jpg', 5),
(216, 'N\'guessan', 'ETD2025203', 'Tecky Huber N\'da', NULL, 'tecky.huber.nda.nguessan@checkM.edu.ci', NULL, 'En attente de confirmation', 7, 'Homme', '', '', '', '', 'default_profile.jpg', 5),
(217, 'Ossein', 'ETD2025204', 'Franck', NULL, 'franck.ossein@checkM.edu.ci', NULL, 'En attente de confirmation', 7, 'Homme', '', '', '', '', 'default_profile.jpg', 5),
(218, 'Ouattara', 'ETD2025205', 'Perbin Parfait', NULL, 'perbin.parfait.ouattara@checkM.edu.ci', NULL, 'En attente de confirmation', 7, 'Homme', '', '', '', '', 'default_profile.jpg', 5),
(219, 'Tra', 'ETD2025206', 'bi Tra Tizié Cyrille Modeste', NULL, 'bi.tra.tizié.cyrille.modeste.tra@checkM.edu.ci', NULL, 'En attente de confirmation', 7, 'Homme', '', '', '', '', 'default_profile.jpg', 5),
(220, 'Ahouana', 'ETD2025207', 'Akichi Roche Wilfried', NULL, 'akichi.roche.wilfried.ahouana@checkM.edu.ci', NULL, 'En attente de confirmation', 8, 'Homme', '', '', '', '', 'default_profile.jpg', 5),
(221, 'Aka', 'ETD2025208', 'Itchi Maxime', NULL, 'itchi.maxime.aka@checkM.edu.ci', NULL, 'En attente de confirmation', 8, 'Homme', '', '', '', '', 'default_profile.jpg', 5),
(222, 'Amisia', 'ETD2025209', 'Molay Jean-marie', NULL, 'molay.jean-marie.amisia@checkM.edu.ci', NULL, 'En attente de confirmation', 8, 'Homme', '', '', '', '', 'default_profile.jpg', 5),
(223, 'Amoikon', 'ETD2025210', 'Kangah Christophe', NULL, 'kangah.christophe.amoikon@checkM.edu.ci', NULL, 'En attente de confirmation', 8, 'Homme', '', '', '', '', 'default_profile.jpg', 5),
(224, 'Attiembone', 'ETD2025211', 'Christelle', NULL, 'christelle.attiembone@checkM.edu.ci', NULL, 'En attente de confirmation', 8, 'Homme', '', '', '', '', 'default_profile.jpg', 5),
(225, 'Beugré', 'ETD2025212', 'Wahon Marie-claude Esther', NULL, 'wahon.marie-claude.esther.beugré@checkM.edu.ci', NULL, 'En attente de confirmation', 8, 'Homme', '', '', '', '', 'default_profile.jpg', 5),
(226, 'Cherif', 'ETD2025213', 'Idriss Ibrahim', NULL, 'idriss.ibrahim.cherif@checkM.edu.ci', NULL, 'En attente de confirmation', 8, 'Homme', '', '', '', '', 'default_profile.jpg', 5),
(227, 'Diarrassouba', 'ETD2025214', 'Habib Ismael', NULL, 'habib.ismael.diarrassouba@checkM.edu.ci', NULL, 'En attente de confirmation', 8, 'Homme', '', '', '', '', 'default_profile.jpg', 5),
(228, 'Diawara', 'ETD2025215', 'daoud ben Ahmed', NULL, 'daoud.ben.ahmed.diawara@checkM.edu.ci', NULL, 'En attente de confirmation', 8, 'Homme', '', '', '', '', 'default_profile.jpg', 5),
(229, 'Flan', 'ETD2025216', 'Zédé delphin', NULL, 'zédé.delphin.flan@checkM.edu.ci', NULL, 'En attente de confirmation', 8, 'Homme', '', '', '', '', 'default_profile.jpg', 5),
(230, 'Gbakatchétché', 'ETD2025217', 'Gilles-loïc', NULL, 'gilles-loïc.gbakatchétché@checkM.edu.ci', NULL, 'En attente de confirmation', 8, 'Homme', '', '', '', '', 'default_profile.jpg', 5),
(231, 'Gnangne', 'ETD2025218', 'Jean Jacques', NULL, 'jean.jacques.gnangne@checkM.edu.ci', NULL, 'En attente de confirmation', 8, 'Homme', '', '', '', '', 'default_profile.jpg', 5),
(232, 'Koloubla', 'ETD2025219', 'Dakouri Auguste Trésor', NULL, 'dakouri.auguste.trésor.koloubla@checkM.edu.ci', NULL, 'En attente de confirmation', 8, 'Homme', '', '', '', '', 'default_profile.jpg', 5),
(233, 'Konan', 'ETD2025220', 'Konan Jean françois regis', NULL, 'konan.jean.françois.regis.konan@checkM.edu.ci', NULL, 'En attente de confirmation', 8, 'Homme', '', '', '', '', 'default_profile.jpg', 5),
(234, 'Kouakou', 'ETD2025221', 'Enode de Laure', NULL, 'enode.de.laure.kouakou@checkM.edu.ci', NULL, 'En attente de confirmation', 8, 'Homme', '', '', '', '', 'default_profile.jpg', 5),
(235, 'Kouakou', 'ETD2025222', 'kouamé Adjaphin Noël Désiré', NULL, 'kouamé.adjaphin.noël.désiré.kouakou@checkM.edu.ci', NULL, 'En attente de confirmation', 8, 'Homme', '', '', '', '', 'default_profile.jpg', 5),
(236, 'Kouakou', 'ETD2025223', 'N\'guetta Marie-laure Cynthia', NULL, 'nguetta.marie-laure.cynthia.kouakou@checkM.edu.ci', NULL, 'En attente de confirmation', 8, 'Homme', '', '', '', '', 'default_profile.jpg', 5),
(237, 'Kouassi', 'ETD2025224', 'Laetitia Aimée tomoly', NULL, 'laetitia.aimée.tomoly.kouassi@checkM.edu.ci', NULL, 'En attente de confirmation', 8, 'Homme', '', '', '', '', 'default_profile.jpg', 5),
(238, 'Krama', 'ETD2025225', 'Abdel-Kader', NULL, 'abdel-kader.krama@checkM.edu.ci', NULL, 'En attente de confirmation', 8, 'Homme', '', '', '', '', 'default_profile.jpg', 5),
(239, 'Menzan', 'ETD2025226', 'Bini Kouamé Christian', NULL, 'bini.kouamé.christian.menzan@checkM.edu.ci', NULL, 'En attente de confirmation', 8, 'Homme', '', '', '', '', 'default_profile.jpg', 5),
(240, 'Nguessan', 'ETD2025227', 'kalou bi Dieudonné', NULL, 'kalou.bi.dieudonné.nguessan@checkM.edu.ci', NULL, 'En attente de confirmation', 8, 'Homme', '', '', '', '', 'default_profile.jpg', 5),
(241, 'N\'guessan', 'ETD2025228', 'kouakou Fulgence', NULL, 'kouakou.fulgence.nguessan@checkM.edu.ci', NULL, 'En attente de confirmation', 8, 'Homme', '', '', '', '', 'default_profile.jpg', 5),
(242, 'Tanoh', 'ETD2025229', 'Adjoua Marie', NULL, 'adjoua.marie.tanoh@checkM.edu.ci', NULL, 'En attente de confirmation', 8, 'Homme', '', '', '', '', 'default_profile.jpg', 5),
(243, 'Tuo', 'ETD2025230', 'Kolotioloma Augustin', NULL, 'kolotioloma.augustin.tuo@checkM.edu.ci', NULL, 'En attente de confirmation', 8, 'Homme', '', '', '', '', 'default_profile.jpg', 5),
(244, 'Ya', 'ETD2025231', 'Sandrine Anne-elodie', NULL, 'sandrine.anne-elodie.ya@checkM.edu.ci', NULL, 'En attente de confirmation', 8, 'Homme', '', '', '', '', 'default_profile.jpg', 5),
(245, 'Yéyé', 'ETD2025232', 'Schadrachs Guy-roland', NULL, 'schadrachs.guy-roland.yéyé@checkM.edu.ci', NULL, 'En attente de confirmation', 8, 'Homme', '', '', '', '', 'default_profile.jpg', 5),
(246, 'Bailly', 'ETD2025233', 'G. Arnaud', NULL, 'g..arnaud.bailly@checkM.edu.ci', NULL, 'En attente de confirmation', 9, 'Homme', '', '', '', '', 'default_profile.jpg', 5),
(247, 'Brou', 'ETD2025234', 'Kouakou Konan Ange', NULL, 'kouakou.konan.ange.brou@checkM.edu.ci', NULL, 'En attente de confirmation', 9, 'Homme', '', '', '', '', 'default_profile.jpg', 5),
(248, 'Coulibaly', 'ETD2025235', 'Hector Emile', NULL, 'hector.emile.coulibaly@checkM.edu.ci', NULL, 'En attente de confirmation', 9, 'Homme', '', '', '', '', 'default_profile.jpg', 5),
(249, 'Fofana', 'ETD2025236', 'N\'valy', NULL, 'nvaly.fofana@checkM.edu.ci', NULL, 'En attente de confirmation', 9, 'Homme', '', '', '', '', 'default_profile.jpg', 5),
(250, 'Gossan', 'ETD2025237', 'Akon Boris', NULL, 'akon.boris.gossan@checkM.edu.ci', NULL, 'En attente de confirmation', 9, 'Homme', '', '', '', '', 'default_profile.jpg', 5),
(251, 'Koffi', 'ETD2025238', 'Guetta J.B. Carmel', NULL, 'guetta.j.b..carmel.koffi@checkM.edu.ci', NULL, 'En attente de confirmation', 9, 'Homme', '', '', '', '', 'default_profile.jpg', 5),
(252, 'Koffi', 'ETD2025239', 'Stéphane Placide', NULL, 'stéphane.placide.koffi@checkM.edu.ci', NULL, 'En attente de confirmation', 9, 'Homme', '', '', '', '', 'default_profile.jpg', 5),
(253, 'Kouadio', 'ETD2025240', 'Stéphane Kpangban', NULL, 'stéphane.kpangban.kouadio@checkM.edu.ci', NULL, 'En attente de confirmation', 9, 'Homme', '', '', '', '', 'default_profile.jpg', 5),
(254, 'Kouaho', 'ETD2025241', 'Kodé Guy Roland', NULL, 'kodé.guy.roland.kouaho@checkM.edu.ci', NULL, 'En attente de confirmation', 9, 'Homme', '', '', '', '', 'default_profile.jpg', 5),
(255, 'Kouassi', 'ETD2025242', 'N\'dri Yves', NULL, 'ndri.yves.kouassi@checkM.edu.ci', NULL, 'En attente de confirmation', 9, 'Homme', '', '', '', '', 'default_profile.jpg', 5),
(256, 'Kouyo', 'ETD2025243', 'Jonathan Ivan Lesson', NULL, 'jonathan.ivan.lesson.kouyo@checkM.edu.ci', NULL, 'En attente de confirmation', 9, 'Homme', '', '', '', '', 'default_profile.jpg', 5),
(257, 'Ossein', 'ETD2025244', 'Franck', NULL, 'franck.ossein@checkM.edu.ci', NULL, 'En attente de confirmation', 9, 'Homme', '', '', '', '', 'default_profile.jpg', 5),
(258, 'Ouattara', 'ETD2025245', 'Perbin Parfait', NULL, 'perbin.parfait.ouattara@checkM.edu.ci', NULL, 'En attente de confirmation', 9, 'Homme', '', '', '', '', 'default_profile.jpg', 5),
(259, 'Tra', 'ETD2025246', 'bi Tra Tizié Cyrille Modeste', NULL, 'bi.tra.tizié.cyrille.modeste.tra@checkM.edu.ci', NULL, 'En attente de confirmation', 9, 'Homme', '', '', '', '', 'default_profile.jpg', 5),
(260, 'Abroh', 'ETD2025247', 'Samuel', NULL, 'samuel.abroh@checkM.edu.ci', NULL, 'En attente de confirmation', 10, 'Homme', '', '', '', '', 'default_profile.jpg', 5),
(261, 'Aka', 'ETD2025248', 'Itchi Maxime', NULL, 'itchi.maxime.aka@checkM.edu.ci', NULL, 'En attente de confirmation', 10, 'Homme', '', '', '', '', 'default_profile.jpg', 5),
(262, 'Attiembone', 'ETD2025249', 'Christelle', NULL, 'christelle.attiembone@checkM.edu.ci', NULL, 'En attente de confirmation', 10, 'Homme', '', '', '', '', 'default_profile.jpg', 5),
(263, 'Diallo', 'ETD2025250', 'Ismael', NULL, 'ismael.diallo@checkM.edu.ci', NULL, 'En attente de confirmation', 10, 'Homme', '', '', '', '', 'default_profile.jpg', 5),
(264, 'Diarrassouba', 'ETD2025251', 'Habib Ismael', NULL, 'habib.ismael.diarrassouba@checkM.edu.ci', NULL, 'En attente de confirmation', 10, 'Homme', '', '', '', '', 'default_profile.jpg', 5),
(265, 'Diaw', 'ETD2025252', 'Oumar Passidi', NULL, 'oumar.passidi.diaw@checkM.edu.ci', NULL, 'En attente de confirmation', 10, 'Homme', '', '', '', '', 'default_profile.jpg', 5),
(266, 'Diawara', 'ETD2025253', 'Daoud Ben Ahmed', NULL, 'daoud.ben.ahmed.diawara@checkM.edu.ci', NULL, 'En attente de confirmation', 10, 'Homme', '', '', '', '', 'default_profile.jpg', 5),
(267, 'Koloubla', 'ETD2025254', 'Dakouri Auguste Trésor', NULL, 'dakouri.auguste.trésor.koloubla@checkM.edu.ci', NULL, 'En attente de confirmation', 10, 'Homme', '', '', '', '', 'default_profile.jpg', 5),
(268, 'Konan', 'ETD2025255', 'Konan Jean François Regis', NULL, 'konan.jean.françois.regis.konan@checkM.edu.ci', NULL, 'En attente de confirmation', 10, 'Homme', '', '', '', '', 'default_profile.jpg', 5),
(269, 'Kouakou', 'ETD2025256', 'kouamé Adjaphin Noël Désiré', NULL, 'kouamé.adjaphin.noël.désiré.kouakou@checkM.edu.ci', NULL, 'En attente de confirmation', 10, 'Homme', '', '', '', '', 'default_profile.jpg', 5),
(270, 'Menzan', 'ETD2025257', 'Bini Kouamé Christian', NULL, 'bini.kouamé.christian.menzan@checkM.edu.ci', NULL, 'En attente de confirmation', 10, 'Homme', '', '', '', '', 'default_profile.jpg', 5),
(271, 'Nguessan', 'ETD2025258', 'kalou bi Dieudonné', NULL, 'kalou.bi.dieudonné.nguessan@checkM.edu.ci', NULL, 'En attente de confirmation', 10, 'Homme', '', '', '', '', 'default_profile.jpg', 5),
(272, 'Tanoh', 'ETD2025259', 'Adjoua Marie Elise Rebecca', NULL, 'adjoua.marie.elise.rebecca.tanoh@checkM.edu.ci', NULL, 'En attente de confirmation', 10, 'Homme', '', '', '', '', 'default_profile.jpg', 5),
(273, 'Ya', 'ETD2025260', 'Sandrine Anne-Elodie', NULL, 'sandrine.anne-elodie.ya@checkM.edu.ci', NULL, 'En attente de confirmation', 10, 'Homme', '', '', '', '', 'default_profile.jpg', 5),
(274, 'Yéyé', 'ETD2025261', 'Schadrachs Guy-Roland', NULL, 'schadrachs.guy-roland.yéyé@checkM.edu.ci', NULL, 'En attente de confirmation', 10, 'Homme', '', '', '', '', 'default_profile.jpg', 5),
(275, 'Absou', 'ETD2025262', 'brice Donald', NULL, 'brice.donald.absou@checkM.edu.ci', NULL, 'En attente de confirmation', 11, 'Homme', '', '', '', '', 'default_profile.jpg', 5),
(276, 'Adane', 'ETD2025263', 'Kouakou Christian', NULL, 'kouakou.christian.adane@checkM.edu.ci', NULL, 'En attente de confirmation', 11, 'Homme', '', '', '', '', 'default_profile.jpg', 5),
(277, 'Adja', 'ETD2025264', 'Gossan Ange Rodrigue', NULL, 'gossan.ange.rodrigue.adja@checkM.edu.ci', NULL, 'En attente de confirmation', 11, 'Homme', '', '', '', '', 'default_profile.jpg', 5),
(278, 'Agui', 'ETD2025265', 'Ange Boris', NULL, 'ange.boris.agui@checkM.edu.ci', NULL, 'En attente de confirmation', 11, 'Homme', '', '', '', '', 'default_profile.jpg', 5),
(279, 'Assoma', 'ETD2025266', 'Assoma Evrard Wilfried', NULL, 'assoma.evrard.wilfried.assoma@checkM.edu.ci', NULL, 'En attente de confirmation', 11, 'Homme', '', '', '', '', 'default_profile.jpg', 5),
(280, 'Atsé', 'ETD2025267', 'Nina Larissa', NULL, 'nina.larissa.atsé@checkM.edu.ci', NULL, 'En attente de confirmation', 11, 'Homme', '', '', '', '', 'default_profile.jpg', 5),
(281, 'Bobou', 'ETD2025268', 'Eliézer Josué', NULL, 'eliézer.josué.bobou@checkM.edu.ci', NULL, 'En attente de confirmation', 11, 'Homme', '', '', '', '', 'default_profile.jpg', 5),
(282, 'Coffi-Amany', 'ETD2025269', 'Ané Serge Eric', NULL, 'ané.serge.eric.coffi-amany@checkM.edu.ci', NULL, 'En attente de confirmation', 11, 'Homme', '', '', '', '', 'default_profile.jpg', 5),
(283, 'Coulibaly', 'ETD2025270', 'Abdoul Karim', NULL, 'abdoul.karim.coulibaly@checkM.edu.ci', NULL, 'En attente de confirmation', 11, 'Homme', '', '', '', '', 'default_profile.jpg', 5),
(284, 'Coulou', 'ETD2025271', 'Kouadio Léandre', NULL, 'kouadio.léandre.coulou@checkM.edu.ci', NULL, 'En attente de confirmation', 11, 'Homme', '', '', '', '', 'default_profile.jpg', 5),
(285, 'Desquith', 'ETD2025272', 'Beyrah Dieudonné', NULL, 'beyrah.dieudonné.desquith@checkM.edu.ci', NULL, 'En attente de confirmation', 11, 'Homme', '', '', '', '', 'default_profile.jpg', 5);
INSERT INTO `etudiants` (`num_etd`, `nom_etd`, `num_carte_etd`, `prenom_etd`, `date_naissance_etd`, `email_etd`, `mdp_etd`, `statut_eligibilite`, `id_promotion`, `sexe_etd`, `num_tel_etd`, `adresse_etd`, `ville_etd`, `pays_etd`, `photo_etd`, `id_niv_etd`) VALUES
(286, 'Diahou', 'ETD2025273', 'Chiayé Marie-Christelle', NULL, 'chiayé.marie-christelle.diahou@checkM.edu.ci', NULL, 'En attente de confirmation', 11, 'Homme', '', '', '', '', 'default_profile.jpg', 5),
(287, 'Diallo', 'ETD2025274', 'Malick-Olivier', NULL, 'malick-olivier.diallo@checkM.edu.ci', NULL, 'En attente de confirmation', 11, 'Homme', '', '', '', '', 'default_profile.jpg', 5),
(288, 'Diarrassouba', 'ETD2025275', 'Nahouo Sinourna', NULL, 'nahouo.sinourna.diarrassouba@checkM.edu.ci', NULL, 'En attente de confirmation', 11, 'Homme', '', '', '', '', 'default_profile.jpg', 5),
(289, 'Dioulo', 'ETD2025276', 'Nempé Antonin Alexis', NULL, 'nempé.antonin.alexis.dioulo@checkM.edu.ci', NULL, 'En attente de confirmation', 11, 'Homme', '', '', '', '', 'default_profile.jpg', 5),
(290, 'Fagla', 'ETD2025277', 'Jean Frédéric', NULL, 'jean.frédéric.fagla@checkM.edu.ci', NULL, 'En attente de confirmation', 11, 'Homme', '', '', '', '', 'default_profile.jpg', 5),
(291, 'Goa', 'ETD2025278', 'Womedo Ghislain', NULL, 'womedo.ghislain.goa@checkM.edu.ci', NULL, 'En attente de confirmation', 11, 'Homme', '', '', '', '', 'default_profile.jpg', 5),
(292, 'Guipie', 'ETD2025279', 'Goualy Cyrille', NULL, 'goualy.cyrille.guipie@checkM.edu.ci', NULL, 'En attente de confirmation', 11, 'Homme', '', '', '', '', 'default_profile.jpg', 5),
(293, 'Hié', 'ETD2025280', 'Wallo Frédéric Auguste', NULL, 'wallo.frédéric.auguste.hié@checkM.edu.ci', NULL, 'En attente de confirmation', 11, 'Homme', '', '', '', '', 'default_profile.jpg', 5),
(294, 'Johnson', 'ETD2025281', 'Grace Yenin Edwige', NULL, 'grace.yenin.edwige.johnson@checkM.edu.ci', NULL, 'En attente de confirmation', 11, 'Homme', '', '', '', '', 'default_profile.jpg', 5),
(295, 'Kobena', 'ETD2025282', 'Attah Jean Achille', NULL, 'attah.jean.achille.kobena@checkM.edu.ci', NULL, 'En attente de confirmation', 11, 'Homme', '', '', '', '', 'default_profile.jpg', 5),
(296, 'Koffi', 'ETD2025283', 'Katché Olivier', NULL, 'katché.olivier.koffi@checkM.edu.ci', NULL, 'En attente de confirmation', 11, 'Homme', '', '', '', '', 'default_profile.jpg', 5),
(297, 'Koffi', 'ETD2025284', 'kouamé Fabrice', NULL, 'kouamé.fabrice.koffi@checkM.edu.ci', NULL, 'En attente de confirmation', 11, 'Homme', '', '', '', '', 'default_profile.jpg', 5),
(298, 'Koffi', 'ETD2025285', 'Mekhan Girault', NULL, 'mekhan.girault.koffi@checkM.edu.ci', NULL, 'En attente de confirmation', 11, 'Homme', '', '', '', '', 'default_profile.jpg', 5),
(299, 'Kouadio', 'ETD2025286', 'N\'guessan Richard', NULL, 'nguessan.richard.kouadio@checkM.edu.ci', NULL, 'En attente de confirmation', 11, 'Homme', '', '', '', '', 'default_profile.jpg', 5),
(300, 'Kouakou', 'ETD2025287', 'Nanhou Armande Elika', NULL, 'nanhou.armande.elika.kouakou@checkM.edu.ci', NULL, 'En attente de confirmation', 11, 'Homme', '', '', '', '', 'default_profile.jpg', 5),
(301, 'Kouakou', 'ETD2025288', 'Ouattara Affoussatou', NULL, 'ouattara.affoussatou.kouakou@checkM.edu.ci', NULL, 'En attente de confirmation', 11, 'Homme', '', '', '', '', 'default_profile.jpg', 5),
(302, 'Kouakou', 'ETD2025289', 'Wacrablet Ebony Hyacinthe', NULL, 'wacrablet.ebony.hyacinthe.kouakou@checkM.edu.ci', NULL, 'En attente de confirmation', 11, 'Homme', '', '', '', '', 'default_profile.jpg', 5),
(303, 'Kouamé', 'ETD2025290', 'Ahouo Clotilde', NULL, 'ahouo.clotilde.kouamé@checkM.edu.ci', NULL, 'En attente de confirmation', 11, 'Homme', '', '', '', '', 'default_profile.jpg', 5),
(304, 'Kouamé', 'ETD2025291', 'Kacou Christian', NULL, 'kacou.christian.kouamé@checkM.edu.ci', NULL, 'En attente de confirmation', 11, 'Homme', '', '', '', '', 'default_profile.jpg', 5),
(305, 'Kouassi', 'ETD2025292', 'Aka Marius', NULL, 'aka.marius.kouassi@checkM.edu.ci', NULL, 'En attente de confirmation', 11, 'Homme', '', '', '', '', 'default_profile.jpg', 5),
(306, 'Kouassi', 'ETD2025293', 'N\'gonian Emmanuel', NULL, 'ngonian.emmanuel.kouassi@checkM.edu.ci', NULL, 'En attente de confirmation', 11, 'Homme', '', '', '', '', 'default_profile.jpg', 5),
(307, 'Kouassi', 'ETD2025294', 'Zilé Yao Eric-Gael', NULL, 'zilé.yao.eric-gael.kouassi@checkM.edu.ci', NULL, 'En attente de confirmation', 11, 'Homme', '', '', '', '', 'default_profile.jpg', 5),
(308, 'Kouman', 'ETD2025295', 'Kouakou Sidoine', NULL, 'kouakou.sidoine.kouman@checkM.edu.ci', NULL, 'En attente de confirmation', 11, 'Homme', '', '', '', '', 'default_profile.jpg', 5),
(309, 'Mekoundé', 'ETD2025296', 'Olivier Clotaire', NULL, 'olivier.clotaire.mekoundé@checkM.edu.ci', NULL, 'En attente de confirmation', 11, 'Homme', '', '', '', '', 'default_profile.jpg', 5),
(310, 'Moro', 'ETD2025297', 'Yves-Kévin', NULL, 'yves-kévin.moro@checkM.edu.ci', NULL, 'En attente de confirmation', 11, 'Homme', '', '', '', '', 'default_profile.jpg', 5),
(311, 'N\'goran', 'ETD2025298', 'Angoua Omer N.', NULL, 'angoua.omer.n..ngoran@checkM.edu.ci', NULL, 'En attente de confirmation', 11, 'Homme', '', '', '', '', 'default_profile.jpg', 5),
(312, 'N\'goran', 'ETD2025299', 'N\'sikan Jean Baptiste', NULL, 'nsikan.jean.baptiste.ngoran@checkM.edu.ci', NULL, 'En attente de confirmation', 11, 'Homme', '', '', '', '', 'default_profile.jpg', 5),
(313, 'Ouattara', 'ETD2025300', 'Gninlipkoho Romuald', NULL, 'gninlipkoho.romuald.ouattara@checkM.edu.ci', NULL, 'En attente de confirmation', 11, 'Homme', '', '', '', '', 'default_profile.jpg', 5),
(314, 'Sylla', 'ETD2025301', 'Mohamed', NULL, 'mohamed.sylla@checkM.edu.ci', NULL, 'En attente de confirmation', 11, 'Homme', '', '', '', '', 'default_profile.jpg', 5),
(315, 'Tanoh', 'ETD2025302', 'Armel Désiré', NULL, 'armel.désiré.tanoh@checkM.edu.ci', NULL, 'En attente de confirmation', 11, 'Homme', '', '', '', '', 'default_profile.jpg', 5),
(316, 'Tia', 'ETD2025303', 'Gbongué Joel', NULL, 'gbongué.joel.tia@checkM.edu.ci', NULL, 'En attente de confirmation', 11, 'Homme', '', '', '', '', 'default_profile.jpg', 5),
(317, 'Touré', 'ETD2025304', 'Cédric Delan', NULL, 'cédric.delan.touré@checkM.edu.ci', NULL, 'En attente de confirmation', 11, 'Homme', '', '', '', '', 'default_profile.jpg', 5),
(318, 'Traoré', 'ETD2025305', 'Christelle Rénée', NULL, 'christelle.rénée.traoré@checkM.edu.ci', NULL, 'En attente de confirmation', 11, 'Homme', '', '', '', '', 'default_profile.jpg', 5),
(319, 'Vanon', 'ETD2025306', 'Teatoh Paul', NULL, 'teatoh.paul.vanon@checkM.edu.ci', NULL, 'En attente de confirmation', 11, 'Homme', '', '', '', '', 'default_profile.jpg', 5),
(320, 'Yao', 'ETD2025307', 'Kouakou Brice', NULL, 'kouakou.brice.yao@checkM.edu.ci', NULL, 'En attente de confirmation', 11, 'Homme', '', '', '', '', 'default_profile.jpg', 5),
(321, 'Yao', 'ETD2025308', 'Kouakou Patrick Olivier', NULL, 'kouakou.patrick.olivier.yao@checkM.edu.ci', NULL, 'En attente de confirmation', 11, 'Homme', '', '', '', '', 'default_profile.jpg', 5),
(322, 'Yapi', 'ETD2025309', 'Désiré Isaac', NULL, 'désiré.isaac.yapi@checkM.edu.ci', NULL, 'En attente de confirmation', 11, 'Homme', '', '', '', '', 'default_profile.jpg', 5),
(323, 'Aboulé', 'ETD2025310', 'Koko Jeanne-d\'Arc Ariane', NULL, 'koko.jeanne-darc.ariane.aboulé@checkM.edu.ci', NULL, 'En attente de confirmation', 12, 'Homme', '', '', '', '', 'default_profile.jpg', 5),
(324, 'Agnaramon', 'ETD2025311', 'Boris Carnot', NULL, 'boris.carnot.agnaramon@checkM.edu.ci', NULL, 'En attente de confirmation', 12, 'Homme', '', '', '', '', 'default_profile.jpg', 5),
(325, 'Amon', 'ETD2025312', 'Serge Kevin', NULL, 'serge.kevin.amon@checkM.edu.ci', NULL, 'En attente de confirmation', 12, 'Homme', '', '', '', '', 'default_profile.jpg', 5),
(326, 'Angora', 'ETD2025313', 'Loic Sosthène Kholou', NULL, 'loic.sosthène.kholou.angora@checkM.edu.ci', NULL, 'En attente de confirmation', 12, 'Homme', '', '', '', '', 'default_profile.jpg', 5),
(327, 'Atché', 'ETD2025314', 'Aka Henry Jacques', NULL, 'aka.henry.jacques.atché@checkM.edu.ci', NULL, 'En attente de confirmation', 12, 'Homme', '', '', '', '', 'default_profile.jpg', 5),
(328, 'Bakayoko', 'ETD2025315', 'Mamadou', NULL, 'mamadou.bakayoko@checkM.edu.ci', NULL, 'En attente de confirmation', 12, 'Homme', '', '', '', '', 'default_profile.jpg', 5),
(329, 'Bamba', 'ETD2025316', 'Moussa', NULL, 'moussa.bamba@checkM.edu.ci', NULL, 'En attente de confirmation', 12, 'Homme', '', '', '', '', 'default_profile.jpg', 5),
(330, 'Blague', 'ETD2025317', 'Segui Noel', NULL, 'segui.noel.blague@checkM.edu.ci', NULL, 'En attente de confirmation', 12, 'Homme', '', '', '', '', 'default_profile.jpg', 5),
(331, 'Blé', 'ETD2025318', 'Annoh Désiré P.C', NULL, 'annoh.désiré.p.c.blé@checkM.edu.ci', NULL, 'En attente de confirmation', 12, 'Homme', '', '', '', '', 'default_profile.jpg', 5),
(332, 'Bongo', 'ETD2025319', 'Murielle', NULL, 'murielle.bongo@checkM.edu.ci', NULL, 'En attente de confirmation', 12, 'Homme', '', '', '', '', 'default_profile.jpg', 5),
(333, 'Botti', 'ETD2025320', 'Billy Aymeric', NULL, 'billy.aymeric.botti@checkM.edu.ci', NULL, 'En attente de confirmation', 12, 'Homme', '', '', '', '', 'default_profile.jpg', 5),
(334, 'Coulibaly', 'ETD2025321', 'Bassiata', NULL, 'bassiata.coulibaly@checkM.edu.ci', NULL, 'En attente de confirmation', 12, 'Homme', '', '', '', '', 'default_profile.jpg', 5),
(335, 'Coulibaly', 'ETD2025322', 'Zié Abou', NULL, 'zié.abou.coulibaly@checkM.edu.ci', NULL, 'En attente de confirmation', 12, 'Homme', '', '', '', '', 'default_profile.jpg', 5),
(336, 'Dibi', 'ETD2025323', 'Bi Kavola Augustin', NULL, 'bi.kavola.augustin.dibi@checkM.edu.ci', NULL, 'En attente de confirmation', 12, 'Homme', '', '', '', '', 'default_profile.jpg', 5),
(337, 'Doh', 'ETD2025324', 'Stéphane Isaacs', NULL, 'stéphane.isaacs.doh@checkM.edu.ci', NULL, 'En attente de confirmation', 12, 'Homme', '', '', '', '', 'default_profile.jpg', 5),
(338, 'Ebe', 'ETD2025325', 'Gbebi Alex Auguste', NULL, 'gbebi.alex.auguste.ebe@checkM.edu.ci', NULL, 'En attente de confirmation', 12, 'Homme', '', '', '', '', 'default_profile.jpg', 5),
(339, 'Frondo', 'ETD2025326', 'Jean Daniel', NULL, 'jean.daniel.frondo@checkM.edu.ci', NULL, 'En attente de confirmation', 12, 'Homme', '', '', '', '', 'default_profile.jpg', 5),
(340, 'Gueu', 'ETD2025327', 'Loua Alexis', NULL, 'loua.alexis.gueu@checkM.edu.ci', NULL, 'En attente de confirmation', 12, 'Homme', '', '', '', '', 'default_profile.jpg', 5),
(341, 'Kangni', 'ETD2025328', 'Joel Kevin', NULL, 'joel.kevin.kangni@checkM.edu.ci', NULL, 'En attente de confirmation', 12, 'Homme', '', '', '', '', 'default_profile.jpg', 5),
(342, 'Kango', 'ETD2025329', 'Dioulo Etser Emmanuel', NULL, 'dioulo.etser.emmanuel.kango@checkM.edu.ci', NULL, 'En attente de confirmation', 12, 'Homme', '', '', '', '', 'default_profile.jpg', 5),
(343, 'Kessé', 'ETD2025330', 'Pote Senaho Brice Cyriaque', NULL, 'pote.senaho.brice.cyriaque.kessé@checkM.edu.ci', NULL, 'En attente de confirmation', 12, 'Homme', '', '', '', '', 'default_profile.jpg', 5),
(344, 'Konan', 'ETD2025331', 'Yao Franck', NULL, 'yao.franck.konan@checkM.edu.ci', NULL, 'En attente de confirmation', 12, 'Homme', '', '', '', '', 'default_profile.jpg', 5),
(345, 'Koua', 'ETD2025332', 'Valdez Edmon Saturnin', NULL, 'valdez.edmon.saturnin.koua@checkM.edu.ci', NULL, 'En attente de confirmation', 12, 'Homme', '', '', '', '', 'default_profile.jpg', 5),
(346, 'Kouadio', 'ETD2025333', 'Samou Moussa', NULL, 'samou.moussa.kouadio@checkM.edu.ci', NULL, 'En attente de confirmation', 12, 'Homme', '', '', '', '', 'default_profile.jpg', 5),
(347, 'Kouamé', 'ETD2025334', 'Franck Didier', NULL, 'franck.didier.kouamé@checkM.edu.ci', NULL, 'En attente de confirmation', 12, 'Homme', '', '', '', '', 'default_profile.jpg', 5),
(348, 'Kouassi', 'ETD2025335', 'Jean-Armel', NULL, 'jean-armel.kouassi@checkM.edu.ci', NULL, 'En attente de confirmation', 12, 'Homme', '', '', '', '', 'default_profile.jpg', 5),
(349, 'Koulaté', 'ETD2025336', 'Douai Yves-Alain', NULL, 'douai.yves-alain.koulaté@checkM.edu.ci', NULL, 'En attente de confirmation', 12, 'Homme', '', '', '', '', 'default_profile.jpg', 5),
(350, 'Koutene', 'ETD2025337', 'Yann Teddy', NULL, 'yann.teddy.koutene@checkM.edu.ci', NULL, 'En attente de confirmation', 12, 'Homme', '', '', '', '', 'default_profile.jpg', 5),
(351, 'Moegne', 'ETD2025338', 'Almedine Abdallah', NULL, 'almedine.abdallah.moegne@checkM.edu.ci', NULL, 'En attente de confirmation', 12, 'Homme', '', '', '', '', 'default_profile.jpg', 5),
(352, 'Oka', 'ETD2025339', 'Jean-Luc', NULL, 'jean-luc.oka@checkM.edu.ci', NULL, 'En attente de confirmation', 12, 'Homme', '', '', '', '', 'default_profile.jpg', 5),
(353, 'Touré', 'ETD2025340', 'Makoko Madou', NULL, 'makoko.madou.touré@checkM.edu.ci', NULL, 'En attente de confirmation', 12, 'Homme', '', '', '', '', 'default_profile.jpg', 5),
(354, 'Tra', 'ETD2025341', 'Lou T. Marie-Colombe A', NULL, 'lou.t..marie-colombe.a.tra@checkM.edu.ci', NULL, 'En attente de confirmation', 12, 'Homme', '', '', '', '', 'default_profile.jpg', 5),
(355, 'Traoré', 'ETD2025342', 'Mohamed', NULL, 'mohamed.traoré@checkM.edu.ci', NULL, 'En attente de confirmation', 12, 'Homme', '', '', '', '', 'default_profile.jpg', 5),
(356, 'Zézé', 'ETD2025343', 'Séri Joseph-Désiré', NULL, 'séri.joseph-désiré.zézé@checkM.edu.ci', NULL, 'En attente de confirmation', 12, 'Homme', '', '', '', '', 'default_profile.jpg', 5),
(357, 'Adomon', 'ETD2025344', 'Anongba Félix', NULL, 'anongba.félix.adomon@checkM.edu.ci', NULL, 'En attente de confirmation', 13, 'Homme', '', '', '', '', 'default_profile.jpg', 5),
(358, 'Atta', 'ETD2025345', 'Amoan Aurélie Nadia', NULL, 'amoan.aurélie.nadia.atta@checkM.edu.ci', NULL, 'En attente de confirmation', 13, 'Homme', '', '', '', '', 'default_profile.jpg', 5),
(359, 'Basse', 'ETD2025346', 'Paul', NULL, 'paul.basse@checkM.edu.ci', NULL, 'En attente de confirmation', 13, 'Homme', '', '', '', '', 'default_profile.jpg', 5),
(360, 'Cissé', 'ETD2025347', 'Abdoul Bamory', NULL, 'abdoul.bamory.cissé@checkM.edu.ci', NULL, 'En attente de confirmation', 13, 'Homme', '', '', '', '', 'default_profile.jpg', 5),
(361, 'Cissoko', 'ETD2025348', 'Abdel Aziz', NULL, 'abdel.aziz.cissoko@checkM.edu.ci', NULL, 'En attente de confirmation', 13, 'Homme', '', '', '', '', 'default_profile.jpg', 5),
(362, 'Coulibaly', 'ETD2025349', 'Nanleho Ismael', NULL, 'nanleho.ismael.coulibaly@checkM.edu.ci', NULL, 'En attente de confirmation', 13, 'Homme', '', '', '', '', 'default_profile.jpg', 5),
(363, 'Diahou', 'ETD2025350', 'Chiayé Marie Christelle', NULL, 'chiayé.marie.christelle.diahou@checkM.edu.ci', NULL, 'En attente de confirmation', 13, 'Homme', '', '', '', '', 'default_profile.jpg', 5),
(364, 'Djidji', 'ETD2025351', 'Kadjo Dieudonné Jean-Jacques', NULL, 'kadjo.dieudonné.jean-jacques.djidji@checkM.edu.ci', NULL, 'En attente de confirmation', 13, 'Homme', '', '', '', '', 'default_profile.jpg', 5),
(365, 'Duffi', 'ETD2025352', 'Konan Ismael', NULL, 'konan.ismael.duffi@checkM.edu.ci', NULL, 'En attente de confirmation', 13, 'Homme', '', '', '', '', 'default_profile.jpg', 5),
(366, 'Ehora', 'ETD2025353', 'Djaky Ange Michael', NULL, 'djaky.ange.michael.ehora@checkM.edu.ci', NULL, 'En attente de confirmation', 13, 'Homme', '', '', '', '', 'default_profile.jpg', 5),
(367, 'Ehouman', 'ETD2025354', 'Anne Audrey', NULL, 'anne.audrey.ehouman@checkM.edu.ci', NULL, 'En attente de confirmation', 13, 'Homme', '', '', '', '', 'default_profile.jpg', 5),
(368, 'Fodio', 'ETD2025355', 'Abo Yao Désiré', NULL, 'abo.yao.désiré.fodio@checkM.edu.ci', NULL, 'En attente de confirmation', 13, 'Homme', '', '', '', '', 'default_profile.jpg', 5),
(369, 'Gayé', 'ETD2025356', 'Mehibo Sylvestre', NULL, 'mehibo.sylvestre.gayé@checkM.edu.ci', NULL, 'En attente de confirmation', 13, 'Homme', '', '', '', '', 'default_profile.jpg', 5),
(370, 'Hoba', 'ETD2025357', 'Stephane Arnaud', NULL, 'stephane.arnaud.hoba@checkM.edu.ci', NULL, 'En attente de confirmation', 13, 'Homme', '', '', '', '', 'default_profile.jpg', 5),
(371, 'Karidioula', 'ETD2025358', 'Homar', NULL, 'homar.karidioula@checkM.edu.ci', NULL, 'En attente de confirmation', 13, 'Homme', '', '', '', '', 'default_profile.jpg', 5),
(372, 'Kouadio', 'ETD2025359', 'Djè Dominique', NULL, 'djè.dominique.kouadio@checkM.edu.ci', NULL, 'En attente de confirmation', 13, 'Homme', '', '', '', '', 'default_profile.jpg', 5),
(373, 'Kouakou', 'ETD2025360', 'Koffi Yves Forrest', NULL, 'koffi.yves.forrest.kouakou@checkM.edu.ci', NULL, 'En attente de confirmation', 13, 'Homme', '', '', '', '', 'default_profile.jpg', 5),
(374, 'Kouamé', 'ETD2025361', 'Animand Marc Wilfried', NULL, 'animand.marc.wilfried.kouamé@checkM.edu.ci', NULL, 'En attente de confirmation', 13, 'Homme', '', '', '', '', 'default_profile.jpg', 5),
(375, 'Kouassi', 'ETD2025362', 'Akoupo Joel P.', NULL, 'akoupo.joel.p..kouassi@checkM.edu.ci', NULL, 'En attente de confirmation', 13, 'Homme', '', '', '', '', 'default_profile.jpg', 5),
(376, 'Kouassi', 'ETD2025363', 'Kouakou Jocelin', NULL, 'kouakou.jocelin.kouassi@checkM.edu.ci', NULL, 'En attente de confirmation', 13, 'Homme', '', '', '', '', 'default_profile.jpg', 5),
(377, 'Kra', 'ETD2025364', 'Yao Ghislain', NULL, 'yao.ghislain.kra@checkM.edu.ci', NULL, 'En attente de confirmation', 13, 'Homme', '', '', '', '', 'default_profile.jpg', 5),
(378, 'Lavri', 'ETD2025365', 'Djava Aristide Alain', NULL, 'djava.aristide.alain.lavri@checkM.edu.ci', NULL, 'En attente de confirmation', 13, 'Homme', '', '', '', '', 'default_profile.jpg', 5),
(379, 'Mohamed', 'ETD2025366', 'Ibrahim Charles', NULL, 'ibrahim.charles.mohamed@checkM.edu.ci', NULL, 'En attente de confirmation', 13, 'Homme', '', '', '', '', 'default_profile.jpg', 5),
(380, 'N\'cho', 'ETD2025367', 'Yavo Isaac-Jonathan', NULL, 'yavo.isaac-jonathan.ncho@checkM.edu.ci', NULL, 'En attente de confirmation', 13, 'Homme', '', '', '', '', 'default_profile.jpg', 5),
(381, 'N\'dindin', 'ETD2025368', 'Laetitia-Yannick', NULL, 'laetitia-yannick.ndindin@checkM.edu.ci', NULL, 'En attente de confirmation', 13, 'Homme', '', '', '', '', 'default_profile.jpg', 5),
(382, 'N\'guessan', 'ETD2025369', 'Ahou Paule Célestine', NULL, 'ahou.paule.célestine.nguessan@checkM.edu.ci', NULL, 'En attente de confirmation', 13, 'Homme', '', '', '', '', 'default_profile.jpg', 5),
(383, 'N\'guessan', 'ETD2025370', 'Ives Martial Agnin', NULL, 'ives.martial.agnin.nguessan@checkM.edu.ci', NULL, 'En attente de confirmation', 13, 'Homme', '', '', '', '', 'default_profile.jpg', 5),
(384, 'N\'zi', 'ETD2025371', 'Yao Sidney Maurel', NULL, 'yao.sidney.maurel.nzi@checkM.edu.ci', NULL, 'En attente de confirmation', 13, 'Homme', '', '', '', '', 'default_profile.jpg', 5),
(385, 'Ouattara', 'ETD2025372', 'kobenan Landry', NULL, 'kobenan.landry.ouattara@checkM.edu.ci', NULL, 'En attente de confirmation', 13, 'Homme', '', '', '', '', 'default_profile.jpg', 5),
(386, 'Ouattara', 'ETD2025373', 'Kpampo Alex Wilfried', NULL, 'kpampo.alex.wilfried.ouattara@checkM.edu.ci', NULL, 'En attente de confirmation', 13, 'Homme', '', '', '', '', 'default_profile.jpg', 5),
(387, 'Oulobly', 'ETD2025374', 'Yoralanho Marc', NULL, 'yoralanho.marc.oulobly@checkM.edu.ci', NULL, 'En attente de confirmation', 13, 'Homme', '', '', '', '', 'default_profile.jpg', 5),
(388, 'Soumahoro', 'ETD2025375', 'Abdoul Karim', NULL, 'abdoul.karim.soumahoro@checkM.edu.ci', NULL, 'En attente de confirmation', 13, 'Homme', '', '', '', '', 'default_profile.jpg', 5),
(389, 'Tebi', 'ETD2025376', 'Yannick Armand Agouassé', NULL, 'yannick.armand.agouassé.tebi@checkM.edu.ci', NULL, 'En attente de confirmation', 13, 'Homme', '', '', '', '', 'default_profile.jpg', 5),
(390, 'Tonohoan', 'ETD2025377', 'Oza Maguy-Rose', NULL, 'oza.maguy-rose.tonohoan@checkM.edu.ci', NULL, 'En attente de confirmation', 13, 'Homme', '', '', '', '', 'default_profile.jpg', 5),
(391, 'Yapo', 'ETD2025378', 'Prudence Caniussus', NULL, 'prudence.caniussus.yapo@checkM.edu.ci', NULL, 'En attente de confirmation', 13, 'Homme', '', '', '', '', 'default_profile.jpg', 5),
(392, 'Yéo', 'ETD2025379', 'Katié', NULL, 'katié.yéo@checkM.edu.ci', NULL, 'En attente de confirmation', 13, 'Homme', '', '', '', '', 'default_profile.jpg', 5),
(393, 'Amoa', 'ETD2025380', 'Ablan Stéphanie', NULL, 'ablan.stéphanie.amoa@checkM.edu.ci', NULL, 'En attente de confirmation', 14, 'Homme', '', '', '', '', 'default_profile.jpg', 5),
(394, 'Assoumou', 'ETD2025381', 'Rose Christel', NULL, 'rose.christel.assoumou@checkM.edu.ci', NULL, 'En attente de confirmation', 14, 'Homme', '', '', '', '', 'default_profile.jpg', 5),
(395, 'Bamba', 'ETD2025382', 'Aboubakar Siriki', NULL, 'aboubakar.siriki.bamba@checkM.edu.ci', NULL, 'En attente de confirmation', 14, 'Homme', '', '', '', '', 'default_profile.jpg', 5),
(396, 'Coulibaly', 'ETD2025383', 'Mamadou', NULL, 'mamadou.coulibaly@checkM.edu.ci', NULL, 'En attente de confirmation', 14, 'Homme', '', '', '', '', 'default_profile.jpg', 5),
(397, 'Diarrassouba', 'ETD2025384', 'Nagnon Mamadou', NULL, 'nagnon.mamadou.diarrassouba@checkM.edu.ci', NULL, 'En attente de confirmation', 14, 'Homme', '', '', '', '', 'default_profile.jpg', 5),
(398, 'Feune', 'ETD2025385', 'Yves', NULL, 'yves.feune@checkM.edu.ci', NULL, 'En attente de confirmation', 14, 'Homme', '', '', '', '', 'default_profile.jpg', 5),
(399, 'Karamoko', 'ETD2025386', 'Ibrahim', NULL, 'ibrahim.karamoko@checkM.edu.ci', NULL, 'En attente de confirmation', 14, 'Homme', '', '', '', '', 'default_profile.jpg', 5),
(400, 'Keulegbe', 'ETD2025387', 'Franck-Cyril', NULL, 'franck-cyril.keulegbe@checkM.edu.ci', NULL, 'En attente de confirmation', 14, 'Homme', '', '', '', '', 'default_profile.jpg', 5),
(401, 'Koissi', 'ETD2025388', 'Elysée Morel James', NULL, 'elysée.morel.james.koissi@checkM.edu.ci', NULL, 'En attente de confirmation', 14, 'Homme', '', '', '', '', 'default_profile.jpg', 5),
(402, 'Koki', 'ETD2025389', 'Israël', NULL, 'israël.koki@checkM.edu.ci', NULL, 'En attente de confirmation', 14, 'Homme', '', '', '', '', 'default_profile.jpg', 5),
(403, 'Komana', 'ETD2025390', 'Parfait', NULL, 'parfait.komana@checkM.edu.ci', NULL, 'En attente de confirmation', 14, 'Homme', '', '', '', '', 'default_profile.jpg', 5),
(404, 'Konaté', 'ETD2025391', 'Dotégué Léon-Cédric', NULL, 'dotégué.léon-cédric.konaté@checkM.edu.ci', NULL, 'En attente de confirmation', 14, 'Homme', '', '', '', '', 'default_profile.jpg', 5),
(405, 'Kondou', 'ETD2025392', 'Terrence Yves Fallon', NULL, 'terrence.yves.fallon.kondou@checkM.edu.ci', NULL, 'En attente de confirmation', 14, 'Homme', '', '', '', '', 'default_profile.jpg', 5),
(406, 'Maud', 'ETD2025393', 'Charles-Olivier Kadjo', NULL, 'charles-olivier.kadjo.maud@checkM.edu.ci', NULL, 'En attente de confirmation', 14, 'Homme', '', '', '', '', 'default_profile.jpg', 5),
(407, 'Mondah', 'ETD2025394', 'Aristide Arnaud', NULL, 'aristide.arnaud.mondah@checkM.edu.ci', NULL, 'En attente de confirmation', 14, 'Homme', '', '', '', '', 'default_profile.jpg', 5),
(408, 'N\'guessan', 'ETD2025395', 'Léandre Yvon', NULL, 'léandre.yvon.nguessan@checkM.edu.ci', NULL, 'En attente de confirmation', 14, 'Homme', '', '', '', '', 'default_profile.jpg', 5),
(409, 'Ogou', 'ETD2025396', 'Fréjuss', NULL, 'fréjuss.ogou@checkM.edu.ci', NULL, 'En attente de confirmation', 14, 'Homme', '', '', '', '', 'default_profile.jpg', 5),
(410, 'Ouattara', 'ETD2025397', 'Dramane Fanhyogo', NULL, 'dramane.fanhyogo.ouattara@checkM.edu.ci', NULL, 'En attente de confirmation', 14, 'Homme', '', '', '', '', 'default_profile.jpg', 5),
(411, 'Ouattara', 'ETD2025398', 'Gbassoloko Chris-Isaïe', NULL, 'gbassoloko.chris-isaïe.ouattara@checkM.edu.ci', NULL, 'En attente de confirmation', 14, 'Homme', '', '', '', '', 'default_profile.jpg', 5),
(412, 'Traoré', 'ETD2025399', 'N\'nan Aïcha Jocelyne', NULL, 'nnan.aïcha.jocelyne.traoré@checkM.edu.ci', NULL, 'En attente de confirmation', 14, 'Homme', '', '', '', '', 'default_profile.jpg', 5),
(413, 'Balié', 'ETD2025400', 'Gnahoua Marc-Michel', NULL, 'gnahoua.marc-michel.balié@checkM.edu.ci', NULL, 'En attente de confirmation', 15, 'Homme', '', '', '', '', 'default_profile.jpg', 5),
(414, 'Koffi', 'ETD2025401', 'Kousso Claverie De Camille', NULL, 'kousso.claverie.de.camille.koffi@checkM.edu.ci', NULL, 'En attente de confirmation', 15, 'Homme', '', '', '', '', 'default_profile.jpg', 5),
(415, 'Mondah', 'ETD2025402', 'Aristide Arnaud', NULL, 'aristide.arnaud.mondah@checkM.edu.ci', NULL, 'En attente de confirmation', 15, 'Homme', '', '', '', '', 'default_profile.jpg', 5),
(416, 'N\'cho', 'ETD2025403', 'Chippaux Pierrette Naomie', NULL, 'chippaux.pierrette.naomie.ncho@checkM.edu.ci', NULL, 'En attente de confirmation', 15, 'Homme', '', '', '', '', 'default_profile.jpg', 5),
(417, 'N\'guessan', 'ETD2025404', 'Kadjo Léon', NULL, 'kadjo.léon.nguessan@checkM.edu.ci', NULL, 'En attente de confirmation', 15, 'Homme', '', '', '', '', 'default_profile.jpg', 5),
(418, 'Traoré', 'ETD2025405', 'Fatime', NULL, 'fatime.traoré@checkM.edu.ci', NULL, 'En attente de confirmation', 15, 'Homme', '', '', '', '', 'default_profile.jpg', 5),
(419, 'Akpagnon', 'ETD2025406', 'Koffi', NULL, 'koffi.akpagnon@checkM.edu.ci', NULL, 'En attente de confirmation', 16, 'Homme', '', '', '', '', 'default_profile.jpg', 5),
(420, 'Amand', 'ETD2025407', 'Kouakou Yann-Axel', NULL, 'kouakou.yann-axel.amand@checkM.edu.ci', NULL, 'En attente de confirmation', 16, 'Homme', '', '', '', '', 'default_profile.jpg', 5),
(421, 'Atokoli', 'ETD2025408', 'Kra Affoue Larissa Estelle', NULL, 'kra.affoue.larissa.estelle.atokoli@checkM.edu.ci', NULL, 'En attente de confirmation', 16, 'Homme', '', '', '', '', 'default_profile.jpg', 5),
(422, 'Badolo', 'ETD2025409', 'Koffi Marius', NULL, 'koffi.marius.badolo@checkM.edu.ci', NULL, 'En attente de confirmation', 16, 'Homme', '', '', '', '', 'default_profile.jpg', 5),
(423, 'Coulibaly', 'ETD2025410', 'Myriam', NULL, 'myriam.coulibaly@checkM.edu.ci', NULL, 'En attente de confirmation', 16, 'Homme', '', '', '', '', 'default_profile.jpg', 5),
(424, 'Diao', 'ETD2025411', 'Moussa', NULL, 'moussa.diao@checkM.edu.ci', NULL, 'En attente de confirmation', 16, 'Homme', '', '', '', '', 'default_profile.jpg', 5),
(425, 'Diarrassouba', 'ETD2025412', 'Mamadou', NULL, 'mamadou.diarrassouba@checkM.edu.ci', NULL, 'En attente de confirmation', 16, 'Homme', '', '', '', '', 'default_profile.jpg', 5),
(426, 'Dosso', 'ETD2025413', 'Abdoul-Rhamane', NULL, 'abdoul-rhamane.dosso@checkM.edu.ci', NULL, 'En attente de confirmation', 16, 'Homme', '', '', '', '', 'default_profile.jpg', 5),
(427, 'Doumbia', 'ETD2025414', 'Anliou Badrah Kévin', NULL, 'anliou.badrah.kévin.doumbia@checkM.edu.ci', NULL, 'En attente de confirmation', 16, 'Homme', '', '', '', '', 'default_profile.jpg', 5),
(428, 'Ehinon', 'ETD2025415', 'Arriko Désiré Ebenezer', NULL, 'arriko.désiré.ebenezer.ehinon@checkM.edu.ci', NULL, 'En attente de confirmation', 16, 'Homme', '', '', '', '', 'default_profile.jpg', 5),
(429, 'Guindo', 'ETD2025416', 'Abdoulaye', NULL, 'abdoulaye.guindo@checkM.edu.ci', NULL, 'En attente de confirmation', 16, 'Homme', '', '', '', '', 'default_profile.jpg', 5),
(430, 'Kacou', 'ETD2025417', 'Ehouman Narcisse Innocent', NULL, 'ehouman.narcisse.innocent.kacou@checkM.edu.ci', NULL, 'En attente de confirmation', 16, 'Homme', '', '', '', '', 'default_profile.jpg', 5),
(431, 'Kimou', 'ETD2025418', 'N\'tamon Jean Philipe', NULL, 'ntamon.jean.philipe.kimou@checkM.edu.ci', NULL, 'En attente de confirmation', 16, 'Homme', '', '', '', '', 'default_profile.jpg', 5),
(432, 'Koffi', 'ETD2025419', 'Adjo Ruth', NULL, 'adjo.ruth.koffi@checkM.edu.ci', NULL, 'En attente de confirmation', 16, 'Homme', '', '', '', '', 'default_profile.jpg', 5),
(433, 'Kouamé', 'ETD2025420', 'Amoin Maéva', NULL, 'amoin.maéva.kouamé@checkM.edu.ci', NULL, 'En attente de confirmation', 16, 'Homme', '', '', '', '', 'default_profile.jpg', 5),
(434, 'Kouamelan', 'ETD2025421', 'Franck-Eric Lionel', NULL, 'franck-eric.lionel.kouamelan@checkM.edu.ci', NULL, 'En attente de confirmation', 16, 'Homme', '', '', '', '', 'default_profile.jpg', 5),
(435, 'Sayni', 'ETD2025422', 'Koffi Bernadin Pacome', NULL, 'koffi.bernadin.pacome.sayni@checkM.edu.ci', NULL, 'En attente de confirmation', 16, 'Homme', '', '', '', '', 'default_profile.jpg', 5),
(436, 'Seh', 'ETD2025423', 'Wilfried Amos', NULL, 'wilfried.amos.seh@checkM.edu.ci', NULL, 'En attente de confirmation', 16, 'Homme', '', '', '', '', 'default_profile.jpg', 5),
(437, 'Yao', 'ETD2025424', 'Doucaci Anselme', NULL, 'doucaci.anselme.yao@checkM.edu.ci', NULL, 'En attente de confirmation', 16, 'Homme', '', '', '', '', 'default_profile.jpg', 5),
(438, 'Adou', 'ETD2025425', 'Bobo Thierry Hervé', NULL, 'bobo.thierry.hervé.adou@checkM.edu.ci', NULL, 'En attente de confirmation', 17, 'Homme', '', '', '', '', 'default_profile.jpg', 5),
(439, 'Adou', 'ETD2025426', 'Lorraine Victoire Akalé', NULL, 'lorraine.victoire.akalé.adou@checkM.edu.ci', NULL, 'En attente de confirmation', 17, 'Homme', '', '', '', '', 'default_profile.jpg', 5),
(440, 'Alao', 'ETD2025427', 'Paul-Hermann', NULL, 'paul-hermann.alao@checkM.edu.ci', NULL, 'En attente de confirmation', 17, 'Homme', '', '', '', '', 'default_profile.jpg', 5),
(441, 'Alléchy', 'ETD2025428', 'Assi Axel Alex', NULL, 'assi.axel.alex.alléchy@checkM.edu.ci', NULL, 'En attente de confirmation', 17, 'Homme', '', '', '', '', 'default_profile.jpg', 5),
(442, 'Attiembono', 'ETD2025429', 'Jean Cédric', NULL, 'jean.cédric.attiembono@checkM.edu.ci', NULL, 'En attente de confirmation', 17, 'Homme', '', '', '', '', 'default_profile.jpg', 5),
(443, 'Bamba', 'ETD2025430', 'Arnaud Maurice', NULL, 'arnaud.maurice.bamba@checkM.edu.ci', NULL, 'En attente de confirmation', 17, 'Homme', '', '', '', '', 'default_profile.jpg', 5),
(444, 'Bidi', 'ETD2025431', 'Paul Pascal', NULL, 'paul.pascal.bidi@checkM.edu.ci', NULL, 'En attente de confirmation', 17, 'Homme', '', '', '', '', 'default_profile.jpg', 5),
(445, 'Boua', 'ETD2025432', 'Léandre N\'guessan', NULL, 'léandre.nguessan.boua@checkM.edu.ci', NULL, 'En attente de confirmation', 17, 'Homme', '', '', '', '', 'default_profile.jpg', 5),
(446, 'Coulibaly', 'ETD2025433', 'Awa', NULL, 'awa.coulibaly@checkM.edu.ci', NULL, 'En attente de confirmation', 17, 'Homme', '', '', '', '', 'default_profile.jpg', 5),
(447, 'Dembélé', 'ETD2025434', 'Loseni', NULL, 'loseni.dembélé@checkM.edu.ci', NULL, 'En attente de confirmation', 17, 'Homme', '', '', '', '', 'default_profile.jpg', 5),
(448, 'Diarrassouba', 'ETD2025435', 'Gniriwa Aminata', NULL, 'gniriwa.aminata.diarrassouba@checkM.edu.ci', NULL, 'En attente de confirmation', 17, 'Homme', '', '', '', '', 'default_profile.jpg', 5),
(449, 'Diarrassouba', 'ETD2025436', 'Mohamed', NULL, 'mohamed.diarrassouba@checkM.edu.ci', NULL, 'En attente de confirmation', 17, 'Homme', '', '', '', '', 'default_profile.jpg', 5),
(450, 'Dibi', 'ETD2025437', 'Brice Armand Kouassi', NULL, 'brice.armand.kouassi.dibi@checkM.edu.ci', NULL, 'En attente de confirmation', 17, 'Homme', '', '', '', '', 'default_profile.jpg', 5),
(451, 'Dibi', 'ETD2025438', 'Goli N\'guessan Yoann Eric', NULL, 'goli.nguessan.yoann.eric.dibi@checkM.edu.ci', NULL, 'En attente de confirmation', 17, 'Homme', '', '', '', '', 'default_profile.jpg', 5),
(452, 'Diplo', 'ETD2025439', 'Sopi Adonis Maxence', NULL, 'sopi.adonis.maxence.diplo@checkM.edu.ci', NULL, 'En attente de confirmation', 17, 'Homme', '', '', '', '', 'default_profile.jpg', 5),
(453, 'Doh', 'ETD2025440', 'Bi Boa César', NULL, 'bi.boa.césar.doh@checkM.edu.ci', NULL, 'En attente de confirmation', 17, 'Homme', '', '', '', '', 'default_profile.jpg', 5),
(454, 'Douassé', 'ETD2025441', 'Kouétho', NULL, 'kouétho.douassé@checkM.edu.ci', NULL, 'En attente de confirmation', 17, 'Homme', '', '', '', '', 'default_profile.jpg', 5),
(455, 'Ehounou', 'ETD2025442', 'Ama Sémira Claude Hermine', NULL, 'ama.sémira.claude.hermine.ehounou@checkM.edu.ci', NULL, 'En attente de confirmation', 17, 'Homme', '', '', '', '', 'default_profile.jpg', 5),
(456, 'Gbamélé', 'ETD2025443', 'Andréa Aimée Stéphanie', NULL, 'andréa.aimée.stéphanie.gbamélé@checkM.edu.ci', NULL, 'En attente de confirmation', 17, 'Homme', '', '', '', '', 'default_profile.jpg', 5),
(457, 'Goly', 'ETD2025444', 'Ephrem', NULL, 'ephrem.goly@checkM.edu.ci', NULL, 'En attente de confirmation', 17, 'Homme', '', '', '', '', 'default_profile.jpg', 5),
(458, 'Houessinon', 'ETD2025445', 'Landry Ayodé', NULL, 'landry.ayodé.houessinon@checkM.edu.ci', NULL, 'En attente de confirmation', 17, 'Homme', '', '', '', '', 'default_profile.jpg', 5),
(459, 'Koffi', 'ETD2025446', 'N\'zué Sandra', NULL, 'nzué.sandra.koffi@checkM.edu.ci', NULL, 'En attente de confirmation', 17, 'Homme', '', '', '', '', 'default_profile.jpg', 5),
(460, 'Kouakou', 'ETD2025447', 'Yao Akouadja Cyriaque Roxane', NULL, 'yao.akouadja.cyriaque.roxane.kouakou@checkM.edu.ci', NULL, 'En attente de confirmation', 17, 'Homme', '', '', '', '', 'default_profile.jpg', 5),
(461, 'Mondahan', 'ETD2025448', 'Lydie Aimée', NULL, 'lydie.aimée.mondahan@checkM.edu.ci', NULL, 'En attente de confirmation', 17, 'Homme', '', '', '', '', 'default_profile.jpg', 5),
(462, 'N\'guessan', 'ETD2025449', 'Ahou Célestine', NULL, 'ahou.célestine.nguessan@checkM.edu.ci', NULL, 'En attente de confirmation', 17, 'Homme', '', '', '', '', 'default_profile.jpg', 5),
(463, 'Ouattara', 'ETD2025450', 'Dramane', NULL, 'dramane.ouattara@checkM.edu.ci', NULL, 'En attente de confirmation', 17, 'Homme', '', '', '', '', 'default_profile.jpg', 5),
(464, 'Ouattara', 'ETD2025451', 'Zié Alhassane', NULL, 'zié.alhassane.ouattara@checkM.edu.ci', NULL, 'En attente de confirmation', 17, 'Homme', '', '', '', '', 'default_profile.jpg', 5),
(465, 'Seye', 'ETD2025452', 'Abdoul Kader Cédric', NULL, 'abdoul.kader.cédric.seye@checkM.edu.ci', NULL, 'En attente de confirmation', 17, 'Homme', '', '', '', '', 'default_profile.jpg', 5),
(466, 'Sidibé', 'ETD2025453', 'Mohamed', NULL, 'mohamed.sidibé@checkM.edu.ci', NULL, 'En attente de confirmation', 17, 'Homme', '', '', '', '', 'default_profile.jpg', 5),
(467, 'Tanoe', 'ETD2025454', 'Adjoba Sarah-Marguerite', NULL, 'adjoba.sarah-marguerite.tanoe@checkM.edu.ci', NULL, 'En attente de confirmation', 17, 'Homme', '', '', '', '', 'default_profile.jpg', 5),
(468, 'Vanié', 'ETD2025455', 'Charles', NULL, 'charles.vanié@checkM.edu.ci', NULL, 'En attente de confirmation', 17, 'Homme', '', '', '', '', 'default_profile.jpg', 5),
(469, 'Yao', 'ETD2025456', 'Marie Ange Elvire', NULL, 'marie.ange.elvire.yao@checkM.edu.ci', NULL, 'En attente de confirmation', 17, 'Homme', '', '', '', '', 'default_profile.jpg', 5),
(470, 'Yatté', 'ETD2025457', 'Acho William', NULL, 'acho.william.yatté@checkM.edu.ci', NULL, 'En attente de confirmation', 17, 'Homme', '', '', '', '', 'default_profile.jpg', 5),
(471, 'Yesso', 'ETD2025458', 'Linda Ange Aminata', NULL, 'linda.ange.aminata.yesso@checkM.edu.ci', NULL, 'En attente de confirmation', 17, 'Homme', '', '', '', '', 'default_profile.jpg', 5),
(472, 'Aka', 'ETD2025459', 'Christian de Pacques', NULL, 'christian.de.pacques.aka@checkM.edu.ci', NULL, 'En attente de confirmation', 18, 'Homme', '', '', '', '', 'default_profile.jpg', 5),
(473, 'Alla', 'ETD2025460', 'Akouba Ange Orlane', NULL, 'akouba.ange.orlane.alla@checkM.edu.ci', NULL, 'En attente de confirmation', 18, 'Homme', '', '', '', '', 'default_profile.jpg', 5),
(474, 'Ayénon', 'ETD2025461', 'Marc-Arnaud', NULL, 'marc-arnaud.ayénon@checkM.edu.ci', NULL, 'En attente de confirmation', 18, 'Homme', '', '', '', '', 'default_profile.jpg', 5),
(475, 'Boly', 'ETD2025462', 'Yannick Ivann', NULL, 'yannick.ivann.boly@checkM.edu.ci', NULL, 'En attente de confirmation', 18, 'Homme', '', '', '', '', 'default_profile.jpg', 5),
(476, 'Guelade', 'ETD2025463', 'Kévin', NULL, 'kévin.guelade@checkM.edu.ci', NULL, 'En attente de confirmation', 18, 'Homme', '', '', '', '', 'default_profile.jpg', 5),
(477, 'Houndji', 'ETD2025464', 'Kouadio Lionnel', NULL, 'kouadio.lionnel.houndji@checkM.edu.ci', NULL, 'En attente de confirmation', 18, 'Homme', '', '', '', '', 'default_profile.jpg', 5),
(478, 'Kamo', 'ETD2025465', 'Zoé Rodrigue', NULL, 'zoé.rodrigue.kamo@checkM.edu.ci', NULL, 'En attente de confirmation', 18, 'Homme', '', '', '', '', 'default_profile.jpg', 5),
(479, 'Kassamba', 'ETD2025466', 'Diaby Alassane Samuel', NULL, 'diaby.alassane.samuel.kassamba@checkM.edu.ci', NULL, 'En attente de confirmation', 18, 'Homme', '', '', '', '', 'default_profile.jpg', 5),
(480, 'Koet', 'ETD2025467', 'Bi Boh Charbel', NULL, 'bi.boh.charbel.koet@checkM.edu.ci', NULL, 'En attente de confirmation', 18, 'Homme', '', '', '', '', 'default_profile.jpg', 5),
(481, 'Konan', 'ETD2025468', 'Harvey Désiré', NULL, 'harvey.désiré.konan@checkM.edu.ci', NULL, 'En attente de confirmation', 18, 'Homme', '', '', '', '', 'default_profile.jpg', 5),
(482, 'Konan', 'ETD2025469', 'Yao Jean Elisée', NULL, 'yao.jean.elisée.konan@checkM.edu.ci', NULL, 'En attente de confirmation', 18, 'Homme', '', '', '', '', 'default_profile.jpg', 5),
(483, 'Koné', 'ETD2025470', 'Ouahouele Hermann Désiré', NULL, 'ouahouele.hermann.désiré.koné@checkM.edu.ci', NULL, 'En attente de confirmation', 18, 'Homme', '', '', '', '', 'default_profile.jpg', 5),
(484, 'Kouadio', 'ETD2025471', 'Stéphane Emmrich', NULL, 'stéphane.emmrich.kouadio@checkM.edu.ci', NULL, 'En attente de confirmation', 18, 'Homme', '', '', '', '', 'default_profile.jpg', 5),
(485, 'Kouamé', 'ETD2025472', 'Prince Samuel', NULL, 'prince.samuel.kouamé@checkM.edu.ci', NULL, 'En attente de confirmation', 18, 'Homme', '', '', '', '', 'default_profile.jpg', 5),
(486, 'Kouassi', 'ETD2025473', 'Lorraine Ekou', NULL, 'lorraine.ekou.kouassi@checkM.edu.ci', NULL, 'En attente de confirmation', 18, 'Homme', '', '', '', '', 'default_profile.jpg', 5),
(487, 'Kouassi', 'ETD2025474', 'Theya Aoubla Francisca', NULL, 'theya.aoubla.francisca.kouassi@checkM.edu.ci', NULL, 'En attente de confirmation', 18, 'Homme', '', '', '', '', 'default_profile.jpg', 5),
(488, 'Nanihio', 'ETD2025475', 'Marie Milène Cynthia', NULL, 'marie.milène.cynthia.nanihio@checkM.edu.ci', NULL, 'En attente de confirmation', 18, 'Homme', '', '', '', '', 'default_profile.jpg', 5),
(489, 'Salifou', 'ETD2025476', 'Georges-Erwin Christian', NULL, 'georges-erwin.christian.salifou@checkM.edu.ci', NULL, 'En attente de confirmation', 18, 'Homme', '', '', '', '', 'default_profile.jpg', 5),
(490, 'Sanogo', 'ETD2025477', 'Abdoul-Aziz Moussa', NULL, 'abdoul-aziz.moussa.sanogo@checkM.edu.ci', NULL, 'En attente de confirmation', 18, 'Homme', '', '', '', '', 'default_profile.jpg', 5),
(491, 'Soumahoro', 'ETD2025478', 'Aboubakar', NULL, 'aboubakar.soumahoro@checkM.edu.ci', NULL, 'En attente de confirmation', 18, 'Homme', '', '', '', '', 'default_profile.jpg', 5),
(492, 'Ano', 'ETD2025479', 'N\'ganza Jean-Noel Romaric', NULL, 'nganza.jean-noel.romaric.ano@checkM.edu.ci', NULL, 'En attente de confirmation', 19, 'Homme', '', '', '', '', 'default_profile.jpg', 5),
(493, 'Bakayoko', 'ETD2025480', 'Myriam Ana', NULL, 'myriam.ana.bakayoko@checkM.edu.ci', NULL, 'En attente de confirmation', 19, 'Homme', '', '', '', '', 'default_profile.jpg', 5),
(494, 'Boka', 'ETD2025481', 'Chiadon Anita Marlène', NULL, 'chiadon.anita.marlène.boka@checkM.edu.ci', NULL, 'En attente de confirmation', 19, 'Homme', '', '', '', '', 'default_profile.jpg', 5),
(495, 'Brou', 'ETD2025482', 'Arthur Fiacre', NULL, 'arthur.fiacre.brou@checkM.edu.ci', NULL, 'En attente de confirmation', 19, 'Homme', '', '', '', '', 'default_profile.jpg', 5),
(496, 'Diarrassouba', 'ETD2025483', 'Siaka', NULL, 'siaka.diarrassouba@checkM.edu.ci', NULL, 'En attente de confirmation', 19, 'Homme', '', '', '', '', 'default_profile.jpg', 5),
(497, 'Djécketh', 'ETD2025484', 'Aniela Carly', NULL, 'aniela.carly.djécketh@checkM.edu.ci', NULL, 'En attente de confirmation', 19, 'Homme', '', '', '', '', 'default_profile.jpg', 5),
(498, 'Gnogan', 'ETD2025485', 'Amichia Paul-Emmanuel', NULL, 'amichia.paul-emmanuel.gnogan@checkM.edu.ci', NULL, 'En attente de confirmation', 19, 'Homme', '', '', '', '', 'default_profile.jpg', 5),
(499, 'Kadouno', 'ETD2025486', 'Jean-Louis', NULL, 'jean-louis.kadouno@checkM.edu.ci', NULL, 'En attente de confirmation', 19, 'Homme', '', '', '', '', 'default_profile.jpg', 5),
(500, 'Konan', 'ETD2025487', 'Serges landry', NULL, 'serges.landry.konan@checkM.edu.ci', NULL, 'En attente de confirmation', 19, 'Homme', '', '', '', '', 'default_profile.jpg', 5),
(501, 'Koné', 'ETD2025488', 'Ibrahim Zié', NULL, 'ibrahim.zié.koné@checkM.edu.ci', NULL, 'En attente de confirmation', 19, 'Homme', '', '', '', '', 'default_profile.jpg', 5),
(502, 'Kouao', 'ETD2025489', 'Ayé Boris', NULL, 'ayé.boris.kouao@checkM.edu.ci', NULL, 'En attente de confirmation', 19, 'Homme', '', '', '', '', 'default_profile.jpg', 5),
(503, 'Kouassi', 'ETD2025490', 'Oumar Ouattara', NULL, 'oumar.ouattara.kouassi@checkM.edu.ci', NULL, 'En attente de confirmation', 19, 'Homme', '', '', '', '', 'default_profile.jpg', 5),
(504, 'Lago', 'ETD2025491', 'Aya Josiane Christelle', NULL, 'aya.josiane.christelle.lago@checkM.edu.ci', NULL, 'En attente de confirmation', 19, 'Homme', '', '', '', '', 'default_profile.jpg', 5),
(505, 'Mian', 'ETD2025492', 'Angui Arnaud Michel', NULL, 'angui.arnaud.michel.mian@checkM.edu.ci', NULL, 'En attente de confirmation', 19, 'Homme', '', '', '', '', 'default_profile.jpg', 5),
(506, 'Ouattara', 'ETD2025493', 'Zelé mariam', NULL, 'zelé.mariam.ouattara@checkM.edu.ci', NULL, 'En attente de confirmation', 19, 'Homme', '', '', '', '', 'default_profile.jpg', 5),
(507, 'Soro', 'ETD2025494', 'Diabiga Khader Aziz', NULL, 'diabiga.khader.aziz.soro@checkM.edu.ci', NULL, 'En attente de confirmation', 19, 'Homme', '', '', '', '', 'default_profile.jpg', 5),
(508, 'Soro', 'ETD2025495', 'Fougnigué Kanigui Daouda', NULL, 'fougnigué.kanigui.daouda.soro@checkM.edu.ci', NULL, 'En attente de confirmation', 19, 'Homme', '', '', '', '', 'default_profile.jpg', 5),
(509, 'Soro', 'ETD2025496', 'Kolo Siaka', NULL, 'kolo.siaka.soro@checkM.edu.ci', NULL, 'En attente de confirmation', 19, 'Homme', '', '', '', '', 'default_profile.jpg', 5),
(510, 'Soulé', 'ETD2025497', 'Arémou Malick Aziz', NULL, 'arémou.malick.aziz.soulé@checkM.edu.ci', NULL, 'En attente de confirmation', 19, 'Homme', '', '', '', '', 'default_profile.jpg', 5),
(511, 'Touré', 'ETD2025498', 'William Benjamin-Noel', NULL, 'william.benjamin-noel.touré@checkM.edu.ci', NULL, 'En attente de confirmation', 19, 'Homme', '', '', '', '', 'default_profile.jpg', 5),
(512, 'Yao', 'ETD2025499', 'Josué Kouakou Jean Pierre', NULL, 'josué.kouakou.jean.pierre.yao@checkM.edu.ci', NULL, 'En attente de confirmation', 19, 'Homme', '', '', '', '', 'default_profile.jpg', 5),
(513, 'Yao-Saki', 'ETD2025500', 'Marlène Mirsha Hathémann Danielle', NULL, 'marlène.mirsha.hathémann.danielle.yao-saki@checkM.edu.ci', NULL, 'En attente de confirmation', 19, 'Homme', '', '', '', '', 'default_profile.jpg', 5),
(514, 'Amichia', 'ETD2025501', 'Kpovlé Emmanuel Junior', NULL, 'kpovlé.emmanuel.junior.amichia@checkM.edu.ci', NULL, 'En attente de confirmation', 20, 'Homme', '', '', '', '', 'default_profile.jpg', 5),
(515, 'Anoma', 'ETD2025502', 'Dadié Jean Christophe', NULL, 'dadié.jean.christophe.anoma@checkM.edu.ci', NULL, 'En attente de confirmation', 20, 'Homme', '', '', '', '', 'default_profile.jpg', 5),
(516, 'Assi', 'ETD2025503', 'Ange Emmanuel', NULL, 'ange.emmanuel.assi@checkM.edu.ci', NULL, 'En attente de confirmation', 20, 'Homme', '', '', '', '', 'default_profile.jpg', 5),
(517, 'Atsé', 'ETD2025504', 'Moyé Anicet', NULL, 'moyé.anicet.atsé@checkM.edu.ci', NULL, 'En attente de confirmation', 20, 'Homme', '', '', '', '', 'default_profile.jpg', 5),
(518, 'Bouédiro', 'ETD2025505', 'Djamoin Steve Benjamin', NULL, 'djamoin.steve.benjamin.bouédiro@checkM.edu.ci', NULL, 'En attente de confirmation', 20, 'Homme', '', '', '', '', 'default_profile.jpg', 5),
(519, 'Cissé', 'ETD2025506', 'Nana', NULL, 'nana.cissé@checkM.edu.ci', NULL, 'En attente de confirmation', 20, 'Homme', '', '', '', '', 'default_profile.jpg', 5),
(520, 'Coulibaly', 'ETD2025507', 'Gningninri Othniel Samson', NULL, 'gningninri.othniel.samson.coulibaly@checkM.edu.ci', NULL, 'En attente de confirmation', 20, 'Homme', '', '', '', '', 'default_profile.jpg', 5),
(521, 'Diomandé', 'ETD2025508', 'Habdoul Yacine Megbene', NULL, 'habdoul.yacine.megbene.diomandé@checkM.edu.ci', NULL, 'En attente de confirmation', 20, 'Homme', '', '', '', '', 'default_profile.jpg', 5),
(522, 'Diomandé', 'ETD2025509', 'Vamonkié Jean Hubert', NULL, 'vamonkié.jean.hubert.diomandé@checkM.edu.ci', NULL, 'En attente de confirmation', 20, 'Homme', '', '', '', '', 'default_profile.jpg', 5),
(523, 'Kadio', 'ETD2025510', 'N\'gadi Jean Marc Tokou', NULL, 'ngadi.jean.marc.tokou.kadio@checkM.edu.ci', NULL, 'En attente de confirmation', 20, 'Homme', '', '', '', '', 'default_profile.jpg', 5),
(524, 'Kamarou', 'ETD2025511', 'Samaad Opeyemi', NULL, 'samaad.opeyemi.kamarou@checkM.edu.ci', NULL, 'En attente de confirmation', 20, 'Homme', '', '', '', '', 'default_profile.jpg', 5),
(525, 'Kinhon', 'ETD2025512', 'Jean François D\'assise', NULL, 'jean.françois.dassise.kinhon@checkM.edu.ci', NULL, 'En attente de confirmation', 20, 'Homme', '', '', '', '', 'default_profile.jpg', 5),
(526, 'Koffi', 'ETD2025513', 'Kra Herbert Donatien', NULL, 'kra.herbert.donatien.koffi@checkM.edu.ci', NULL, 'En attente de confirmation', 20, 'Homme', '', '', '', '', 'default_profile.jpg', 5),
(527, 'Koffi', 'ETD2025514', 'William Chrisostome', NULL, 'william.chrisostome.koffi@checkM.edu.ci', NULL, 'En attente de confirmation', 20, 'Homme', '', '', '', '', 'default_profile.jpg', 5),
(528, 'Kouadio', 'ETD2025515', 'Messou Ange Patrick', NULL, 'messou.ange.patrick.kouadio@checkM.edu.ci', NULL, 'En attente de confirmation', 20, 'Homme', '', '', '', '', 'default_profile.jpg', 5),
(529, 'Kouamé', 'ETD2025516', 'Boni Ezechiel', NULL, 'boni.ezechiel.kouamé@checkM.edu.ci', NULL, 'En attente de confirmation', 20, 'Homme', '', '', '', '', 'default_profile.jpg', 5),
(530, 'Kouamé', 'ETD2025517', 'Kouassi Oscar', NULL, 'kouassi.oscar.kouamé@checkM.edu.ci', NULL, 'En attente de confirmation', 20, 'Homme', '', '', '', '', 'default_profile.jpg', 5),
(531, 'Malan', 'ETD2025518', 'Kassi Jean-Chris Emmanuel', NULL, 'kassi.jean-chris.emmanuel.malan@checkM.edu.ci', NULL, 'En attente de confirmation', 20, 'Homme', '', '', '', '', 'default_profile.jpg', 5),
(532, 'N\'guessan', 'ETD2025519', 'Adjoua Fleur-Esther', NULL, 'adjoua.fleur-esther.nguessan@checkM.edu.ci', NULL, 'En attente de confirmation', 20, 'Homme', '', '', '', '', 'default_profile.jpg', 5),
(533, 'N\'guessan', 'ETD2025520', 'Técléky Akrou Vidal', NULL, 'técléky.akrou.vidal.nguessan@checkM.edu.ci', NULL, 'En attente de confirmation', 20, 'Homme', '', '', '', '', 'default_profile.jpg', 5),
(534, 'Nomahou', 'ETD2025521', 'Wanna Elyan Patrick Dido', NULL, 'wanna.elyan.patrick.dido.nomahou@checkM.edu.ci', NULL, 'En attente de confirmation', 20, 'Homme', '', '', '', '', 'default_profile.jpg', 5),
(535, 'Oholli', 'ETD2025522', 'Assamoi Kofi Hugues Aimé', NULL, 'assamoi.kofi.hugues.aimé.oholli@checkM.edu.ci', NULL, 'En attente de confirmation', 20, 'Homme', '', '', '', '', 'default_profile.jpg', 5),
(536, 'Ouattara', 'ETD2025523', 'Chêrê Myriam Marie-Eva Jacqueline', NULL, 'chêrê.myriam.marie-eva.jacqueline.ouattara@checkM.edu.ci', NULL, 'En attente de confirmation', 20, 'Homme', '', '', '', '', 'default_profile.jpg', 5),
(537, 'Oyou', 'ETD2025524', 'Assoko Paul E.', NULL, 'assoko.paul.e..oyou@checkM.edu.ci', NULL, 'En attente de confirmation', 20, 'Homme', '', '', '', '', 'default_profile.jpg', 5),
(538, 'Siméda', 'ETD2025525', 'Ezekias Mike Prince', NULL, 'ezekias.mike.prince.siméda@checkM.edu.ci', NULL, 'En attente de confirmation', 20, 'Homme', '', '', '', '', 'default_profile.jpg', 5),
(539, 'Sohou', 'ETD2025526', 'Marc-Arthur Gbadié', NULL, 'marc-arthur.gbadié.sohou@checkM.edu.ci', NULL, 'En attente de confirmation', 20, 'Homme', '', '', '', '', 'default_profile.jpg', 5),
(540, 'Tano', 'ETD2025527', 'Kouadio Barthelemy Junior', NULL, 'kouadio.barthelemy.junior.tano@checkM.edu.ci', NULL, 'En attente de confirmation', 20, 'Homme', '', '', '', '', 'default_profile.jpg', 5),
(541, 'Tia', 'ETD2025528', 'N\'déa Demaurelle', NULL, 'ndéa.demaurelle.tia@checkM.edu.ci', NULL, 'En attente de confirmation', 20, 'Homme', '', '', '', '', 'default_profile.jpg', 5),
(542, 'Touré', 'ETD2025529', 'Sounkaro Klinnan Ariel', NULL, 'sounkaro.klinnan.ariel.touré@checkM.edu.ci', NULL, 'En attente de confirmation', 20, 'Homme', '', '', '', '', 'default_profile.jpg', 5),
(543, 'Traby', 'ETD2025530', 'Japhet Arnold', NULL, 'japhet.arnold.traby@checkM.edu.ci', NULL, 'En attente de confirmation', 20, 'Homme', '', '', '', '', 'default_profile.jpg', 5),
(544, 'Yao', 'ETD2025531', 'Emmanuel Mardochée Onan', NULL, 'emmanuel.mardochée.onan.yao@checkM.edu.ci', NULL, 'En attente de confirmation', 20, 'Homme', '', '', '', '', 'default_profile.jpg', 5),
(545, 'Yapo', 'ETD2025532', 'Jean Stephane Ruben Assy', NULL, 'jean.stephane.ruben.assy.yapo@checkM.edu.ci', NULL, 'En attente de confirmation', 20, 'Homme', '', '', '', '', 'default_profile.jpg', 5),
(546, 'Assémien', 'ETD2025533', 'Kouamé Flavien', NULL, 'kouamé.flavien.assémien@checkM.edu.ci', NULL, 'En attente de confirmation', 21, 'Homme', '', '', '', '', 'default_profile.jpg', 5),
(547, 'Coulibaly', 'ETD2025534', 'Ismaël', NULL, 'ismaël.coulibaly@checkM.edu.ci', NULL, 'En attente de confirmation', 21, 'Homme', '', '', '', '', 'default_profile.jpg', 5),
(548, 'Coulibaly', 'ETD2025535', 'Tiékoura Hervé', NULL, 'tiékoura.hervé.coulibaly@checkM.edu.ci', NULL, 'En attente de confirmation', 21, 'Homme', '', '', '', '', 'default_profile.jpg', 5),
(549, 'Diomandé', 'ETD2025536', 'Dely Ange', NULL, 'dely.ange.diomandé@checkM.edu.ci', NULL, 'En attente de confirmation', 21, 'Homme', '', '', '', '', 'default_profile.jpg', 5),
(550, 'Famié', 'ETD2025537', 'Ange Junior', NULL, 'ange.junior.famié@checkM.edu.ci', NULL, 'En attente de confirmation', 21, 'Homme', '', '', '', '', 'default_profile.jpg', 5),
(551, 'Gohi', 'ETD2025538', 'Ange Marlène', NULL, 'ange.marlène.gohi@checkM.edu.ci', NULL, 'En attente de confirmation', 21, 'Homme', '', '', '', '', 'default_profile.jpg', 5),
(552, 'Kaboré', 'ETD2025539', 'Emmanuel', NULL, 'emmanuel.kaboré@checkM.edu.ci', NULL, 'En attente de confirmation', 21, 'Homme', '', '', '', '', 'default_profile.jpg', 5);
INSERT INTO `etudiants` (`num_etd`, `nom_etd`, `num_carte_etd`, `prenom_etd`, `date_naissance_etd`, `email_etd`, `mdp_etd`, `statut_eligibilite`, `id_promotion`, `sexe_etd`, `num_tel_etd`, `adresse_etd`, `ville_etd`, `pays_etd`, `photo_etd`, `id_niv_etd`) VALUES
(553, 'Koffi', 'ETD2025540', 'Cyl Bethsaléel', NULL, 'cyl.bethsaléel.koffi@checkM.edu.ci', NULL, 'En attente de confirmation', 21, 'Homme', '', '', '', '', 'default_profile.jpg', 5),
(554, 'Lodioro', 'ETD2025541', 'Prunelle', NULL, 'prunelle.lodioro@checkM.edu.ci', NULL, 'En attente de confirmation', 21, 'Homme', '', '', '', '', 'default_profile.jpg', 5),
(555, 'N\'guessan', 'ETD2025542', 'Aurore', NULL, 'aurore.nguessan@checkM.edu.ci', NULL, 'En attente de confirmation', 21, 'Homme', '', '', '', '', 'default_profile.jpg', 5),
(556, 'Sahoré', 'ETD2025543', 'Kimberly', NULL, 'kimberly.sahoré@checkM.edu.ci', NULL, 'En attente de confirmation', 21, 'Homme', '', '', '', '', 'default_profile.jpg', 5),
(557, 'Soro', 'ETD2025544', 'Ibrahim', NULL, 'ibrahim.soro@checkM.edu.ci', NULL, 'En attente de confirmation', 21, 'Homme', '', '', '', '', 'default_profile.jpg', 5),
(558, 'Touré', 'ETD2025545', 'Katinan', NULL, 'katinan.touré@checkM.edu.ci', NULL, 'En attente de confirmation', 21, 'Homme', '', '', '', '', 'default_profile.jpg', 5),
(559, 'Yao', 'ETD2025546', 'Kan Maurice', NULL, 'kan.maurice.yao@checkM.edu.ci', NULL, 'En attente de confirmation', 21, 'Homme', '', '', '', '', 'default_profile.jpg', 5),
(560, 'Alagbo', 'ETD2025547', 'Koffi Uriel', NULL, 'koffi.uriel.alagbo@checkM.edu.ci', NULL, 'En attente de confirmation', 22, 'Homme', '', '', '', '', 'default_profile.jpg', 5),
(561, 'Coulibaly', 'ETD2025548', 'Koutianga Malick', NULL, 'koutianga.malick.coulibaly@checkM.edu.ci', NULL, 'En attente de confirmation', 22, 'Homme', '', '', '', '', 'default_profile.jpg', 5),
(562, 'Coulibaly', 'ETD2025549', 'Sanga Narcisse', NULL, 'sanga.narcisse.coulibaly@checkM.edu.ci', NULL, 'En attente de confirmation', 22, 'Homme', '', '', '', '', 'default_profile.jpg', 5),
(563, 'Diaby', 'ETD2025550', 'Hadidja', NULL, 'hadidja.diaby@checkM.edu.ci', NULL, 'En attente de confirmation', 22, 'Homme', '', '', '', '', 'default_profile.jpg', 5),
(564, 'Douampo', 'ETD2025551', 'Marie-Joseph Armel', NULL, 'marie-joseph.armel.douampo@checkM.edu.ci', NULL, 'En attente de confirmation', 22, 'Homme', '', '', '', '', 'default_profile.jpg', 5),
(565, 'Gbé', 'ETD2025552', 'Sekou', NULL, 'sekou.gbé@checkM.edu.ci', NULL, 'En attente de confirmation', 22, 'Homme', '', '', '', '', 'default_profile.jpg', 5),
(566, 'Konan', 'ETD2025553', 'Yann Mendel', NULL, 'yann.mendel.konan@checkM.edu.ci', NULL, 'En attente de confirmation', 22, 'Homme', '', '', '', '', 'default_profile.jpg', 5),
(567, 'Kouadio', 'ETD2025554', 'Kouakou Desiré', NULL, 'kouakou.desiré.kouadio@checkM.edu.ci', NULL, 'En attente de confirmation', 22, 'Homme', '', '', '', '', 'default_profile.jpg', 5),
(568, 'Kouadio', 'ETD2025555', 'Yao-Elysé Vedrine', NULL, 'yao-elysé.vedrine.kouadio@checkM.edu.ci', NULL, 'En attente de confirmation', 22, 'Homme', '', '', '', '', 'default_profile.jpg', 5),
(569, 'Kouakou', 'ETD2025556', 'Henri Joel', NULL, 'henri.joel.kouakou@checkM.edu.ci', NULL, 'En attente de confirmation', 22, 'Homme', '', '', '', '', 'default_profile.jpg', 5),
(570, 'Kouassi', 'ETD2025557', 'Jean Emmanuel', NULL, 'jean.emmanuel.kouassi@checkM.edu.ci', NULL, 'En attente de confirmation', 22, 'Homme', '', '', '', '', 'default_profile.jpg', 5),
(571, 'Samy', 'ETD2025558', 'Bi Licalo', NULL, 'bi.licalo.samy@checkM.edu.ci', NULL, 'En attente de confirmation', 22, 'Homme', '', '', '', '', 'default_profile.jpg', 5),
(572, 'Traoré', 'ETD2025559', 'Amy', NULL, 'amy.traoré@checkM.edu.ci', NULL, 'En attente de confirmation', 22, 'Homme', '', '', '', '', 'default_profile.jpg', 5),
(573, 'Yao', 'ETD2025560', 'Kouamé Elie-Noel', NULL, 'kouamé.elie-noel.yao@checkM.edu.ci', NULL, 'En attente de confirmation', 22, 'Homme', '', '', '', '', 'default_profile.jpg', 5);

-- --------------------------------------------------------

--
-- Structure de la table `evaluer_ecue`
--

DROP TABLE IF EXISTS `evaluer_ecue`;
CREATE TABLE IF NOT EXISTS `evaluer_ecue` (
  `id_eval_ecue` int NOT NULL AUTO_INCREMENT,
  `num_etd` varchar(50) NOT NULL,
  `id_ecue` int NOT NULL,
  `id_semestre` int NOT NULL,
  `id_ac` int NOT NULL,
  `id_personnel_adm` int NOT NULL,
  `note` decimal(5,2) NOT NULL,
  `credit` int NOT NULL,
  `date_eval` datetime NOT NULL DEFAULT CURRENT_TIMESTAMP,
  PRIMARY KEY (`id_eval_ecue`),
  KEY `num_etd` (`num_etd`),
  KEY `id_ecue` (`id_ecue`),
  KEY `id_semestre` (`id_semestre`),
  KEY `id_ac` (`id_ac`),
  KEY `id_personnel_adm` (`id_personnel_adm`)
) ENGINE=MyISAM AUTO_INCREMENT=115 DEFAULT CHARSET=utf8mb4 COLLATE=utf8mb4_0900_ai_ci;

--
-- Déchargement des données de la table `evaluer_ecue`
--

INSERT INTO `evaluer_ecue` (`id_eval_ecue`, `num_etd`, `id_ecue`, `id_semestre`, `id_ac`, `id_personnel_adm`, `note`, `credit`, `date_eval`) VALUES
(93, '1', 1130, 4, 2524, 3, 14.80, 3, '2025-06-30 23:26:47'),
(92, '1', 1128, 4, 2524, 3, 12.80, 3, '2025-06-30 23:26:47'),
(91, '1', 1127, 4, 2524, 3, 11.80, 2, '2025-06-30 23:26:47'),
(90, '1', 1130, 4, 2524, 3, 10.80, 3, '2025-06-30 23:22:22'),
(89, '1', 1128, 4, 2524, 3, 12.80, 3, '2025-06-30 23:22:22'),
(88, '1', 1127, 4, 2524, 3, 11.80, 2, '2025-06-30 23:22:22'),
(87, '1', 1130, 4, 2524, 3, 10.80, 3, '2025-06-30 23:22:19'),
(86, '1', 1128, 4, 2524, 3, 12.80, 3, '2025-06-30 23:22:19'),
(85, '1', 1127, 4, 2524, 3, 11.80, 2, '2025-06-30 23:22:19'),
(84, '1', 1135, 4, 2524, 3, 15.00, 2, '2025-06-30 23:16:34'),
(83, '1', 1134, 4, 2524, 3, 14.00, 2, '2025-06-30 23:16:34'),
(82, '1', 1133, 4, 2524, 3, 14.00, 2, '2025-06-30 23:16:34'),
(81, '1', 1132, 4, 2524, 3, 13.20, 4, '2025-06-30 23:16:34'),
(80, '1', 1131, 4, 2524, 3, 14.80, 2, '2025-06-30 23:16:34'),
(79, '1', 1130, 4, 2524, 3, 10.80, 3, '2025-06-30 23:16:34'),
(78, '1', 1128, 4, 2524, 3, 12.80, 2, '2025-06-30 23:16:34'),
(77, '1', 1127, 4, 2524, 3, 11.80, 2, '2025-06-30 23:16:34'),
(76, '1', 1121, 3, 2524, 3, 11.60, 3, '2025-06-30 23:12:36'),
(75, '1', 1120, 3, 2524, 3, 13.80, 3, '2025-06-30 23:12:36'),
(74, '1', 1126, 3, 2524, 3, 10.60, 2, '2025-06-30 23:12:36'),
(73, '1', 1125, 3, 2524, 3, 11.20, 2, '2025-06-30 23:12:36'),
(72, '1', 1124, 3, 2524, 3, 14.20, 2, '2025-06-30 23:12:36'),
(71, '1', 1123, 3, 2524, 3, 14.80, 2, '2025-06-30 23:12:36'),
(70, '1', 1122, 3, 2524, 3, 6.40, 2, '2025-06-30 23:12:36'),
(69, '1', 1137, 3, 2524, 3, 13.20, 3, '2025-06-30 23:12:36'),
(68, '1', 1136, 3, 2524, 3, 13.60, 3, '2025-06-30 23:12:36'),
(94, '1', 1131, 4, 2524, 3, 14.80, 2, '2025-06-30 23:26:47'),
(95, '1', 1132, 4, 2524, 3, 13.20, 4, '2025-06-30 23:26:47'),
(96, '1', 1133, 4, 2524, 3, 14.00, 2, '2025-06-30 23:26:47'),
(97, '1', 1134, 4, 2524, 3, 14.00, 2, '2025-06-30 23:26:47'),
(98, '1', 1135, 4, 2524, 3, 15.00, 2, '2025-06-30 23:26:47'),
(99, '1', 1127, 4, 2524, 3, 11.80, 2, '2025-06-30 23:27:22'),
(100, '1', 1128, 4, 2524, 3, 12.80, 3, '2025-06-30 23:27:22'),
(101, '1', 1130, 4, 2524, 3, 14.80, 3, '2025-06-30 23:27:22'),
(102, '1', 1131, 4, 2524, 3, 14.80, 2, '2025-06-30 23:27:22'),
(103, '1', 1132, 4, 2524, 3, 13.20, 4, '2025-06-30 23:27:22'),
(104, '1', 1133, 4, 2524, 3, 14.00, 2, '2025-06-30 23:27:22'),
(105, '1', 1134, 4, 2524, 3, 14.00, 2, '2025-06-30 23:27:22'),
(106, '1', 1135, 4, 2524, 3, 15.00, 2, '2025-06-30 23:27:22'),
(107, '1', 1127, 4, 2524, 3, 11.80, 2, '2025-06-30 23:37:18'),
(108, '1', 1128, 4, 2524, 3, 12.80, 3, '2025-06-30 23:37:18'),
(109, '1', 1130, 4, 2524, 3, 14.80, 3, '2025-06-30 23:37:18'),
(110, '1', 1131, 4, 2524, 3, 14.80, 2, '2025-06-30 23:37:18'),
(111, '1', 1132, 4, 2524, 3, 13.20, 4, '2025-06-30 23:37:18'),
(112, '1', 1133, 4, 2524, 3, 14.00, 2, '2025-06-30 23:37:18'),
(113, '1', 1134, 4, 2524, 3, 14.00, 2, '2025-06-30 23:37:18'),
(114, '1', 1135, 4, 2524, 3, 15.00, 2, '2025-06-30 23:37:18');

-- --------------------------------------------------------

--
-- Structure de la table `evaluer_ue`
--

DROP TABLE IF EXISTS `evaluer_ue`;
CREATE TABLE IF NOT EXISTS `evaluer_ue` (
  `id_eval_ue` int NOT NULL AUTO_INCREMENT,
  `num_etd` varchar(20) NOT NULL,
  `id_ue` int NOT NULL,
  `id_semestre` int NOT NULL,
  `id_ac` int NOT NULL,
  `id_personnel_adm` int NOT NULL,
  `note` decimal(4,2) NOT NULL,
  `credit` int NOT NULL,
  `date_eval` datetime DEFAULT CURRENT_TIMESTAMP,
  PRIMARY KEY (`id_eval_ue`),
  UNIQUE KEY `unique_evaluation_ue` (`num_etd`,`id_ue`,`id_semestre`,`id_ac`,`id_personnel_adm`),
  KEY `id_ue` (`id_ue`),
  KEY `id_semestre` (`id_semestre`),
  KEY `id_ac` (`id_ac`),
  KEY `id_personnel_adm` (`id_personnel_adm`)
) ENGINE=MyISAM AUTO_INCREMENT=61 DEFAULT CHARSET=utf8mb4 COLLATE=utf8mb4_0900_ai_ci;

--
-- Déchargement des données de la table `evaluer_ue`
--

INSERT INTO `evaluer_ue` (`id_eval_ue`, `num_etd`, `id_ue`, `id_semestre`, `id_ac`, `id_personnel_adm`, `note`, `credit`, `date_eval`) VALUES
(44, '1', 2409, 4, 2524, 3, 10.80, 2, '2025-06-30 23:37:18'),
(43, '1', 2408, 4, 2524, 3, 15.00, 2, '2025-06-30 23:37:18'),
(38, '1', 2302, 3, 2524, 3, 15.40, 2, '2025-06-30 23:12:36'),
(42, '1', 2406, 4, 2524, 3, 18.20, 3, '2025-06-30 23:37:18'),
(41, '1', 2403, 4, 2524, 3, 12.75, 3, '2025-06-30 23:37:18'),
(40, '1', 2306, 3, 2524, 3, 12.80, 3, '2025-06-30 23:12:36'),
(39, '1', 2304, 3, 2524, 3, 13.00, 3, '2025-06-30 23:12:36'),
(53, '2', 2901, 9, 2524, 3, 15.00, 3, '2025-07-02 01:00:16'),
(54, '2', 2902, 9, 2524, 3, 9.00, 6, '2025-07-02 01:00:16'),
(55, '2', 2903, 9, 2524, 3, 5.00, 3, '2025-07-02 01:00:16'),
(56, '2', 2904, 9, 2524, 3, 1.00, 2, '2025-07-02 01:00:16'),
(57, '2', 2905, 9, 2524, 3, 12.00, 3, '2025-07-02 01:00:16'),
(58, '2', 2906, 9, 2524, 3, 10.00, 3, '2025-07-02 01:00:16'),
(59, '2', 2907, 9, 2524, 3, 17.00, 3, '2025-07-02 01:00:16'),
(60, '2', 2908, 9, 2524, 3, 10.00, 2, '2025-07-02 01:00:16');

-- --------------------------------------------------------

--
-- Structure de la table `faire_stage`
--

DROP TABLE IF EXISTS `faire_stage`;
CREATE TABLE IF NOT EXISTS `faire_stage` (
  `num_etd` int NOT NULL,
  `id_entr` int NOT NULL,
  `intitule_stage` varchar(255) DEFAULT NULL,
  `description_stage` text NOT NULL,
  `type_stage` enum('stage_fin_etude','stage_immersion') DEFAULT NULL,
  `date_debut` date DEFAULT NULL,
  `date_fin` date DEFAULT NULL,
  `date_env` date DEFAULT NULL,
  `nom_tuteur` varchar(100) NOT NULL,
  `poste_tuteur` varchar(60) NOT NULL,
  `telephone_tuteur` varchar(30) NOT NULL,
  `email_tuteur` varchar(130) NOT NULL,
  PRIMARY KEY (`num_etd`,`id_entr`),
  KEY `id_entr` (`id_entr`)
) ENGINE=InnoDB DEFAULT CHARSET=utf8mb4 COLLATE=utf8mb4_0900_ai_ci;

-- --------------------------------------------------------

--
-- Structure de la table `fonction`
--

DROP TABLE IF EXISTS `fonction`;
CREATE TABLE IF NOT EXISTS `fonction` (
  `id_fonction` int NOT NULL,
  `nom_fonction` varchar(100) DEFAULT NULL,
  PRIMARY KEY (`id_fonction`)
) ENGINE=MyISAM DEFAULT CHARSET=utf8mb4 COLLATE=utf8mb4_0900_ai_ci;

--
-- Déchargement des données de la table `fonction`
--

INSERT INTO `fonction` (`id_fonction`, `nom_fonction`) VALUES
(1, 'Directeur de filière'),
(2, 'Responsable de licence'),
(3, 'Responsable de master'),
(4, 'Enseignant vacataire');

-- --------------------------------------------------------

--
-- Structure de la table `frais_inscription`
--

DROP TABLE IF EXISTS `frais_inscription`;
CREATE TABLE IF NOT EXISTS `frais_inscription` (
  `id_frais` int NOT NULL AUTO_INCREMENT,
  `id_niv_etd` int NOT NULL,
  `id_ac` int NOT NULL,
  `montant` decimal(10,2) NOT NULL,
  PRIMARY KEY (`id_frais`),
  KEY `fk_frais_niveau` (`id_niv_etd`),
  KEY `fk_frais_annee` (`id_ac`)
) ENGINE=MyISAM AUTO_INCREMENT=6 DEFAULT CHARSET=utf8mb4 COLLATE=utf8mb4_0900_ai_ci;

--
-- Déchargement des données de la table `frais_inscription`
--

INSERT INTO `frais_inscription` (`id_frais`, `id_niv_etd`, `id_ac`, `montant`) VALUES
(1, 1, 2524, 780000.00),
(2, 2, 2524, 800000.00),
(3, 3, 2524, 860000.00),
(4, 4, 2524, 925000.00),
(5, 5, 2524, 975000.00);

-- --------------------------------------------------------

--
-- Structure de la table `grade`
--

DROP TABLE IF EXISTS `grade`;
CREATE TABLE IF NOT EXISTS `grade` (
  `id_grd` int NOT NULL,
  `nom_grd` varchar(50) DEFAULT NULL,
  PRIMARY KEY (`id_grd`)
) ENGINE=MyISAM DEFAULT CHARSET=utf8mb4 COLLATE=utf8mb4_0900_ai_ci;

--
-- Déchargement des données de la table `grade`
--

INSERT INTO `grade` (`id_grd`, `nom_grd`) VALUES
(1, 'Professeur d\'université'),
(2, 'Maître de conférences'),
(3, 'Chargé d\'enseignement'),
(4, 'Doctorant enseignant');

-- --------------------------------------------------------

--
-- Structure de la table `groupe_utilisateur`
--

DROP TABLE IF EXISTS `groupe_utilisateur`;
CREATE TABLE IF NOT EXISTS `groupe_utilisateur` (
  `id_gu` int NOT NULL,
  `lib_gu` varchar(100) DEFAULT NULL,
  PRIMARY KEY (`id_gu`)
) ENGINE=MyISAM DEFAULT CHARSET=utf8mb4 COLLATE=utf8mb4_0900_ai_ci;

--
-- Déchargement des données de la table `groupe_utilisateur`
--

INSERT INTO `groupe_utilisateur` (`id_gu`, `lib_gu`) VALUES
(1, 'Étudiant'),
(2, 'Chargé de communication'),
(3, 'Responsable scolarité'),
(4, 'Secrétaire'),
(5, 'Enseignant sans responsabilité administrative'),
(6, 'Responsable niveau'),
(7, 'Responsable filière'),
(8, 'Administrateur plateforme'),
(9, 'Commission de validation');

-- --------------------------------------------------------

--
-- Structure de la table `historique_envoi`
--

DROP TABLE IF EXISTS `historique_envoi`;
CREATE TABLE IF NOT EXISTS `historique_envoi` (
  `id_historique` int NOT NULL AUTO_INCREMENT,
  `id_cr` int NOT NULL,
  `email_destinataire` varchar(255) COLLATE utf8mb4_unicode_ci NOT NULL,
  `date_envoi` datetime NOT NULL,
  `statut` enum('succès','échec') COLLATE utf8mb4_unicode_ci NOT NULL,
  `message_erreur` text COLLATE utf8mb4_unicode_ci,
  PRIMARY KEY (`id_historique`),
  KEY `id_cr` (`id_cr`)
) ENGINE=InnoDB AUTO_INCREMENT=49 DEFAULT CHARSET=utf8mb4 COLLATE=utf8mb4_unicode_ci;

-- --------------------------------------------------------

--
-- Structure de la table `inscrire`
--

DROP TABLE IF EXISTS `inscrire`;
CREATE TABLE IF NOT EXISTS `inscrire` (
  `num_etd` int NOT NULL,
  `id_ac` int NOT NULL,
  `id_niv_etd` int NOT NULL,
  `date_insc` date DEFAULT NULL,
  `montant` decimal(10,2) DEFAULT NULL,
  PRIMARY KEY (`num_etd`,`id_ac`,`id_niv_etd`),
  KEY `id_ac` (`id_ac`),
  KEY `id_niv_etd` (`id_niv_etd`)
) ENGINE=MyISAM DEFAULT CHARSET=utf8mb4 COLLATE=utf8mb4_0900_ai_ci;

-- --------------------------------------------------------

--
-- Structure de la table `messages`
--

DROP TABLE IF EXISTS `messages`;
CREATE TABLE IF NOT EXISTS `messages` (
  `id_message` int NOT NULL AUTO_INCREMENT,
  `expediteur_id` int DEFAULT NULL,
  `destinataire_id` int DEFAULT NULL,
  `destinataire_type` enum('individuel','groupe','commission','étudiant','tous') DEFAULT 'individuel',
  `objet` varchar(255) DEFAULT NULL,
  `contenu` text NOT NULL,
  `type_message` enum('chat','notification','email','rappel','systeme','alerte') NOT NULL,
  `categorie` enum('memoire','evaluation','deadline','commission','general','réunion') CHARACTER SET utf8mb4 COLLATE utf8mb4_0900_ai_ci DEFAULT 'general',
  `priorite` enum('basse','normale','haute','urgente') DEFAULT 'normale',
  `statut` enum('brouillon','envoyé','lu','archivé','supprimé','répondu','non lu') CHARACTER SET utf8mb4 COLLATE utf8mb4_0900_ai_ci DEFAULT 'envoyé',
  `date_creation` timestamp NULL DEFAULT CURRENT_TIMESTAMP,
  `date_envoi` timestamp NULL DEFAULT NULL,
  `date_lecture` timestamp NULL DEFAULT NULL,
  `date_rappel` timestamp NULL DEFAULT NULL,
  `rapport_id` int DEFAULT NULL,
  `message_reference_id` int DEFAULT NULL,
  PRIMARY KEY (`id_message`),
  KEY `message_reference_id` (`message_reference_id`),
  KEY `idx_expediteur` (`expediteur_id`),
  KEY `idx_destinataire` (`destinataire_id`),
  KEY `idx_type` (`type_message`),
  KEY `idx_statut` (`statut`),
  KEY `idx_date_creation` (`date_creation`),
  KEY `idx_rapport` (`rapport_id`)
) ENGINE=MyISAM AUTO_INCREMENT=103 DEFAULT CHARSET=utf8mb4 COLLATE=utf8mb4_0900_ai_ci;

--
-- Déchargement des données de la table `messages`
--

INSERT INTO `messages` (`id_message`, `expediteur_id`, `destinataire_id`, `destinataire_type`, `objet`, `contenu`, `type_message`, `categorie`, `priorite`, `statut`, `date_creation`, `date_envoi`, `date_lecture`, `date_rappel`, `rapport_id`, `message_reference_id`) VALUES
(80, 1, 14, 'individuel', 'SALUTATION !!', 'Bonjour etudiant', 'chat', 'general', 'normale', 'répondu', '2025-06-25 18:19:09', '2025-06-25 18:19:09', NULL, NULL, NULL, NULL),
(81, 14, 1, 'individuel', 'Re: SALUTATION !!', 'Hey bro', 'chat', '', 'normale', '', '2025-06-25 18:20:15', '2025-06-25 18:20:15', NULL, NULL, NULL, NULL),
(78, 11, 14, 'individuel', 'Votre rapport a été rejeté', 'Bonjour Ange Axel GOMEZ,<br><br>Nous regrettons de vous informer que votre rapport <strong>\"Big\"</strong> n\'a pas été approuvé pour les raisons suivantes:<br><div style=\'background-color: #f8f9fa; padding: 15px; border-left: 4px solid #e74c3c; margin-top: 10px; margin-bottom: 10px;\'><p style=\'margin: 0;\'>Structure a revoir</p></div><p>Nous vous encourageons à apporter les modifications nécessaires et à soumettre une nouvelle version.</p><p>Cordialement,<br>L\'équipe Check Master</p>', '', 'evaluation', 'normale', 'supprimé', '2025-06-25 13:56:26', '2025-06-25 13:56:26', NULL, NULL, NULL, NULL),
(79, 11, 14, 'individuel', 'Votre rapport a été rejeté', 'Bonjour Ange Axel GOMEZ,<br><br>Nous regrettons de vous informer que votre rapport <strong>\"Big\"</strong> n\'a pas été approuvé pour les raisons suivantes:<br><div style=\'background-color: #f8f9fa; padding: 15px; border-left: 4px solid #e74c3c; margin-top: 10px; margin-bottom: 10px;\'><p style=\'margin: 0;\'>A revoir</p></div><p>Nous vous encourageons à apporter les modifications nécessaires et à soumettre une nouvelle version.</p><p>Cordialement,<br>L\'équipe Check Master</p>', '', 'evaluation', 'normale', 'archivé', '2025-06-25 14:10:15', '2025-06-25 14:10:15', NULL, NULL, NULL, NULL),
(77, 11, 14, 'individuel', 'Votre rapport a été approuvé', 'Bonjour Ange Axel GOMEZ,<br><br>Nous avons le plaisir de vous informer que votre rapport <strong>\"Big\"</strong> a été approuvé.<br><br>Cordialement,<br>L\'équipe Check Master', '', 'evaluation', 'normale', 'archivé', '2025-06-25 13:56:14', '2025-06-25 13:56:14', NULL, NULL, NULL, NULL),
(75, 11, 14, 'individuel', 'Votre rapport a été rejeté', 'Bonjour Ange Axel GOMEZ,<br><br>Nous regrettons de vous informer que votre rapport <strong>\"Big\"</strong> n\'a pas été approuvé pour les raisons suivantes:<br><div style=\'background-color: #f8f9fa; padding: 15px; border-left: 4px solid #e74c3c; margin-top: 10px; margin-bottom: 10px;\'><p style=\'margin: 0;\'>La structure est à revoir</p></div><p>Nous vous encourageons à apporter les modifications nécessaires et à soumettre une nouvelle version.</p><p>Cordialement,<br>L\'équipe Check Master</p>', '', 'evaluation', 'normale', 'envoyé', '2025-06-25 13:54:30', '2025-06-25 13:54:30', NULL, NULL, NULL, NULL),
(76, 11, 14, 'individuel', 'Votre rapport a été approuvé', 'Bonjour Ange Axel GOMEZ,<br><br>Nous avons le plaisir de vous informer que votre rapport <strong>\"GOMEZ_Ange Axel_2025-06-24\"</strong> a été approuvé.<br><br>Cordialement,<br>L\'équipe Check Master', '', 'evaluation', 'normale', 'archivé', '2025-06-25 13:55:02', '2025-06-25 13:55:02', NULL, NULL, NULL, NULL),
(72, 11, 1, 'individuel', 'Re: Re: HEY', 'ça peut aller', 'chat', '', 'normale', 'lu', '2025-06-21 15:14:48', '2025-06-21 15:14:48', NULL, NULL, NULL, NULL),
(73, 11, 14, 'individuel', 'Votre rapport a été approuvé', 'Bonjour Ange Axel GOMEZ,<br><br>Nous avons le plaisir de vous informer que votre rapport <strong>\"GOMEZ_Ange Axel_2025-06-24\"</strong> a été approuvé.<br><br>Cordialement,<br>L\'équipe Check Master', '', 'evaluation', 'normale', 'envoyé', '2025-06-25 13:50:31', '2025-06-25 13:50:31', NULL, NULL, NULL, NULL),
(74, 11, 14, 'individuel', 'Votre rapport a été approuvé', 'Bonjour Ange Axel GOMEZ,<br><br>Nous avons le plaisir de vous informer que votre rapport <strong>\"GOMEZ_Ange Axel_2025-06-24\"</strong> a été approuvé.<br><br>Cordialement,<br>L\'équipe Check Master', '', 'evaluation', 'normale', 'supprimé', '2025-06-25 13:53:37', '2025-06-25 13:53:37', NULL, NULL, NULL, NULL),
(65, 3, 11, 'individuel', 'Re: Rappel : Rapports en attente d\'évaluation', 'Bien reçu Miss Séri', 'chat', '', 'normale', 'supprimé', '2025-06-09 02:50:29', '2025-06-09 02:50:29', NULL, NULL, NULL, NULL),
(66, 11, 1, 'individuel', 'HEY', 'salutation mr', 'chat', 'general', 'normale', 'supprimé', '2025-06-15 15:50:01', '2025-06-15 15:50:01', NULL, NULL, NULL, NULL),
(67, 11, 1, 'individuel', 'Réclamations', 'etudkant demande reclamation', 'chat', 'general', 'normale', 'supprimé', '2025-06-15 15:54:41', '2025-06-15 15:54:41', NULL, NULL, NULL, NULL),
(68, 11, 1, 'individuel', 'HEY', 'Cc !', 'chat', 'general', 'normale', 'répondu', '2025-06-16 01:25:28', '2025-06-16 01:25:28', NULL, NULL, NULL, NULL),
(69, 1, 11, 'individuel', 'Re: HEY', 'C\'est comment?', 'chat', '', 'normale', 'répondu', '2025-06-16 02:23:27', '2025-06-16 02:23:27', NULL, NULL, NULL, NULL),
(70, 1, 14, 'individuel', 'Réclamations', 'Votre réclamation à bien été pris en compte.', 'chat', 'general', 'normale', 'répondu', '2025-06-16 14:40:27', '2025-06-16 14:40:27', NULL, NULL, NULL, NULL),
(71, 14, 1, 'individuel', 'Re: Réclamations', 'Merci monsieur. Bien reçu !', 'chat', '', 'normale', 'envoyé', '2025-06-16 14:40:50', '2025-06-16 14:40:50', NULL, NULL, NULL, NULL),
(64, 11, 3, 'individuel', 'Rappel : Rapports en attente d\'évaluation', 'Cher(e) membre de la commission,\r\n                                Nous vous rappelons que plusieurs rapports sont en attente de votre évaluation. Merci de bien vouloir vous connecter à votre espace pour procéder à l\'évaluation des rapports qui vous ont été assignés.\r\n                                Les délais d\'évaluation étant importants pour le bon déroulement du processus, nous vous remercions de votre diligence.\r\n                                Cordialement,\r\n                                Le secrétariat de la commission\r\n                                Université UFHB', 'rappel', 'evaluation', 'urgente', 'répondu', '2025-06-09 02:49:50', '2025-06-09 02:49:50', NULL, NULL, NULL, NULL),
(63, 11, 1, 'individuel', 'Rappel : Rapports en attente d\'évaluation', 'Cher(e) membre de la commission,\r\n                                Nous vous rappelons que plusieurs rapports sont en attente de votre évaluation. Merci de bien vouloir vous connecter à votre espace pour procéder à l\'évaluation des rapports qui vous ont été assignés.\r\n                                Les délais d\'évaluation étant importants pour le bon déroulement du processus, nous vous remercions de votre diligence.\r\n                                Cordialement,\r\n                                Le secrétariat de la commission\r\n                                Université UFHB', 'rappel', 'evaluation', 'urgente', 'supprimé', '2025-06-09 02:43:21', '2025-06-09 02:43:21', NULL, NULL, NULL, NULL),
(82, 14, 1, 'individuel', 'Re: SALUTATION !!', 'Hey', 'chat', '', 'normale', '', '2025-06-25 18:24:52', '2025-06-25 18:24:52', NULL, NULL, NULL, NULL),
(83, 1, 14, 'individuel', 'Tchai', 'C&#39;est comment', '', 'general', 'normale', 'répondu', '2025-06-25 18:28:36', '2025-06-25 18:28:36', NULL, NULL, NULL, NULL),
(84, 14, 1, 'individuel', 'Re: Tchai', 'ça va vieux', 'chat', '', 'normale', '', '2025-06-25 18:28:59', '2025-06-25 18:28:59', NULL, NULL, NULL, NULL),
(85, 1, 14, 'individuel', 'BONSOIR', 'HEHEEH', '', 'general', 'normale', 'répondu', '2025-06-25 18:33:33', '2025-06-25 18:33:33', NULL, NULL, NULL, NULL),
(86, 14, 1, 'individuel', 'Re: BONSOIR', 'bON', 'chat', '', 'normale', '', '2025-06-25 18:34:10', '2025-06-25 18:34:10', NULL, NULL, NULL, NULL),
(87, 1, 14, 'individuel', 'Bonne nuit', 'aurevoir', '', 'general', 'normale', 'répondu', '2025-06-25 18:35:38', '2025-06-25 18:35:38', NULL, NULL, NULL, NULL),
(88, 14, 1, 'individuel', 'Re: Bonne nuit', 'A toi de même', 'chat', '', 'normale', 'répondu', '2025-06-25 18:36:17', '2025-06-25 18:36:17', NULL, NULL, NULL, NULL),
(89, 1, 11, 'individuel', 'Miss Séri', 'Bonsoir', '', 'general', 'normale', 'lu', '2025-06-25 18:37:53', '2025-06-25 18:37:53', NULL, NULL, NULL, NULL),
(90, 1, 14, 'individuel', 'Re: Re: Bonne nuit', 'Merci', 'chat', '', 'normale', 'lu', '2025-06-25 18:40:57', '2025-06-25 18:40:57', NULL, NULL, NULL, NULL),
(91, 1, 14, 'individuel', 'Re: Re: Bonne nuit', 'Merci', 'chat', '', 'normale', 'répondu', '2025-06-25 18:42:16', '2025-06-25 18:42:16', NULL, NULL, NULL, NULL),
(92, 14, 2, 'individuel', 'HEY', 'Bonsoir mr', '', 'general', 'normale', 'lu', '2025-06-25 18:43:14', '2025-06-25 18:43:14', NULL, NULL, NULL, NULL),
(93, 14, 1, 'individuel', 'Re: Re: Re: Bonne nuit', 'h', 'chat', '', 'normale', 'non lu', '2025-06-25 18:47:11', '2025-06-25 18:47:11', NULL, NULL, NULL, NULL),
(94, 11, 15, 'individuel', 'Votre rapport a été approuvé', 'Bonjour Franck Adams KROUMA,<br><br>Nous avons le plaisir de vous informer que votre rapport <strong>\"Informatisation des documents administratifs\"</strong> a été approuvé.<br><br>Cordialement,<br>L\'équipe Check Master', '', 'evaluation', 'normale', 'non lu', '2025-06-25 23:12:23', '2025-06-25 23:12:23', NULL, NULL, NULL, NULL),
(95, 1, NULL, 'commission', NULL, 'Bonjour', 'chat', 'commission', 'normale', 'envoyé', '2025-07-01 14:49:37', NULL, NULL, NULL, 50, NULL),
(96, 11, 36, 'individuel', 'Votre rapport a été approuvé', 'Bonjour Jean Christ KONAN,<br><br>Nous avons le plaisir de vous informer que votre rapport <strong>\"BIG DATA\"</strong> a été approuvé.<br><br>Cordialement,<br>L\'équipe Check Master', '', 'evaluation', 'normale', 'lu', '2025-07-01 22:08:17', '2025-07-01 22:08:17', NULL, NULL, NULL, NULL),
(97, 1, NULL, 'commission', NULL, 'Bonjour ', 'chat', 'commission', 'normale', 'envoyé', '2025-07-01 22:17:11', NULL, NULL, NULL, 52, NULL),
(98, 2, NULL, 'commission', NULL, 'Salut', 'chat', 'commission', 'normale', 'envoyé', '2025-07-01 22:17:18', NULL, NULL, NULL, 52, NULL),
(99, 4, 14, 'individuel', 'SALUTATION', 'Bonsoir petit', '', 'general', 'normale', 'lu', '2025-07-01 22:39:37', '2025-07-01 22:39:37', NULL, NULL, NULL, NULL),
(100, 4, 36, 'individuel', 'SALUTATION', 'Bonsoir petit !', '', 'general', 'normale', 'non lu', '2025-07-01 22:40:50', '2025-07-01 22:40:50', NULL, NULL, NULL, NULL),
(101, 3, 1, 'individuel', 'Invitation à une réunion par WAH Médard : #REU00S3', 'Vous êtes invité(e) à la réunion « #REU00S3 » le 05/07/2025 à 02:35 à amphiA.', 'notification', 'réunion', 'haute', 'lu', '2025-07-02 02:33:23', '2025-07-02 02:33:23', NULL, NULL, NULL, NULL),
(102, 3, 1, 'individuel', 'Invitation à une réunion par WAH Médard : #REU00S3', 'Vous êtes invité(e) à la réunion « #REU00S3 » le 05/07/2025 à 02:35 à amphiA.', 'notification', 'réunion', 'haute', 'lu', '2025-07-02 02:33:23', '2025-07-02 02:33:23', NULL, NULL, NULL, NULL);

-- --------------------------------------------------------

--
-- Structure de la table `niveau_acces_donnees`
--

DROP TABLE IF EXISTS `niveau_acces_donnees`;
CREATE TABLE IF NOT EXISTS `niveau_acces_donnees` (
  `id_niveau_acces` int NOT NULL,
  `lib_niveau_acces` varchar(100) DEFAULT NULL,
  PRIMARY KEY (`id_niveau_acces`)
) ENGINE=InnoDB DEFAULT CHARSET=utf8mb4 COLLATE=utf8mb4_0900_ai_ci;

--
-- Déchargement des données de la table `niveau_acces_donnees`
--

INSERT INTO `niveau_acces_donnees` (`id_niveau_acces`, `lib_niveau_acces`) VALUES
(1, 'Accès limité aux données personnelles'),
(2, 'Accès aux données des étudiants'),
(3, 'Accès aux données administratives'),
(4, 'Accès au suivi pédagogique'),
(5, 'Accès complet aux données de validation'),
(6, 'Accès complet administrateur');

-- --------------------------------------------------------

--
-- Structure de la table `niveau_approbation`
--

DROP TABLE IF EXISTS `niveau_approbation`;
CREATE TABLE IF NOT EXISTS `niveau_approbation` (
  `id_approb` int NOT NULL AUTO_INCREMENT,
  `lib_approb` varchar(100) DEFAULT NULL,
  PRIMARY KEY (`id_approb`)
) ENGINE=InnoDB AUTO_INCREMENT=9 DEFAULT CHARSET=utf8mb4 COLLATE=utf8mb4_0900_ai_ci;

-- --------------------------------------------------------

--
-- Structure de la table `niveau_etude`
--

DROP TABLE IF EXISTS `niveau_etude`;
CREATE TABLE IF NOT EXISTS `niveau_etude` (
  `id_niv_etd` int NOT NULL AUTO_INCREMENT,
  `lib_niv_etd` varchar(100) DEFAULT NULL,
  PRIMARY KEY (`id_niv_etd`)
) ENGINE=InnoDB AUTO_INCREMENT=8 DEFAULT CHARSET=utf8mb4 COLLATE=utf8mb4_0900_ai_ci;

--
-- Déchargement des données de la table `niveau_etude`
--

INSERT INTO `niveau_etude` (`id_niv_etd`, `lib_niv_etd`) VALUES
(1, 'Licence 1'),
(2, 'Licence 2'),
(3, 'Licence 3'),
(4, 'Master 1'),
(5, 'Master 2');

-- --------------------------------------------------------

--
-- Structure de la table `notifications`
--

DROP TABLE IF EXISTS `notifications`;
CREATE TABLE IF NOT EXISTS `notifications` (
  `id` int NOT NULL AUTO_INCREMENT,
  `id_utilisateur` int NOT NULL,
  `type` varchar(50) NOT NULL,
  `message` text NOT NULL,
  `lien` varchar(255) DEFAULT NULL,
  `est_lue` tinyint(1) DEFAULT '0',
  `date_creation` timestamp NULL DEFAULT CURRENT_TIMESTAMP,
  PRIMARY KEY (`id`),
  KEY `notifications_ibfk_1` (`id_utilisateur`)
) ENGINE=InnoDB DEFAULT CHARSET=utf8mb4 COLLATE=utf8mb4_0900_ai_ci;

-- --------------------------------------------------------

--
-- Structure de la table `occuper`
--

DROP TABLE IF EXISTS `occuper`;
CREATE TABLE IF NOT EXISTS `occuper` (
  `id_fonction` int NOT NULL,
  `id_ens` int NOT NULL,
  `date_occup` date DEFAULT NULL,
  PRIMARY KEY (`id_fonction`,`id_ens`),
  KEY `id_ens` (`id_ens`)
) ENGINE=MyISAM DEFAULT CHARSET=utf8mb4 COLLATE=utf8mb4_0900_ai_ci;

--
-- Déchargement des données de la table `occuper`
--

INSERT INTO `occuper` (`id_fonction`, `id_ens`, `date_occup`) VALUES
(1, 1, '2025-05-20'),
(3, 2, '2025-05-19'),
(4, 3, '2025-05-19'),
(3, 4, '2023-01-01'),
(2, 5, '2023-01-01'),
(2, 6, '2023-01-01'),
(2, 7, '2023-01-01'),
(4, 8, '2023-01-01'),
(4, 9, '2023-01-01'),
(4, 10, '2023-01-01'),
(2, 20, '2025-07-06'),
(2, 13, '2025-05-31'),
(2, 14, '2025-05-31'),
(2, 15, '2025-05-31'),
(2, 16, '2025-05-31'),
(4, 21, '2025-06-11'),
(1, 22, '2025-06-01'),
(2, 25, '2025-07-03');

-- --------------------------------------------------------

--
-- Structure de la table `paiement_reglement`
--

DROP TABLE IF EXISTS `paiement_reglement`;
CREATE TABLE IF NOT EXISTS `paiement_reglement` (
  `id_paiement` int NOT NULL AUTO_INCREMENT,
  `id_reglement` int NOT NULL,
  `numero_recu` varchar(50) NOT NULL,
  `mode_de_paiement` enum('espece','cheque') NOT NULL,
  `motif_paiement` varchar(255) NOT NULL DEFAULT 'Néant',
  `numero_cheque` varchar(12) CHARACTER SET utf8mb4 COLLATE utf8mb4_0900_ai_ci DEFAULT 'Néant',
  `montant_paye` decimal(10,2) NOT NULL,
  `date_paiement` date NOT NULL DEFAULT (curdate()),
  PRIMARY KEY (`id_paiement`),
  UNIQUE KEY `numero_recu` (`numero_recu`),
  KEY `id_reglement` (`id_reglement`)
) ENGINE=InnoDB AUTO_INCREMENT=130 DEFAULT CHARSET=utf8mb4 COLLATE=utf8mb4_0900_ai_ci;

--
-- Déchargement des données de la table `paiement_reglement`
--

INSERT INTO `paiement_reglement` (`id_paiement`, `id_reglement`, `numero_recu`, `mode_de_paiement`, `motif_paiement`, `numero_cheque`, `montant_paye`, `date_paiement`) VALUES
(126, 92, 'REC-2025D73056', 'espece', 'Frais d\'examen', 'Néant', 125000.00, '2025-07-02'),
(127, 92, 'REC-202532C681', 'espece', 'Scolarité', 'Néant', 125000.00, '2025-07-02'),
(128, 93, 'REC-2025A6C868', 'cheque', 'scolarité', '1345468', 450000.00, '2025-07-02'),
(129, 93, 'REC-202506AAC3', 'espece', 'scolarité', 'Néant', 525000.00, '2025-07-02');

-- --------------------------------------------------------

--
-- Structure de la table `partage_rapport`
--

DROP TABLE IF EXISTS `partage_rapport`;
CREATE TABLE IF NOT EXISTS `partage_rapport` (
  `id_rapport_etd` int NOT NULL,
  `id_personnel_adm` int NOT NULL,
  `date_partage` datetime DEFAULT CURRENT_TIMESTAMP,
  KEY `id_rapport_etd` (`id_rapport_etd`),
  KEY `id_personnel_adm` (`id_personnel_adm`)
) ENGINE=InnoDB DEFAULT CHARSET=utf8mb4 COLLATE=utf8mb4_unicode_ci;

-- --------------------------------------------------------

--
-- Structure de la table `participants`
--

DROP TABLE IF EXISTS `participants`;
CREATE TABLE IF NOT EXISTS `participants` (
  `id_utilisateur` int NOT NULL,
  `reunion_id` int NOT NULL,
  `status` enum('en attente','acceptée','refusée') NOT NULL DEFAULT 'en attente',
  `date` timestamp NULL DEFAULT CURRENT_TIMESTAMP,
  UNIQUE KEY `unique_participant` (`reunion_id`,`id_utilisateur`),
  KEY `idx_participants_status` (`status`),
  KEY `participants_ibfk_2` (`id_utilisateur`)
) ENGINE=InnoDB DEFAULT CHARSET=utf8mb4 COLLATE=utf8mb4_0900_ai_ci;

--
-- Déchargement des données de la table `participants`
--

INSERT INTO `participants` (`id_utilisateur`, `reunion_id`, `status`, `date`) VALUES
(2, 1, 'en attente', '2025-06-25 00:23:25'),
(5, 1, 'en attente', '2025-06-25 00:23:25'),
(10, 1, 'en attente', '2025-06-25 00:23:25'),
(20, 2, 'en attente', '2025-06-25 01:15:55'),
(8, 3, 'en attente', '2025-06-25 01:18:59'),
(2, 7, 'en attente', '2025-06-25 01:27:25'),
(5, 7, 'en attente', '2025-06-25 01:27:25'),
(10, 7, 'en attente', '2025-06-25 01:27:25'),
(2, 8, 'en attente', '2025-06-25 01:28:21'),
(5, 8, 'en attente', '2025-06-25 01:28:21'),
(9, 8, 'en attente', '2025-06-25 01:28:21'),
(10, 8, 'en attente', '2025-06-25 01:28:21'),
(5, 10, 'en attente', '2025-07-01 22:34:27'),
(10, 10, 'en attente', '2025-07-01 22:34:27'),
(1, 11, 'en attente', '2025-07-01 22:35:33'),
(2, 11, 'en attente', '2025-07-01 22:35:33'),
(3, 11, 'en attente', '2025-07-01 22:35:33'),
(4, 11, 'en attente', '2025-07-01 22:35:33'),
(5, 11, 'en attente', '2025-07-01 22:35:33'),
(6, 11, 'en attente', '2025-07-01 22:35:33'),
(7, 11, 'en attente', '2025-07-01 22:35:33'),
(8, 11, 'en attente', '2025-07-01 22:35:33'),
(9, 11, 'en attente', '2025-07-01 22:35:33'),
(10, 11, 'en attente', '2025-07-01 22:35:33'),
(11, 11, 'en attente', '2025-07-01 22:35:33'),
(12, 11, 'en attente', '2025-07-01 22:35:33'),
(13, 11, 'en attente', '2025-07-01 22:35:33'),
(19, 11, 'en attente', '2025-07-01 22:35:33'),
(20, 11, 'en attente', '2025-07-01 22:35:33'),
(21, 11, 'en attente', '2025-07-01 22:35:33'),
(22, 11, 'en attente', '2025-07-01 22:35:33'),
(1, 12, 'en attente', '2025-07-01 22:36:24'),
(2, 12, 'en attente', '2025-07-01 22:36:24'),
(3, 12, 'en attente', '2025-07-01 22:36:24'),
(4, 12, 'en attente', '2025-07-01 22:36:24'),
(5, 12, 'en attente', '2025-07-01 22:36:24'),
(6, 12, 'en attente', '2025-07-01 22:36:24'),
(7, 12, 'en attente', '2025-07-01 22:36:24'),
(8, 12, 'en attente', '2025-07-01 22:36:24'),
(9, 12, 'en attente', '2025-07-01 22:36:24'),
(10, 12, 'en attente', '2025-07-01 22:36:24'),
(11, 12, 'en attente', '2025-07-01 22:36:24'),
(12, 12, 'en attente', '2025-07-01 22:36:24'),
(13, 12, 'en attente', '2025-07-01 22:36:24'),
(19, 12, 'en attente', '2025-07-01 22:36:24'),
(20, 12, 'en attente', '2025-07-01 22:36:24'),
(21, 12, 'en attente', '2025-07-01 22:36:24'),
(22, 12, 'en attente', '2025-07-01 22:36:24'),
(6, 13, 'en attente', '2025-07-01 22:37:19'),
(22, 13, 'en attente', '2025-07-01 22:37:19'),
(2, 14, 'en attente', '2025-07-02 01:29:19'),
(9, 14, 'en attente', '2025-07-02 01:29:19'),
(10, 14, 'en attente', '2025-07-02 01:29:19'),
(2, 16, 'en attente', '2025-07-02 02:13:38'),
(10, 16, 'en attente', '2025-07-02 02:13:38'),
(2, 17, 'en attente', '2025-07-02 02:19:11'),
(5, 17, 'en attente', '2025-07-02 02:19:11'),
(10, 17, 'en attente', '2025-07-02 02:19:11'),
(4, 18, 'en attente', '2025-07-02 02:21:49'),
(2, 19, 'en attente', '2025-07-02 02:22:42'),
(2, 20, 'en attente', '2025-07-02 02:23:35'),
(3, 21, 'en attente', '2025-07-02 02:27:17'),
(1, 22, 'en attente', '2025-07-02 02:33:21');

-- --------------------------------------------------------

--
-- Structure de la table `personnel_administratif`
--

DROP TABLE IF EXISTS `personnel_administratif`;
CREATE TABLE IF NOT EXISTS `personnel_administratif` (
  `id_personnel_adm` int NOT NULL AUTO_INCREMENT,
  `nom_personnel_adm` varchar(20) DEFAULT NULL,
  `prenoms_personnel_adm` varchar(100) DEFAULT NULL,
  `date_embauche` date DEFAULT NULL,
  `date_naissance_personnel_adm` date DEFAULT NULL,
  `tel_personnel_adm` varchar(20) DEFAULT NULL,
  `email_personnel_adm` varchar(100) DEFAULT NULL,
  `mdp_personnel_adm` varchar(100) DEFAULT NULL,
  `sexe_personnel_adm` enum('Homme','Femme') NOT NULL,
  `photo_personnel_adm` varchar(255) CHARACTER SET utf8mb4 COLLATE utf8mb4_0900_ai_ci DEFAULT NULL,
  PRIMARY KEY (`id_personnel_adm`)
) ENGINE=InnoDB AUTO_INCREMENT=11 DEFAULT CHARSET=utf8mb4 COLLATE=utf8mb4_0900_ai_ci;

--
-- Déchargement des données de la table `personnel_administratif`
--

INSERT INTO `personnel_administratif` (`id_personnel_adm`, `nom_personnel_adm`, `prenoms_personnel_adm`, `date_embauche`, `date_naissance_personnel_adm`, `tel_personnel_adm`, `email_personnel_adm`, `mdp_personnel_adm`, `sexe_personnel_adm`, `photo_personnel_adm`) VALUES
(1, 'SÉRI', 'Marie Christine', '2025-06-06', '1991-03-04', '0783124545', 'seriMC@univ.edu', 'df8f597da9c13895791d3fdb81cb9112877b12ec7b26c9752126bc34f182c38f', 'Femme', '684e2fec88028_BIO FERME ADIAKE.png'),
(2, 'YAH', 'Christine', '2025-06-20', '1993-10-23', '0710124524', 'yah@univ.edu', '1df83c4230a9a05ef403b6e82866282b3236e4409ac95892a6e9f9a2f4bf09b1', 'Femme', 'default_profile.jpg'),
(3, 'KAMÉNAN', 'Durand', '2025-06-01', '1988-11-12', '0884745210', 'durandK@univ.edu', '4ec476c2d7b6bd0f316afbb2c0cdae3f8a816da2b15e7a2477d1155b0d4dde05', 'Homme', '685880ae8ae66_BIO FERME ADIAKE.png'),
(8, 'Sara', 'Evangéline', '2025-06-20', NULL, NULL, 'saraE@univ.ci', NULL, 'Femme', 'default_profile.jpg'),
(9, 'KOUADIO', 'Rostand', '2025-06-21', NULL, NULL, 'kouaR@gmail.com', NULL, 'Homme', 'default_profile.jpg'),
(10, 'KOMENAN', 'Sara ', '2025-07-23', NULL, NULL, 'komeRa@gmal.com', NULL, 'Femme', 'default_profile.jpg');

-- --------------------------------------------------------

--
-- Structure de la table `pister`
--

DROP TABLE IF EXISTS `pister`;
CREATE TABLE IF NOT EXISTS `pister` (
  `id_piste` int NOT NULL AUTO_INCREMENT,
  `id_utilisateur` int NOT NULL,
  `id_traitement` int NOT NULL,
  `id_action` int NOT NULL,
  `date_piste` date DEFAULT NULL,
  `heure_piste` time DEFAULT NULL,
  `acceder` tinyint(1) DEFAULT NULL,
  PRIMARY KEY (`id_piste`),
  KEY `id_traitement` (`id_traitement`),
  KEY `fk_id_action` (`id_action`),
  KEY `fk_id_utilisateur` (`id_utilisateur`)
) ENGINE=MyISAM AUTO_INCREMENT=2872 DEFAULT CHARSET=utf8mb4 COLLATE=utf8mb4_0900_ai_ci;

--
-- Déchargement des données de la table `pister`
--

INSERT INTO `pister` (`id_piste`, `id_utilisateur`, `id_traitement`, `id_action`, `date_piste`, `heure_piste`, `acceder`) VALUES
(119, 1, 1, 1, '2025-06-23', '16:40:48', 1),
(118, 1, 1, 2, '2025-06-23', '16:40:41', 0),
(117, 1, 11, 310, '2025-06-23', '16:40:30', 1),
(116, 1, 1, 6, '2025-06-23', '16:40:23', 1),
(115, 1, 1, 1, '2025-06-23', '16:40:23', 1),
(114, 1, 11, 310, '2025-06-23', '16:39:22', 1),
(113, 1, 11, 310, '2025-06-23', '16:39:19', 1),
(112, 1, 11, 310, '2025-06-23', '16:39:15', 1),
(111, 1, 11, 310, '2025-06-23', '16:39:11', 1),
(110, 1, 11, 310, '2025-06-23', '16:39:09', 1),
(109, 1, 11, 310, '2025-06-23', '16:39:06', 1),
(108, 1, 11, 310, '2025-06-23', '16:38:12', 1),
(107, 1, 11, 310, '2025-06-23', '16:38:08', 1),
(106, 1, 1, 6, '2025-06-23', '16:38:04', 1),
(105, 1, 1, 1, '2025-06-23', '16:38:04', 1),
(104, 1, 11, 310, '2025-06-23', '16:37:53', 1),
(103, 1, 11, 310, '2025-06-23', '16:37:48', 1),
(102, 13, 3, 302, '2025-06-23', '16:35:51', 1),
(101, 13, 3, 302, '2025-06-23', '16:34:23', 1),
(100, 13, 3, 302, '2025-06-23', '16:33:40', 1),
(99, 13, 3, 302, '2025-06-23', '16:32:27', 1),
(98, 13, 3, 302, '2025-06-23', '16:30:14', 1),
(97, 13, 3, 302, '2025-06-23', '16:24:36', 1),
(96, 1, 11, 310, '2025-06-23', '16:21:47', 1),
(95, 13, 3, 302, '2025-06-23', '16:21:42', 1),
(94, 13, 14, 313, '2025-06-23', '16:21:40', 1),
(93, 13, 1, 1, '2025-06-23', '16:21:40', 1),
(92, 1, 11, 310, '2025-06-23', '16:18:05', 1),
(91, 1, 11, 310, '2025-06-23', '16:18:01', 1),
(90, 1, 11, 310, '2025-06-23', '16:17:45', 1),
(89, 13, 3, 302, '2025-06-23', '16:17:39', 1),
(88, 13, 14, 313, '2025-06-23', '16:17:38', 1),
(87, 1, 11, 310, '2025-06-23', '16:17:28', 1),
(86, 13, 3, 302, '2025-06-23', '16:17:22', 1),
(85, 1, 11, 310, '2025-06-23', '16:17:03', 1),
(84, 13, 3, 302, '2025-06-23', '16:16:59', 1),
(83, 13, 14, 313, '2025-06-23', '16:16:58', 1),
(82, 13, 1, 1, '2025-06-23', '16:16:57', 1),
(81, 1, 11, 310, '2025-06-23', '16:16:35', 1),
(80, 1, 8, 307, '2025-06-23', '16:16:33', 1),
(79, 1, 11, 310, '2025-06-23', '16:15:01', 1),
(78, 1, 7, 306, '2025-06-23', '16:14:55', 1),
(120, 1, 1, 6, '2025-06-23', '16:40:48', 1),
(121, 1, 11, 310, '2025-06-23', '16:40:50', 1),
(122, 13, 3, 302, '2025-06-23', '16:42:03', 1),
(123, 13, 3, 302, '2025-06-23', '16:43:53', 1),
(124, 13, 3, 302, '2025-06-23', '16:45:11', 1),
(125, 1, 1, 6, '2025-06-23', '16:46:52', 1),
(126, 1, 11, 310, '2025-06-23', '16:46:57', 1),
(127, 1, 11, 310, '2025-06-23', '16:49:56', 1),
(128, 1, 1, 6, '2025-06-23', '16:50:04', 1),
(129, 1, 11, 310, '2025-06-23', '16:52:56', 1),
(130, 1, 11, 310, '2025-06-23', '16:53:19', 1),
(131, 1, 11, 310, '2025-06-23', '16:53:39', 1),
(132, 1, 11, 310, '2025-06-23', '16:56:03', 1),
(133, 1, 11, 310, '2025-06-23', '16:56:07', 1),
(134, 1, 11, 310, '2025-06-23', '16:56:15', 1),
(135, 1, 7, 306, '2025-06-23', '16:57:23', 1),
(136, 14, 1, 1, '2025-06-24', '09:39:33', 1),
(137, 14, 10, 323, '2025-06-24', '09:39:37', 1),
(138, 14, 1, 1, '2025-06-24', '09:42:53', 1),
(139, 1, 1, 1, '2025-06-24', '09:43:10', 1),
(140, 1, 1, 6, '2025-06-24', '09:43:10', 1),
(141, 1, 11, 310, '2025-06-24', '09:43:18', 1),
(142, 14, 1, 1, '2025-06-24', '09:44:03', 1),
(143, 14, 1, 2, '2025-06-24', '09:44:13', 0),
(144, 1, 11, 310, '2025-06-24', '09:44:20', 1),
(145, 14, 1, 2, '2025-06-24', '09:49:14', 0),
(146, 1, 11, 310, '2025-06-24', '09:49:23', 1),
(147, 14, 1, 2, '2025-06-24', '09:50:59', 0),
(148, 1, 11, 310, '2025-06-24', '09:51:03', 1),
(149, 1, 11, 310, '2025-06-24', '09:51:14', 1),
(150, 1, 11, 310, '2025-06-24', '09:51:21', 1),
(151, 14, 1, 2, '2025-06-24', '09:52:54', 0),
(152, 1, 11, 310, '2025-06-24', '09:52:59', 1),
(153, 1, 1, 1, '2025-06-24', '10:00:31', 1),
(154, 1, 1, 6, '2025-06-24', '10:00:32', 1),
(155, 1, 11, 310, '2025-06-24', '10:01:26', 1),
(156, 14, 1, 2, '2025-06-24', '10:04:02', 0),
(157, 1, 11, 310, '2025-06-24', '10:04:05', 1),
(158, 14, 1, 1, '2025-06-24', '10:04:22', 1),
(159, 1, 11, 310, '2025-06-24', '10:04:26', 1),
(160, 14, 19, 451, '2025-06-24', '10:26:16', 1),
(161, 1, 2, 301, '2025-06-24', '11:20:02', 1),
(162, 1, 5, 453, '2025-06-24', '11:20:15', 1),
(163, 1, 20, 319, '2025-06-24', '11:20:19', 1),
(164, 1, 20, 319, '2025-06-24', '11:20:28', 1),
(165, 1, 5, 453, '2025-06-24', '11:20:49', 1),
(166, 1, 8, 307, '2025-06-25', '00:07:06', 1),
(167, 1, 2, 301, '2025-06-25', '01:05:40', 1),
(168, 1, 2, 301, '2025-06-25', '01:05:53', 1),
(169, 1, 2, 301, '2025-06-25', '01:08:00', 1),
(170, 1, 2, 301, '2025-06-25', '01:10:58', 1),
(171, 1, 1, 6, '2025-06-25', '01:40:37', 1),
(172, 1, 1, 6, '2025-06-25', '01:40:37', 1),
(173, 1, 2, 301, '2025-06-25', '01:40:40', 1),
(174, 1, 11, 310, '2025-06-25', '01:40:45', 1),
(175, 1, 20, 319, '2025-06-25', '01:40:51', 1),
(176, 1, 13, 6, '2025-06-25', '01:41:04', 1),
(177, 1, 11, 310, '2025-06-25', '01:41:07', 1),
(178, 1, 2, 6, '2025-06-25', '02:05:35', 1),
(179, 1, 4, 6, '2025-06-25', '02:05:36', 1),
(180, 1, 5, 6, '2025-06-25', '02:05:37', 1),
(181, 1, 6, 6, '2025-06-25', '02:05:38', 1),
(182, 1, 20, 6, '2025-06-25', '02:05:41', 1),
(183, 1, 13, 6, '2025-06-25', '02:05:42', 1),
(184, 1, 11, 310, '2025-06-25', '02:05:43', 1),
(185, 1, 11, 310, '2025-06-25', '02:16:23', 1),
(186, 1, 2, 6, '2025-06-25', '02:16:30', 1),
(187, 14, 1, 1, '2025-06-25', '02:16:38', 1),
(188, 14, 18, 6, '2025-06-25', '02:16:38', 1),
(189, 14, 19, 6, '2025-06-25', '02:16:39', 1),
(190, 14, 21, 6, '2025-06-25', '02:16:40', 1),
(191, 14, 24, 6, '2025-06-25', '02:16:41', 1),
(192, 14, 25, 6, '2025-06-25', '02:16:41', 1),
(193, 14, 18, 6, '2025-06-25', '02:16:42', 1),
(194, 1, 11, 310, '2025-06-25', '02:16:48', 1),
(195, 1, 1, 6, '2025-06-25', '02:17:15', 1),
(196, 1, 1, 6, '2025-06-25', '02:17:15', 1),
(197, 1, 2, 6, '2025-06-25', '02:17:21', 1),
(198, 1, 1, 6, '2025-06-25', '02:17:23', 1),
(199, 1, 1, 6, '2025-06-25', '02:17:23', 1),
(200, 1, 2, 6, '2025-06-25', '02:17:25', 1),
(201, 1, 4, 6, '2025-06-25', '02:17:27', 1),
(202, 1, 2, 6, '2025-06-25', '02:17:30', 1),
(203, 1, 1, 6, '2025-06-25', '02:17:33', 1),
(204, 1, 1, 6, '2025-06-25', '02:17:33', 1),
(205, 1, 4, 6, '2025-06-25', '02:17:58', 1),
(206, 1, 5, 6, '2025-06-25', '02:17:59', 1),
(207, 1, 2, 6, '2025-06-25', '02:18:00', 1),
(208, 1, 6, 6, '2025-06-25', '02:18:01', 1),
(209, 1, 2, 6, '2025-06-25', '02:18:06', 1),
(210, 1, 2, 6, '2025-06-25', '02:20:11', 1),
(211, 13, 1, 1, '2025-06-25', '02:20:25', 1),
(212, 13, 14, 6, '2025-06-25', '02:20:25', 1),
(213, 13, 14, 313, '2025-06-25', '02:20:25', 1),
(214, 11, 1, 1, '2025-06-25', '02:25:13', 1),
(215, 11, 14, 6, '2025-06-25', '02:25:13', 1),
(216, 11, 14, 313, '2025-06-25', '02:25:13', 1),
(217, 11, 14, 6, '2025-06-25', '02:25:16', 1),
(218, 11, 14, 313, '2025-06-25', '02:25:16', 1),
(219, 11, 14, 6, '2025-06-25', '02:25:23', 1),
(220, 11, 14, 313, '2025-06-25', '02:25:23', 1),
(221, 11, 14, 6, '2025-06-25', '02:25:44', 1),
(222, 11, 14, 6, '2025-06-25', '02:25:44', 1),
(223, 11, 14, 313, '2025-06-25', '02:25:44', 1),
(224, 1, 2, 6, '2025-06-25', '02:28:49', 1),
(225, 1, 2, 6, '2025-06-25', '02:30:09', 1),
(226, 1, 2, 6, '2025-06-25', '02:30:21', 1),
(227, 1, 2, 6, '2025-06-25', '02:30:33', 1),
(228, 11, 14, 6, '2025-06-25', '02:31:05', 1),
(229, 11, 14, 313, '2025-06-25', '02:31:05', 1),
(230, 11, 14, 6, '2025-06-25', '02:31:54', 1),
(231, 11, 14, 313, '2025-06-25', '02:31:54', 1),
(232, 1, 2, 6, '2025-06-25', '02:32:01', 1),
(233, 11, 14, 6, '2025-06-25', '02:33:44', 1),
(234, 11, 14, 313, '2025-06-25', '02:33:44', 1),
(235, 11, 14, 6, '2025-06-25', '02:35:44', 1),
(236, 11, 14, 313, '2025-06-25', '02:35:44', 1),
(237, 1, 2, 6, '2025-06-25', '02:35:57', 1),
(238, 11, 14, 6, '2025-06-25', '02:36:40', 1),
(239, 11, 14, 313, '2025-06-25', '02:36:40', 1),
(240, 1, 2, 6, '2025-06-25', '02:36:47', 1),
(241, 11, 16, 6, '2025-06-25', '02:37:01', 1),
(242, 11, 16, 6, '2025-06-25', '02:37:29', 1),
(243, 11, 16, 6, '2025-06-25', '02:37:48', 1),
(244, 11, 16, 6, '2025-06-25', '02:37:58', 1),
(245, 11, 14, 6, '2025-06-25', '02:38:05', 1),
(246, 11, 14, 313, '2025-06-25', '02:38:05', 1),
(247, 1, 2, 6, '2025-06-25', '02:38:10', 1),
(248, 11, 1, 1, '2025-06-25', '12:58:38', 1),
(249, 11, 14, 6, '2025-06-25', '12:58:40', 1),
(250, 11, 14, 313, '2025-06-25', '12:58:40', 1),
(251, 11, 14, 6, '2025-06-25', '12:58:47', 1),
(252, 11, 14, 313, '2025-06-25', '12:58:47', 1),
(253, 11, 14, 6, '2025-06-25', '12:58:52', 1),
(254, 11, 14, 313, '2025-06-25', '12:58:52', 1),
(255, 11, 14, 6, '2025-06-25', '12:58:55', 1),
(256, 11, 14, 313, '2025-06-25', '12:58:55', 1),
(257, 11, 14, 6, '2025-06-25', '12:58:57', 1),
(258, 11, 14, 313, '2025-06-25', '12:58:57', 1),
(259, 11, 14, 6, '2025-06-25', '13:38:33', 1),
(260, 11, 14, 313, '2025-06-25', '13:38:33', 1),
(261, 11, 14, 6, '2025-06-25', '13:38:35', 1),
(262, 11, 14, 313, '2025-06-25', '13:38:35', 1),
(263, 11, 14, 6, '2025-06-25', '13:38:37', 1),
(264, 11, 14, 313, '2025-06-25', '13:38:37', 1),
(265, 11, 14, 6, '2025-06-25', '13:39:12', 1),
(266, 11, 14, 313, '2025-06-25', '13:39:12', 1),
(267, 11, 14, 6, '2025-06-25', '13:39:13', 1),
(268, 11, 14, 313, '2025-06-25', '13:39:13', 1),
(269, 11, 14, 6, '2025-06-25', '13:40:16', 1),
(270, 11, 14, 313, '2025-06-25', '13:40:16', 1),
(271, 11, 14, 6, '2025-06-25', '13:40:51', 1),
(272, 11, 14, 313, '2025-06-25', '13:40:51', 1),
(273, 11, 14, 6, '2025-06-25', '13:41:02', 1),
(274, 11, 14, 313, '2025-06-25', '13:41:02', 1),
(275, 11, 14, 6, '2025-06-25', '13:41:38', 1),
(276, 11, 14, 6, '2025-06-25', '13:41:41', 1),
(277, 11, 14, 313, '2025-06-25', '13:41:41', 1),
(278, 11, 14, 6, '2025-06-25', '13:44:05', 1),
(279, 11, 14, 313, '2025-06-25', '13:44:05', 1),
(280, 11, 14, 6, '2025-06-25', '13:44:10', 1),
(281, 11, 14, 313, '2025-06-25', '13:44:10', 1),
(282, 11, 14, 6, '2025-06-25', '13:44:11', 1),
(283, 11, 14, 313, '2025-06-25', '13:44:11', 1),
(284, 11, 14, 6, '2025-06-25', '13:44:24', 1),
(285, 11, 14, 6, '2025-06-25', '13:44:26', 1),
(286, 11, 14, 313, '2025-06-25', '13:44:26', 1),
(287, 11, 14, 6, '2025-06-25', '13:50:25', 1),
(288, 11, 14, 313, '2025-06-25', '13:50:25', 1),
(289, 11, 14, 6, '2025-06-25', '13:50:27', 1),
(290, 11, 14, 313, '2025-06-25', '13:50:27', 1),
(291, 11, 14, 6, '2025-06-25', '13:50:29', 1),
(292, 11, 14, 6, '2025-06-25', '13:50:31', 1),
(293, 11, 14, 313, '2025-06-25', '13:50:31', 1),
(294, 14, 1, 1, '2025-06-25', '13:50:51', 1),
(295, 14, 18, 6, '2025-06-25', '13:50:51', 1),
(296, 14, 24, 6, '2025-06-25', '13:50:53', 1),
(297, 11, 14, 6, '2025-06-25', '13:53:29', 1),
(298, 11, 14, 313, '2025-06-25', '13:53:29', 1),
(299, 11, 14, 6, '2025-06-25', '13:53:32', 1),
(300, 11, 14, 313, '2025-06-25', '13:53:32', 1),
(301, 11, 14, 6, '2025-06-25', '13:53:34', 1),
(302, 11, 14, 6, '2025-06-25', '13:53:37', 1),
(303, 11, 14, 313, '2025-06-25', '13:53:37', 1),
(304, 14, 24, 6, '2025-06-25', '13:53:40', 1),
(305, 11, 14, 6, '2025-06-25', '13:54:14', 1),
(306, 11, 14, 313, '2025-06-25', '13:54:14', 1),
(307, 11, 14, 6, '2025-06-25', '13:54:16', 1),
(308, 11, 14, 313, '2025-06-25', '13:54:16', 1),
(309, 11, 14, 6, '2025-06-25', '13:54:18', 1),
(310, 11, 14, 313, '2025-06-25', '13:54:18', 1),
(311, 11, 14, 6, '2025-06-25', '13:54:27', 1),
(312, 11, 14, 6, '2025-06-25', '13:54:30', 1),
(313, 11, 14, 313, '2025-06-25', '13:54:30', 1),
(314, 14, 24, 6, '2025-06-25', '13:54:35', 1),
(315, 11, 14, 6, '2025-06-25', '13:54:56', 1),
(316, 11, 14, 313, '2025-06-25', '13:54:56', 1),
(317, 11, 14, 6, '2025-06-25', '13:54:59', 1),
(318, 11, 14, 313, '2025-06-25', '13:54:59', 1),
(319, 11, 14, 6, '2025-06-25', '13:55:00', 1),
(320, 11, 14, 6, '2025-06-25', '13:55:02', 1),
(321, 11, 14, 313, '2025-06-25', '13:55:02', 1),
(322, 14, 24, 6, '2025-06-25', '13:55:08', 1),
(323, 11, 14, 6, '2025-06-25', '13:56:05', 1),
(324, 11, 14, 313, '2025-06-25', '13:56:05', 1),
(325, 11, 14, 6, '2025-06-25', '13:56:09', 1),
(326, 11, 14, 313, '2025-06-25', '13:56:09', 1),
(327, 11, 14, 6, '2025-06-25', '13:56:11', 1),
(328, 11, 14, 6, '2025-06-25', '13:56:14', 1),
(329, 11, 14, 313, '2025-06-25', '13:56:14', 1),
(330, 11, 14, 6, '2025-06-25', '13:56:17', 1),
(331, 11, 14, 313, '2025-06-25', '13:56:17', 1),
(332, 11, 14, 6, '2025-06-25', '13:56:18', 1),
(333, 11, 14, 313, '2025-06-25', '13:56:18', 1),
(334, 11, 14, 6, '2025-06-25', '13:56:24', 1),
(335, 11, 14, 6, '2025-06-25', '13:56:26', 1),
(336, 11, 14, 313, '2025-06-25', '13:56:26', 1),
(337, 14, 24, 6, '2025-06-25', '13:56:28', 1),
(338, 14, 18, 6, '2025-06-25', '13:56:43', 1),
(339, 14, 19, 6, '2025-06-25', '13:56:47', 1),
(340, 14, 24, 6, '2025-06-25', '13:56:54', 1),
(341, 11, 14, 6, '2025-06-25', '14:03:24', 1),
(342, 11, 14, 313, '2025-06-25', '14:03:24', 1),
(343, 11, 14, 6, '2025-06-25', '14:05:32', 1),
(344, 11, 14, 313, '2025-06-25', '14:05:32', 1),
(345, 11, 14, 6, '2025-06-25', '14:06:08', 1),
(346, 11, 14, 313, '2025-06-25', '14:06:08', 1),
(347, 11, 14, 6, '2025-06-25', '14:08:38', 1),
(348, 11, 14, 313, '2025-06-25', '14:08:38', 1),
(349, 11, 14, 6, '2025-06-25', '14:08:49', 1),
(350, 11, 14, 313, '2025-06-25', '14:08:49', 1),
(351, 11, 14, 6, '2025-06-25', '14:08:55', 1),
(352, 11, 14, 313, '2025-06-25', '14:08:55', 1),
(353, 11, 14, 6, '2025-06-25', '14:08:56', 1),
(354, 11, 14, 313, '2025-06-25', '14:08:56', 1),
(355, 11, 14, 6, '2025-06-25', '14:09:29', 1),
(356, 11, 14, 6, '2025-06-25', '14:09:32', 1),
(357, 11, 14, 313, '2025-06-25', '14:09:32', 1),
(358, 11, 14, 6, '2025-06-25', '14:09:47', 1),
(359, 11, 14, 313, '2025-06-25', '14:09:47', 1),
(360, 11, 14, 6, '2025-06-25', '14:10:04', 1),
(361, 11, 14, 313, '2025-06-25', '14:10:04', 1),
(362, 11, 14, 6, '2025-06-25', '14:10:05', 1),
(363, 11, 14, 313, '2025-06-25', '14:10:05', 1),
(364, 11, 14, 6, '2025-06-25', '14:10:07', 1),
(365, 11, 14, 313, '2025-06-25', '14:10:07', 1),
(366, 11, 14, 6, '2025-06-25', '14:10:13', 1),
(367, 11, 14, 6, '2025-06-25', '14:10:15', 1),
(368, 11, 14, 313, '2025-06-25', '14:10:15', 1),
(369, 14, 24, 6, '2025-06-25', '14:10:29', 1),
(370, 14, 18, 6, '2025-06-25', '14:10:38', 1),
(371, 14, 19, 6, '2025-06-25', '14:10:42', 1),
(372, 11, 14, 6, '2025-06-25', '14:12:17', 1),
(373, 11, 14, 313, '2025-06-25', '14:12:17', 1),
(374, 11, 16, 6, '2025-06-25', '14:12:31', 1),
(375, 1, 1, 1, '2025-06-25', '14:12:54', 1),
(376, 1, 1, 6, '2025-06-25', '14:12:54', 1),
(377, 1, 1, 6, '2025-06-25', '14:12:55', 1),
(378, 1, 11, 310, '2025-06-25', '14:12:58', 1),
(379, 1, 11, 310, '2025-06-25', '14:13:24', 1),
(380, 1, 11, 310, '2025-06-25', '14:13:29', 1),
(381, 1, 1, 6, '2025-06-25', '14:13:34', 1),
(382, 1, 1, 6, '2025-06-25', '14:13:34', 1),
(383, 1, 8, 6, '2025-06-25', '14:14:22', 1),
(384, 1, 10, 6, '2025-06-25', '14:14:27', 1),
(385, 14, 24, 6, '2025-06-25', '14:14:39', 1),
(386, 14, 19, 6, '2025-06-25', '14:25:43', 1),
(387, 14, 25, 6, '2025-06-25', '14:29:13', 1),
(388, 14, 24, 6, '2025-06-25', '14:29:15', 1),
(389, 14, 24, 6, '2025-06-25', '14:31:42', 1),
(390, 14, 24, 6, '2025-06-25', '14:33:26', 1),
(391, 14, 21, 6, '2025-06-25', '14:33:51', 1),
(392, 14, 24, 6, '2025-06-25', '14:33:53', 1),
(393, 1, 2, 6, '2025-06-25', '14:35:59', 1),
(394, 1, 2, 6, '2025-06-25', '14:45:21', 1),
(395, 1, 4, 6, '2025-06-25', '14:45:24', 1),
(396, 1, 5, 6, '2025-06-25', '14:45:26', 1),
(397, 1, 6, 6, '2025-06-25', '14:45:28', 1),
(398, 1, 6, 6, '2025-06-25', '14:45:40', 1),
(399, 1, 13, 6, '2025-06-25', '14:50:30', 1),
(400, 1, 2, 6, '2025-06-25', '14:50:50', 1),
(401, 1, 2, 6, '2025-06-25', '14:51:15', 1),
(402, 1, 4, 6, '2025-06-25', '14:51:24', 1),
(403, 1, 4, 6, '2025-06-25', '14:51:34', 1),
(404, 1, 2, 6, '2025-06-25', '14:51:37', 1),
(405, 1, 2, 6, '2025-06-25', '14:55:28', 1),
(406, 1, 2, 6, '2025-06-25', '14:57:15', 1),
(407, 1, 2, 6, '2025-06-25', '14:58:38', 1),
(408, 1, 2, 6, '2025-06-25', '14:59:57', 1),
(409, 1, 2, 6, '2025-06-25', '15:00:45', 1),
(410, 1, 2, 6, '2025-06-25', '15:01:05', 1),
(411, 1, 2, 6, '2025-06-25', '15:01:34', 1),
(412, 1, 2, 6, '2025-06-25', '15:01:58', 1),
(413, 1, 2, 6, '2025-06-25', '15:02:06', 1),
(414, 1, 2, 6, '2025-06-25', '15:02:19', 1),
(415, 1, 2, 6, '2025-06-25', '15:05:15', 1),
(416, 1, 2, 6, '2025-06-25', '15:06:53', 1),
(417, 1, 2, 6, '2025-06-25', '15:09:04', 1),
(418, 1, 2, 6, '2025-06-25', '15:09:28', 1),
(419, 1, 2, 6, '2025-06-25', '15:10:50', 1),
(420, 1, 2, 6, '2025-06-25', '15:11:14', 1),
(421, 1, 2, 6, '2025-06-25', '15:11:44', 1),
(422, 1, 2, 6, '2025-06-25', '15:11:58', 1),
(423, 1, 2, 6, '2025-06-25', '15:12:22', 1),
(424, 1, 2, 6, '2025-06-25', '15:12:37', 1),
(425, 1, 2, 6, '2025-06-25', '15:13:10', 1),
(426, 1, 2, 6, '2025-06-25', '15:13:22', 1),
(427, 1, 2, 6, '2025-06-25', '15:13:31', 1),
(428, 1, 2, 6, '2025-06-25', '15:13:38', 1),
(429, 1, 2, 6, '2025-06-25', '15:13:46', 1),
(430, 1, 2, 6, '2025-06-25', '15:13:56', 1),
(431, 1, 2, 6, '2025-06-25', '15:14:05', 1),
(432, 1, 2, 6, '2025-06-25', '15:14:33', 1),
(433, 1, 2, 6, '2025-06-25', '15:15:20', 1),
(434, 1, 2, 6, '2025-06-25', '15:16:12', 1),
(435, 1, 2, 6, '2025-06-25', '15:16:25', 1),
(436, 1, 2, 6, '2025-06-25', '15:17:17', 1),
(437, 1, 2, 6, '2025-06-25', '15:17:43', 1),
(438, 1, 2, 6, '2025-06-25', '15:17:56', 1),
(439, 1, 2, 6, '2025-06-25', '15:18:05', 1),
(440, 1, 2, 6, '2025-06-25', '15:18:14', 1),
(441, 1, 2, 6, '2025-06-25', '15:21:17', 1),
(442, 1, 2, 6, '2025-06-25', '15:22:15', 1),
(443, 1, 2, 6, '2025-06-25', '15:22:34', 1),
(444, 1, 2, 6, '2025-06-25', '15:22:43', 1),
(445, 1, 2, 6, '2025-06-25', '15:23:01', 1),
(446, 1, 2, 6, '2025-06-25', '15:23:11', 1),
(447, 1, 2, 6, '2025-06-25', '15:23:12', 1),
(448, 1, 2, 6, '2025-06-25', '15:23:15', 1),
(449, 1, 11, 310, '2025-06-25', '15:29:00', 1),
(450, 14, 1, 1, '2025-06-25', '15:29:15', 1),
(451, 14, 18, 6, '2025-06-25', '15:29:15', 1),
(452, 14, 19, 6, '2025-06-25', '15:29:16', 1),
(453, 14, 21, 6, '2025-06-25', '15:29:17', 1),
(454, 14, 24, 6, '2025-06-25', '15:29:18', 1),
(455, 14, 25, 6, '2025-06-25', '15:29:19', 1),
(456, 14, 18, 6, '2025-06-25', '15:29:25', 1),
(457, 14, 19, 6, '2025-06-25', '15:29:28', 1),
(458, 1, 1, 1, '2025-06-25', '15:29:46', 1),
(459, 1, 1, 6, '2025-06-25', '15:29:46', 1),
(460, 1, 1, 6, '2025-06-25', '15:29:46', 1),
(461, 1, 11, 310, '2025-06-25', '15:29:50', 1),
(462, 1, 11, 310, '2025-06-25', '15:31:58', 1),
(463, 13, 1, 1, '2025-06-25', '15:34:29', 1),
(464, 13, 14, 6, '2025-06-25', '15:34:29', 1),
(465, 13, 3, 6, '2025-06-25', '15:34:30', 1),
(466, 13, 10, 6, '2025-06-25', '15:34:31', 1),
(467, 13, 12, 6, '2025-06-25', '15:34:32', 1),
(468, 13, 15, 6, '2025-06-25', '15:34:33', 1),
(469, 1, 11, 310, '2025-06-25', '15:34:40', 1),
(470, 13, 14, 6, '2025-06-25', '15:36:54', 1),
(471, 1, 2, 6, '2025-06-25', '15:37:31', 1),
(472, 1, 2, 6, '2025-06-25', '15:37:56', 1),
(473, 13, 14, 6, '2025-06-25', '15:38:48', 1),
(474, 1, 2, 6, '2025-06-25', '15:40:26', 1),
(475, 13, 14, 6, '2025-06-25', '15:50:57', 1),
(476, 13, 14, 6, '2025-06-25', '15:52:09', 1),
(477, 1, 2, 6, '2025-06-25', '15:52:41', 1),
(478, 1, 2, 6, '2025-06-25', '15:53:44', 1),
(479, 1, 5, 6, '2025-06-25', '15:54:50', 1),
(480, 1, 4, 6, '2025-06-25', '15:54:51', 1),
(481, 1, 5, 6, '2025-06-25', '15:54:52', 1),
(482, 1, 10, 6, '2025-06-25', '15:54:53', 1),
(483, 1, 11, 310, '2025-06-25', '15:54:56', 1),
(484, 1, 11, 310, '2025-06-25', '15:55:07', 1),
(485, 1, 2, 6, '2025-06-25', '15:55:14', 1),
(486, 1, 4, 6, '2025-06-25', '15:55:16', 1),
(487, 1, 2, 6, '2025-06-25', '15:55:17', 1),
(488, 13, 3, 6, '2025-06-25', '15:58:02', 1),
(489, 1, 11, 310, '2025-06-25', '15:59:21', 1),
(490, 1, 11, 310, '2025-06-25', '15:59:25', 1),
(491, 1, 1, 6, '2025-06-25', '15:59:35', 1),
(492, 1, 1, 6, '2025-06-25', '15:59:35', 1),
(493, 1, 2, 6, '2025-06-25', '15:59:37', 1),
(494, 1, 11, 310, '2025-06-25', '15:59:38', 1),
(495, 1, 11, 310, '2025-06-25', '16:06:11', 1),
(496, 1, 11, 310, '2025-06-25', '16:06:48', 1),
(497, 1, 11, 310, '2025-06-25', '16:06:51', 1),
(498, 1, 11, 310, '2025-06-25', '16:06:58', 1),
(499, 1, 11, 310, '2025-06-25', '16:07:01', 1),
(500, 1, 11, 310, '2025-06-25', '16:07:07', 1),
(501, 1, 11, 310, '2025-06-25', '16:07:12', 1),
(502, 1, 11, 310, '2025-06-25', '16:07:15', 1),
(503, 1, 11, 310, '2025-06-25', '16:08:04', 1),
(504, 1, 11, 310, '2025-06-25', '16:08:09', 1),
(505, 1, 11, 310, '2025-06-25', '16:08:14', 1),
(506, 13, 3, 6, '2025-06-25', '16:20:12', 1),
(507, 13, 3, 6, '2025-06-25', '16:21:40', 1),
(508, 13, 3, 6, '2025-06-25', '16:25:54', 1),
(509, 13, 3, 6, '2025-06-25', '16:31:03', 1),
(510, 1, 13, 6, '2025-06-25', '16:31:40', 1),
(511, 13, 3, 91, '2025-06-25', '16:40:57', 1),
(512, 13, 3, 6, '2025-06-25', '16:40:57', 1),
(513, 13, 3, 6, '2025-06-25', '16:41:55', 1),
(514, 13, 3, 6, '2025-06-25', '16:44:50', 1),
(515, 13, 3, 6, '2025-06-25', '16:45:42', 1),
(516, 1, 13, 52, '2025-06-25', '16:55:24', 1),
(517, 1, 13, 59, '2025-06-25', '16:56:24', 1),
(518, 13, 3, 6, '2025-06-25', '16:56:43', 1),
(519, 13, 3, 6, '2025-06-25', '17:00:05', 1),
(520, 13, 3, 6, '2025-06-25', '17:03:08', 1),
(521, 13, 3, 6, '2025-06-25', '17:03:58', 1),
(522, 13, 3, 6, '2025-06-25', '17:05:57', 1),
(523, 13, 3, 6, '2025-06-25', '17:06:25', 1),
(524, 13, 3, 91, '2025-06-25', '17:10:41', 1),
(525, 13, 3, 6, '2025-06-25', '17:10:41', 1),
(526, 13, 3, 6, '2025-06-25', '17:11:45', 1),
(527, 13, 3, 6, '2025-06-25', '17:15:25', 1),
(528, 13, 3, 91, '2025-06-25', '17:16:15', 1),
(529, 13, 3, 6, '2025-06-25', '17:16:15', 1),
(530, 13, 3, 6, '2025-06-25', '17:16:57', 1),
(531, 13, 3, 6, '2025-06-25', '17:31:19', 1),
(532, 13, 3, 6, '2025-06-25', '17:31:52', 1),
(533, 13, 3, 91, '2025-06-25', '17:35:23', 1),
(534, 13, 3, 6, '2025-06-25', '17:35:24', 1),
(535, 13, 3, 6, '2025-06-25', '17:42:50', 1),
(536, 13, 3, 6, '2025-06-25', '17:43:25', 1),
(537, 13, 3, 6, '2025-06-25', '17:49:17', 1),
(538, 13, 3, 6, '2025-06-25', '17:54:24', 1),
(539, 13, 3, 6, '2025-06-25', '17:55:55', 1),
(540, 13, 3, 6, '2025-06-25', '17:58:26', 1),
(541, 13, 10, 6, '2025-06-25', '17:58:28', 1),
(542, 13, 14, 6, '2025-06-25', '17:58:46', 1),
(543, 13, 14, 6, '2025-06-25', '18:00:13', 1),
(544, 13, 14, 6, '2025-06-25', '18:00:26', 1),
(545, 13, 14, 6, '2025-06-25', '18:00:49', 1),
(546, 13, 14, 6, '2025-06-25', '18:01:34', 1),
(547, 13, 14, 6, '2025-06-25', '18:01:55', 1),
(548, 13, 14, 6, '2025-06-25', '18:02:07', 1),
(549, 13, 14, 6, '2025-06-25', '18:02:27', 1),
(550, 13, 14, 6, '2025-06-25', '18:02:50', 1),
(551, 13, 14, 6, '2025-06-25', '18:03:09', 1),
(552, 13, 14, 6, '2025-06-25', '18:03:38', 1),
(553, 13, 14, 6, '2025-06-25', '18:03:54', 1),
(554, 14, 1, 1, '2025-06-25', '18:07:20', 1),
(555, 14, 18, 6, '2025-06-25', '18:07:20', 1),
(556, 14, 24, 6, '2025-06-25', '18:07:22', 1),
(557, 1, 13, 6, '2025-06-25', '18:09:12', 1),
(558, 1, 10, 6, '2025-06-25', '18:09:15', 1),
(559, 14, 24, 6, '2025-06-25', '18:13:37', 1),
(560, 14, 24, 6, '2025-06-25', '18:13:45', 1),
(561, 14, 24, 6, '2025-06-25', '18:13:54', 1),
(562, 14, 24, 6, '2025-06-25', '18:14:05', 1),
(563, 1, 10, 6, '2025-06-25', '18:16:23', 1),
(564, 1, 10, 6, '2025-06-25', '18:17:19', 1),
(565, 1, 10, 6, '2025-06-25', '18:18:39', 1),
(566, 1, 10, 6, '2025-06-25', '18:18:48', 1),
(567, 1, 10, 6, '2025-06-25', '18:18:54', 1),
(568, 1, 10, 6, '2025-06-25', '18:18:56', 1),
(569, 1, 10, 6, '2025-06-25', '18:18:59', 1),
(570, 1, 10, 141, '2025-06-25', '18:19:09', 1),
(571, 1, 10, 6, '2025-06-25', '18:19:10', 1),
(572, 14, 24, 6, '2025-06-25', '18:19:26', 1),
(573, 1, 10, 6, '2025-06-25', '18:19:37', 1),
(574, 1, 9, 6, '2025-06-25', '18:19:42', 1),
(575, 1, 10, 6, '2025-06-25', '18:19:45', 1),
(576, 1, 10, 6, '2025-06-25', '18:20:05', 1),
(577, 14, 24, 6, '2025-06-25', '18:20:16', 1),
(578, 14, 24, 6, '2025-06-25', '18:20:19', 1),
(579, 1, 10, 6, '2025-06-25', '18:20:26', 1),
(580, 14, 24, 6, '2025-06-25', '18:24:44', 1),
(581, 14, 24, 6, '2025-06-25', '18:24:53', 1),
(582, 1, 10, 6, '2025-06-25', '18:24:59', 1),
(583, 1, 10, 6, '2025-06-25', '18:27:40', 1),
(584, 1, 10, 6, '2025-06-25', '18:28:25', 1),
(585, 1, 10, 6, '2025-06-25', '18:28:28', 1),
(586, 1, 10, 141, '2025-06-25', '18:28:36', 1),
(587, 1, 10, 6, '2025-06-25', '18:28:38', 1),
(588, 14, 24, 6, '2025-06-25', '18:28:48', 1),
(589, 14, 24, 6, '2025-06-25', '18:29:01', 1),
(590, 1, 10, 6, '2025-06-25', '18:29:06', 1),
(591, 1, 10, 6, '2025-06-25', '18:33:04', 1),
(592, 1, 10, 6, '2025-06-25', '18:33:17', 1),
(593, 1, 10, 6, '2025-06-25', '18:33:22', 1),
(594, 1, 10, 141, '2025-06-25', '18:33:33', 1),
(595, 1, 10, 6, '2025-06-25', '18:33:35', 1),
(596, 14, 24, 6, '2025-06-25', '18:33:48', 1),
(597, 1, 10, 6, '2025-06-25', '18:33:53', 1),
(598, 14, 24, 6, '2025-06-25', '18:34:12', 1),
(599, 1, 10, 6, '2025-06-25', '18:34:15', 1),
(600, 1, 10, 6, '2025-06-25', '18:35:23', 1),
(601, 1, 10, 141, '2025-06-25', '18:35:38', 1),
(602, 1, 10, 6, '2025-06-25', '18:35:40', 1),
(603, 14, 24, 6, '2025-06-25', '18:35:51', 1),
(604, 1, 10, 6, '2025-06-25', '18:35:59', 1),
(605, 14, 24, 6, '2025-06-25', '18:36:19', 1),
(606, 1, 10, 6, '2025-06-25', '18:36:22', 1),
(607, 14, 24, 6, '2025-06-25', '18:36:32', 1),
(608, 1, 10, 6, '2025-06-25', '18:37:17', 1),
(609, 1, 10, 6, '2025-06-25', '18:37:21', 1),
(610, 1, 10, 6, '2025-06-25', '18:37:24', 1),
(611, 1, 10, 6, '2025-06-25', '18:37:28', 1),
(612, 1, 10, 6, '2025-06-25', '18:37:33', 1),
(613, 1, 10, 6, '2025-06-25', '18:37:38', 1),
(614, 1, 10, 6, '2025-06-25', '18:37:41', 1),
(615, 1, 10, 141, '2025-06-25', '18:37:53', 1),
(616, 1, 10, 6, '2025-06-25', '18:37:54', 1),
(617, 14, 1, 1, '2025-06-25', '18:38:01', 1),
(618, 14, 18, 6, '2025-06-25', '18:38:01', 1),
(619, 11, 1, 1, '2025-06-25', '18:38:08', 1),
(620, 11, 14, 6, '2025-06-25', '18:38:08', 1),
(621, 11, 17, 6, '2025-06-25', '18:38:12', 1),
(622, 11, 10, 6, '2025-06-25', '18:38:14', 1),
(623, 1, 10, 6, '2025-06-25', '18:38:42', 1),
(624, 1, 10, 6, '2025-06-25', '18:39:19', 1),
(625, 11, 10, 6, '2025-06-25', '18:40:03', 1),
(626, 1, 10, 6, '2025-06-25', '18:40:28', 1),
(627, 1, 10, 6, '2025-06-25', '18:40:48', 1),
(628, 1, 10, 6, '2025-06-25', '18:40:59', 1),
(629, 1, 10, 6, '2025-06-25', '18:41:02', 1),
(630, 11, 10, 6, '2025-06-25', '18:41:16', 1),
(631, 14, 1, 1, '2025-06-25', '18:41:23', 1),
(632, 14, 18, 6, '2025-06-25', '18:41:23', 1),
(633, 14, 24, 6, '2025-06-25', '18:41:26', 1),
(634, 14, 24, 6, '2025-06-25', '18:41:40', 1),
(635, 1, 10, 6, '2025-06-25', '18:41:47', 1),
(636, 1, 10, 6, '2025-06-25', '18:42:00', 1),
(637, 1, 10, 6, '2025-06-25', '18:42:17', 1),
(638, 1, 10, 6, '2025-06-25', '18:42:20', 1),
(639, 14, 24, 6, '2025-06-25', '18:42:32', 1),
(640, 14, 24, 6, '2025-06-25', '18:42:40', 1),
(641, 14, 10, 141, '2025-06-25', '18:43:14', 1),
(642, 14, 24, 6, '2025-06-25', '18:43:16', 1),
(643, 1, 10, 6, '2025-06-25', '18:43:30', 1),
(644, 2, 1, 1, '2025-06-25', '18:43:38', 1),
(645, 2, 1, 6, '2025-06-25', '18:43:38', 1),
(646, 2, 1, 6, '2025-06-25', '18:43:38', 1),
(647, 2, 10, 6, '2025-06-25', '18:43:41', 1),
(648, 2, 10, 6, '2025-06-25', '18:43:47', 1),
(649, 14, 24, 6, '2025-06-25', '18:45:58', 1),
(650, 1, 1, 1, '2025-06-25', '18:46:43', 1),
(651, 1, 1, 6, '2025-06-25', '18:46:43', 1),
(652, 1, 1, 6, '2025-06-25', '18:46:43', 1),
(653, 1, 10, 6, '2025-06-25', '18:46:45', 1),
(654, 14, 24, 6, '2025-06-25', '18:47:13', 1),
(655, 1, 10, 6, '2025-06-25', '18:47:16', 1),
(656, 1, 10, 6, '2025-06-25', '18:50:13', 1),
(657, 1, 10, 6, '2025-06-25', '18:50:16', 1),
(658, 1, 10, 6, '2025-06-25', '18:54:54', 1),
(659, 1, 10, 6, '2025-06-25', '18:54:56', 1),
(660, 1, 10, 6, '2025-06-25', '18:54:59', 1),
(661, 1, 10, 6, '2025-06-25', '18:56:22', 1),
(662, 1, 10, 6, '2025-06-25', '18:56:26', 1),
(663, 1, 10, 6, '2025-06-25', '18:56:31', 1),
(664, 1, 10, 6, '2025-06-25', '18:57:23', 1),
(665, 1, 10, 6, '2025-06-25', '18:57:26', 1),
(666, 1, 10, 6, '2025-06-25', '18:57:29', 1),
(667, 1, 10, 6, '2025-06-25', '18:57:32', 1),
(668, 1, 10, 6, '2025-06-25', '18:58:15', 1),
(669, 1, 10, 6, '2025-06-25', '18:59:15', 1),
(670, 1, 10, 6, '2025-06-25', '18:59:18', 1),
(671, 1, 10, 6, '2025-06-25', '18:59:53', 1),
(672, 1, 1, 1, '2025-06-25', '19:00:19', 1),
(673, 1, 1, 6, '2025-06-25', '19:00:19', 1),
(674, 1, 1, 6, '2025-06-25', '19:00:19', 1),
(675, 1, 1, 6, '2025-06-25', '19:01:13', 1),
(676, 1, 1, 6, '2025-06-25', '19:01:13', 1),
(677, 1, 10, 6, '2025-06-25', '19:01:17', 1),
(678, 1, 10, 6, '2025-06-25', '19:01:29', 1),
(679, 1, 10, 6, '2025-06-25', '19:01:33', 1),
(680, 1, 10, 6, '2025-06-25', '19:01:36', 1),
(681, 1, 10, 6, '2025-06-25', '19:02:05', 1),
(682, 1, 10, 6, '2025-06-25', '19:02:10', 1),
(683, 1, 10, 6, '2025-06-25', '19:02:17', 1),
(684, 1, 10, 6, '2025-06-25', '19:02:30', 1),
(685, 1, 10, 6, '2025-06-25', '19:03:30', 1),
(686, 1, 10, 6, '2025-06-25', '19:03:33', 1),
(687, 3, 1, 1, '2025-06-25', '19:03:49', 1),
(688, 3, 1, 6, '2025-06-25', '19:03:50', 1),
(689, 3, 1, 6, '2025-06-25', '19:03:50', 1),
(690, 3, 12, 6, '2025-06-25', '19:03:52', 1),
(691, 1, 10, 6, '2025-06-25', '19:03:59', 1),
(692, 1, 1, 1, '2025-06-25', '19:04:22', 1),
(693, 1, 1, 6, '2025-06-25', '19:04:22', 1),
(694, 1, 1, 6, '2025-06-25', '19:04:22', 1),
(695, 1, 13, 6, '2025-06-25', '19:04:28', 1),
(696, 1, 10, 6, '2025-06-25', '19:04:31', 1),
(697, 1, 10, 6, '2025-06-25', '19:04:37', 1),
(698, 1, 10, 6, '2025-06-25', '19:04:39', 1),
(699, 3, 10, 6, '2025-06-25', '19:06:13', 1),
(700, 3, 10, 6, '2025-06-25', '19:06:19', 1),
(701, 1, 10, 6, '2025-06-25', '19:06:49', 1),
(702, 1, 11, 310, '2025-06-25', '19:11:00', 1),
(703, 1, 11, 310, '2025-06-25', '19:11:11', 1),
(704, 1, 11, 310, '2025-06-25', '19:11:21', 1),
(705, 1, 11, 310, '2025-06-25', '19:11:28', 1),
(706, 1, 11, 310, '2025-06-25', '19:11:45', 1),
(707, 1, 11, 310, '2025-06-25', '19:14:50', 1),
(708, 1, 1, 1, '2025-06-25', '19:14:58', 1),
(709, 1, 1, 6, '2025-06-25', '19:14:58', 1),
(710, 1, 1, 6, '2025-06-25', '19:14:58', 1),
(711, 1, 11, 310, '2025-06-25', '19:15:00', 1),
(712, 1, 1, 3, '2025-06-25', '19:18:08', 1),
(713, 1, 1, 1, '2025-06-25', '19:18:16', 1),
(714, 1, 1, 6, '2025-06-25', '19:18:16', 1),
(715, 1, 1, 6, '2025-06-25', '19:18:16', 1),
(716, 1, 11, 310, '2025-06-25', '19:18:20', 1),
(717, 1, 1, 3, '2025-06-25', '19:18:31', 1),
(718, 1, 1, 1, '2025-06-25', '19:18:39', 1),
(719, 1, 1, 6, '2025-06-25', '19:18:39', 1),
(720, 1, 1, 6, '2025-06-25', '19:18:39', 1),
(721, 1, 13, 6, '2025-06-25', '19:18:42', 1),
(722, 1, 11, 310, '2025-06-25', '19:18:44', 1),
(723, 1, 1, 3, '2025-06-25', '19:19:00', 1),
(724, 1, 1, 1, '2025-06-25', '19:19:06', 1),
(725, 1, 1, 6, '2025-06-25', '19:19:06', 1),
(726, 1, 1, 6, '2025-06-25', '19:19:06', 1),
(727, 1, 11, 310, '2025-06-25', '19:19:09', 1),
(728, 1, 11, 310, '2025-06-25', '19:19:26', 1),
(729, 1, 11, 310, '2025-06-25', '19:19:33', 1),
(730, 1, 2, 6, '2025-06-25', '23:02:35', 1),
(731, 1, 2, 6, '2025-06-25', '23:02:42', 1),
(732, 1, 2, 6, '2025-06-25', '23:03:50', 1),
(733, 1, 4, 6, '2025-06-25', '23:04:43', 1),
(734, 15, 1, 1, '2025-06-25', '23:06:17', 1),
(735, 15, 18, 6, '2025-06-25', '23:06:17', 1),
(736, 15, 18, 6, '2025-06-25', '23:07:56', 1),
(737, 15, 18, 6, '2025-06-25', '23:08:02', 1),
(738, 15, 18, 6, '2025-06-25', '23:08:06', 1),
(739, 1, 4, 6, '2025-06-25', '23:08:18', 1),
(740, 1, 1, 3, '2025-06-25', '23:08:20', 1),
(741, 13, 1, 1, '2025-06-25', '23:08:29', 1),
(742, 13, 14, 6, '2025-06-25', '23:08:29', 1),
(743, 13, 23, 6, '2025-06-25', '23:08:41', 1),
(744, 13, 23, 6, '2025-06-25', '23:08:43', 1),
(745, 13, 15, 6, '2025-06-25', '23:08:55', 1),
(746, 13, 15, 6, '2025-06-25', '23:09:13', 1),
(747, 13, 23, 6, '2025-06-25', '23:09:25', 1),
(748, 13, 23, 6, '2025-06-25', '23:09:27', 1),
(749, 13, 23, 6, '2025-06-25', '23:09:38', 1),
(750, 15, 18, 6, '2025-06-25', '23:09:49', 1),
(751, 15, 19, 6, '2025-06-25', '23:09:54', 1),
(752, 15, 19, 6, '2025-06-25', '23:11:31', 1),
(753, 13, 1, 3, '2025-06-25', '23:11:52', 1),
(754, 11, 1, 2, '2025-06-25', '23:12:01', 0),
(755, 11, 1, 1, '2025-06-25', '23:12:07', 1),
(756, 11, 14, 6, '2025-06-25', '23:12:07', 1),
(757, 11, 14, 6, '2025-06-25', '23:12:12', 1),
(758, 11, 14, 6, '2025-06-25', '23:12:21', 1),
(759, 11, 14, 78, '2025-06-25', '23:12:23', 1),
(760, 11, 14, 6, '2025-06-25', '23:12:23', 1),
(761, 11, 14, 6, '2025-06-25', '23:15:27', 1),
(762, 11, 14, 6, '2025-06-25', '23:15:42', 1),
(763, 11, 14, 6, '2025-06-25', '23:15:45', 1),
(764, 11, 14, 6, '2025-06-25', '23:15:51', 1),
(765, 11, 14, 6, '2025-06-25', '23:16:17', 1),
(766, 11, 14, 80, '2025-06-25', '23:16:19', 1),
(767, 11, 14, 80, '2025-06-25', '23:16:21', 1),
(768, 11, 14, 80, '2025-06-25', '23:16:23', 1),
(769, 11, 14, 80, '2025-06-25', '23:16:25', 1),
(770, 11, 14, 6, '2025-06-25', '23:16:30', 1),
(771, 11, 1, 3, '2025-06-25', '23:16:44', 1),
(772, 1, 1, 1, '2025-06-25', '23:16:52', 1),
(773, 1, 1, 6, '2025-06-25', '23:16:52', 1),
(774, 1, 1, 6, '2025-06-25', '23:16:52', 1),
(775, 1, 10, 6, '2025-06-25', '23:16:59', 1),
(776, 1, 4, 6, '2025-06-25', '23:17:04', 1),
(777, 1, 1, 6, '2025-06-25', '23:17:09', 1),
(778, 1, 1, 6, '2025-06-25', '23:17:09', 1),
(779, 1, 2, 6, '2025-06-25', '23:17:19', 1),
(780, 1, 4, 6, '2025-06-25', '23:17:25', 1),
(781, 1, 5, 6, '2025-06-25', '23:17:31', 1),
(782, 1, 4, 6, '2025-06-25', '23:17:32', 1),
(783, 1, 4, 6, '2025-06-25', '23:17:34', 1),
(784, 1, 5, 6, '2025-06-25', '23:17:35', 1),
(785, 1, 4, 6, '2025-06-25', '23:17:36', 1),
(786, 1, 2, 6, '2025-06-25', '23:17:36', 1),
(787, 1, 4, 6, '2025-06-25', '23:18:21', 1),
(788, 1, 5, 6, '2025-06-25', '23:18:22', 1),
(789, 1, 6, 6, '2025-06-25', '23:18:23', 1),
(790, 15, 1, 3, '2025-06-25', '23:19:52', 1),
(791, 13, 1, 1, '2025-06-25', '23:20:13', 1),
(792, 13, 14, 6, '2025-06-25', '23:20:13', 1),
(793, 11, 1, 1, '2025-06-25', '23:20:31', 1),
(794, 11, 14, 6, '2025-06-25', '23:20:31', 1),
(795, 11, 16, 6, '2025-06-25', '23:20:38', 1),
(796, 11, 16, 6, '2025-06-25', '23:20:43', 1),
(797, 11, 16, 6, '2025-06-25', '23:20:45', 1),
(798, 11, 16, 6, '2025-06-25', '23:20:53', 1),
(799, 11, 16, 6, '2025-06-25', '23:20:57', 1),
(800, 11, 16, 6, '2025-06-25', '23:22:18', 1),
(801, 13, 14, 6, '2025-06-25', '23:24:09', 1),
(802, 13, 3, 6, '2025-06-25', '23:24:15', 1),
(803, 13, 14, 6, '2025-06-25', '23:28:18', 1),
(804, 13, 14, 6, '2025-06-25', '23:29:55', 1),
(805, 13, 15, 6, '2025-06-25', '23:30:03', 1),
(806, 13, 20, 6, '2025-06-25', '23:30:44', 1),
(807, 13, 3, 6, '2025-06-25', '23:32:12', 1),
(808, 11, 17, 6, '2025-06-25', '23:32:32', 1),
(809, 11, 14, 6, '2025-06-25', '23:32:41', 1),
(810, 11, 14, 6, '2025-06-25', '23:33:38', 1),
(811, 11, 17, 6, '2025-06-25', '23:33:42', 1),
(812, 11, 16, 6, '2025-06-25', '23:34:10', 1),
(813, 11, 16, 6, '2025-06-25', '23:34:27', 1),
(814, 11, 16, 6, '2025-06-25', '23:34:29', 1),
(815, 11, 16, 6, '2025-06-25', '23:34:32', 1),
(816, 11, 10, 6, '2025-06-25', '23:34:34', 1),
(817, 11, 10, 6, '2025-06-25', '23:36:39', 1),
(818, 11, 17, 6, '2025-06-25', '23:36:43', 1),
(819, 11, 16, 6, '2025-06-25', '23:36:46', 1),
(820, 13, 10, 6, '2025-06-25', '23:38:51', 1),
(821, 13, 12, 6, '2025-06-25', '23:38:54', 1),
(822, 13, 14, 6, '2025-06-25', '23:38:56', 1),
(823, 13, 15, 6, '2025-06-25', '23:39:09', 1),
(824, 13, 20, 6, '2025-06-25', '23:39:14', 1),
(825, 13, 23, 6, '2025-06-25', '23:39:18', 1),
(826, 13, 20, 6, '2025-06-25', '23:39:19', 1),
(827, 13, 20, 6, '2025-06-25', '23:41:19', 1),
(828, 13, 23, 6, '2025-06-25', '23:41:24', 1),
(829, 13, 23, 6, '2025-06-25', '23:44:47', 1),
(830, 13, 23, 6, '2025-06-25', '23:45:26', 1),
(831, 13, 23, 6, '2025-06-25', '23:46:23', 1),
(832, 13, 23, 6, '2025-06-25', '23:47:03', 1),
(833, 13, 15, 6, '2025-06-25', '23:47:10', 1),
(834, 13, 3, 6, '2025-06-25', '23:47:13', 1),
(835, 13, 23, 6, '2025-06-25', '23:47:20', 1),
(836, 13, 20, 6, '2025-06-25', '23:47:23', 1),
(837, 13, 3, 6, '2025-06-25', '23:47:35', 1),
(838, 13, 15, 6, '2025-06-25', '23:47:39', 1),
(839, 13, 23, 6, '2025-06-25', '23:47:43', 1),
(840, 13, 3, 6, '2025-06-25', '23:47:51', 1),
(841, 13, 23, 6, '2025-06-25', '23:48:03', 1),
(842, 1, 6, 6, '2025-06-25', '23:50:46', 1),
(843, 1, 7, 6, '2025-06-25', '23:51:05', 1),
(844, 1, 7, 6, '2025-06-26', '00:07:49', 1),
(845, 1, 8, 6, '2025-06-26', '00:08:00', 1),
(846, 1, 9, 6, '2025-06-26', '00:08:05', 1),
(847, 1, 10, 6, '2025-06-26', '00:08:20', 1),
(848, 1, 11, 310, '2025-06-26', '00:08:24', 1),
(849, 1, 11, 310, '2025-06-26', '00:08:37', 1),
(850, 1, 11, 310, '2025-06-26', '00:08:41', 1),
(851, 1, 12, 6, '2025-06-26', '00:09:04', 1),
(852, 1, 20, 6, '2025-06-26', '00:09:09', 1),
(853, 1, 11, 310, '2025-06-26', '00:09:17', 1),
(854, 1, 11, 310, '2025-06-26', '00:09:21', 1),
(855, 1, 13, 6, '2025-06-26', '00:09:25', 1),
(856, 1, 20, 6, '2025-06-26', '00:09:26', 1),
(857, 1, 22, 6, '2025-06-26', '00:09:30', 1),
(858, 1, 20, 6, '2025-06-26', '00:09:41', 1),
(859, 1, 11, 310, '2025-06-26', '00:09:46', 1),
(860, 1, 11, 310, '2025-06-26', '00:09:55', 1),
(861, 1, 11, 310, '2025-06-26', '00:09:58', 1),
(862, 13, 23, 6, '2025-06-26', '00:11:12', 1),
(863, 1, 11, 310, '2025-06-26', '00:11:16', 1),
(864, 1, 1, 3, '2025-06-26', '00:11:35', 1),
(865, 1, 1, 1, '2025-06-26', '00:11:42', 1),
(866, 1, 1, 6, '2025-06-26', '00:11:42', 1),
(867, 1, 1, 6, '2025-06-26', '00:11:42', 1),
(868, 1, 11, 310, '2025-06-26', '00:11:46', 1),
(869, 1, 11, 310, '2025-06-26', '00:11:52', 1),
(870, 1, 11, 310, '2025-06-26', '00:11:56', 1),
(871, 1, 11, 310, '2025-06-26', '00:12:00', 1),
(872, 1, 11, 310, '2025-06-26', '00:12:50', 1),
(873, 1, 11, 310, '2025-06-26', '00:12:54', 1),
(874, 1, 11, 310, '2025-06-26', '00:12:58', 1),
(875, 1, 11, 310, '2025-06-26', '00:13:06', 1),
(876, 1, 22, 6, '2025-06-26', '00:13:22', 1),
(877, 1, 20, 6, '2025-06-26', '00:13:29', 1),
(878, 1, 11, 310, '2025-06-26', '00:13:34', 1),
(879, 1, 11, 310, '2025-06-26', '00:13:43', 1),
(880, 1, 13, 6, '2025-06-26', '00:13:56', 1),
(881, 1, 4, 6, '2025-06-26', '00:24:55', 1),
(882, 1, 6, 6, '2025-06-26', '00:27:31', 1),
(883, 1, 6, 6, '2025-06-26', '00:28:25', 1),
(884, 1, 6, 6, '2025-06-26', '00:35:04', 1),
(885, 1, 6, 6, '2025-06-26', '00:35:54', 1),
(886, 1, 6, 6, '2025-06-26', '00:37:48', 1),
(887, 1, 6, 6, '2025-06-26', '00:37:50', 1),
(888, 1, 6, 6, '2025-06-26', '00:38:07', 1),
(889, 1, 6, 6, '2025-06-26', '00:38:10', 1),
(890, 1, 20, 6, '2025-06-26', '00:42:54', 1),
(891, 1, 20, 6, '2025-06-26', '00:43:06', 1),
(892, 13, 20, 6, '2025-06-26', '00:43:06', 1),
(893, 13, 20, 6, '2025-06-26', '00:43:13', 1),
(894, 1, 20, 6, '2025-06-26', '00:43:13', 1),
(895, 13, 20, 6, '2025-06-26', '00:43:18', 1),
(896, 1, 20, 6, '2025-06-26', '00:43:22', 1),
(897, 13, 20, 6, '2025-06-26', '00:43:28', 1),
(898, 13, 20, 6, '2025-06-26', '00:43:34', 1),
(899, 13, 20, 6, '2025-06-26', '00:43:41', 1),
(900, 1, 20, 6, '2025-06-26', '00:43:47', 1),
(901, 1, 20, 6, '2025-06-26', '00:43:53', 1),
(902, 13, 20, 6, '2025-06-26', '00:44:16', 1),
(903, 13, 20, 6, '2025-06-26', '00:45:14', 1),
(904, 13, 20, 6, '2025-06-26', '00:45:19', 1),
(905, 13, 20, 6, '2025-06-26', '00:46:06', 1),
(906, 13, 1, 1, '2025-06-26', '00:53:41', 1),
(907, 13, 14, 6, '2025-06-26', '00:53:42', 1),
(908, 13, 20, 6, '2025-06-26', '00:53:44', 1),
(909, 13, 23, 6, '2025-06-26', '00:53:50', 1),
(910, 13, 20, 6, '2025-06-26', '00:53:56', 1),
(911, 13, 20, 6, '2025-06-26', '00:54:03', 1),
(912, 13, 20, 6, '2025-06-26', '00:54:09', 1),
(913, 13, 20, 6, '2025-06-26', '00:54:14', 1),
(914, 13, 20, 6, '2025-06-26', '00:54:23', 1),
(915, 13, 20, 6, '2025-06-26', '00:54:30', 1),
(916, 13, 20, 6, '2025-06-26', '00:54:36', 1),
(917, 13, 20, 6, '2025-06-26', '00:54:41', 1),
(918, 13, 20, 6, '2025-06-26', '00:55:19', 1),
(919, 13, 20, 6, '2025-06-26', '00:55:53', 1),
(920, 13, 20, 6, '2025-06-26', '00:56:17', 1),
(921, 13, 1, 1, '2025-06-26', '00:56:40', 1),
(922, 13, 14, 6, '2025-06-26', '00:56:40', 1),
(923, 13, 20, 6, '2025-06-26', '00:56:42', 1),
(924, 13, 14, 6, '2025-06-26', '00:56:47', 1),
(925, 13, 15, 6, '2025-06-26', '00:56:49', 1),
(926, 13, 20, 6, '2025-06-26', '00:56:52', 1),
(927, 13, 20, 6, '2025-06-26', '00:56:56', 1),
(928, 13, 15, 6, '2025-06-26', '00:57:02', 1),
(929, 13, 15, 6, '2025-06-26', '00:57:04', 1),
(930, 13, 23, 6, '2025-06-26', '01:03:44', 1),
(931, 13, 20, 6, '2025-06-26', '01:03:48', 1),
(932, 13, 15, 6, '2025-06-26', '01:04:30', 1),
(933, 13, 20, 6, '2025-06-26', '01:04:32', 1),
(934, 13, 15, 6, '2025-06-26', '01:04:44', 1),
(935, 13, 20, 6, '2025-06-26', '01:04:55', 1),
(936, 13, 10, 6, '2025-06-26', '01:05:03', 1),
(937, 13, 23, 6, '2025-06-26', '01:05:03', 1),
(938, 13, 14, 6, '2025-06-26', '01:05:06', 1),
(939, 13, 15, 6, '2025-06-26', '01:05:07', 1),
(940, 13, 20, 6, '2025-06-26', '01:05:08', 1),
(941, 13, 20, 6, '2025-06-26', '01:05:15', 1),
(942, 13, 23, 6, '2025-06-26', '01:05:21', 1),
(943, 13, 20, 6, '2025-06-26', '01:05:23', 1),
(944, 13, 20, 6, '2025-06-26', '01:05:30', 1),
(945, 13, 20, 6, '2025-06-26', '01:05:53', 1),
(946, 13, 20, 6, '2025-06-26', '01:06:19', 1),
(947, 13, 20, 6, '2025-06-26', '01:06:27', 1),
(948, 13, 23, 6, '2025-06-26', '01:06:34', 1),
(949, 13, 20, 6, '2025-06-26', '01:06:37', 1),
(950, 13, 23, 6, '2025-06-26', '01:06:44', 1),
(951, 13, 23, 6, '2025-06-26', '01:12:26', 1),
(952, 13, 20, 6, '2025-06-26', '01:12:27', 1),
(953, 13, 23, 6, '2025-06-26', '01:12:34', 1),
(954, 13, 1, 3, '2025-06-26', '01:13:35', 1),
(955, 1, 1, 1, '2025-06-26', '01:13:47', 1),
(956, 1, 1, 6, '2025-06-26', '01:13:47', 1),
(957, 1, 1, 6, '2025-06-26', '01:13:47', 1),
(958, 1, 4, 6, '2025-06-26', '01:13:49', 1),
(959, 1, 4, 6, '2025-06-26', '01:14:48', 1),
(960, 1, 20, 6, '2025-06-26', '01:14:57', 1),
(961, 1, 1, 3, '2025-06-26', '01:15:02', 1),
(962, 13, 1, 1, '2025-06-26', '01:15:12', 1),
(963, 13, 14, 6, '2025-06-26', '01:15:12', 1),
(964, 13, 20, 6, '2025-06-26', '01:15:13', 1),
(965, 13, 23, 6, '2025-06-26', '01:15:19', 1),
(966, 13, 20, 6, '2025-06-26', '01:15:19', 1),
(967, 13, 20, 6, '2025-06-26', '01:15:24', 1),
(968, 13, 15, 6, '2025-06-26', '01:15:29', 1),
(969, 13, 20, 6, '2025-06-26', '01:15:30', 1),
(970, 13, 1, 1, '2025-06-26', '14:21:46', 1),
(971, 13, 14, 6, '2025-06-26', '14:21:46', 1),
(972, 13, 20, 6, '2025-06-26', '14:21:48', 1),
(973, 13, 14, 6, '2025-06-26', '14:21:58', 1),
(974, 13, 1, 1, '2025-06-26', '14:21:58', 1),
(975, 13, 14, 6, '2025-06-26', '14:21:58', 1),
(976, 13, 12, 6, '2025-06-26', '14:21:59', 1),
(977, 13, 15, 6, '2025-06-26', '14:22:01', 1),
(978, 13, 20, 6, '2025-06-26', '14:23:22', 1),
(979, 13, 20, 6, '2025-06-26', '14:23:28', 1),
(980, 13, 15, 6, '2025-06-26', '14:24:35', 1),
(981, 13, 20, 6, '2025-06-26', '14:24:36', 1),
(982, 13, 15, 6, '2025-06-26', '14:24:42', 1),
(983, 13, 23, 6, '2025-06-26', '14:24:43', 1),
(984, 13, 15, 6, '2025-06-26', '14:24:44', 1),
(985, 13, 15, 6, '2025-06-26', '14:28:33', 1),
(986, 13, 20, 6, '2025-06-26', '14:28:34', 1),
(987, 13, 15, 6, '2025-06-26', '14:28:41', 1),
(988, 13, 20, 6, '2025-06-26', '14:28:41', 1),
(989, 13, 15, 6, '2025-06-26', '14:29:38', 1),
(990, 13, 20, 6, '2025-06-26', '14:29:39', 1),
(991, 13, 20, 6, '2025-06-26', '14:29:46', 1),
(992, 13, 15, 6, '2025-06-26', '14:29:53', 1),
(993, 13, 20, 6, '2025-06-26', '14:30:21', 1),
(994, 13, 15, 6, '2025-06-26', '14:30:26', 1),
(995, 13, 14, 6, '2025-06-26', '14:30:28', 1),
(996, 13, 15, 6, '2025-06-26', '14:30:28', 1),
(997, 13, 20, 6, '2025-06-26', '14:30:30', 1),
(998, 13, 15, 6, '2025-06-26', '14:30:37', 1),
(999, 13, 15, 6, '2025-06-26', '14:31:31', 1),
(1000, 13, 20, 6, '2025-06-26', '14:31:32', 1),
(1001, 13, 20, 6, '2025-06-26', '14:31:37', 1),
(1002, 13, 15, 6, '2025-06-26', '14:32:26', 1),
(1003, 13, 14, 6, '2025-06-26', '14:32:28', 1),
(1004, 13, 20, 6, '2025-06-26', '14:32:29', 1),
(1005, 13, 15, 6, '2025-06-26', '14:32:35', 1),
(1006, 13, 15, 6, '2025-06-26', '14:34:11', 1),
(1007, 13, 20, 6, '2025-06-26', '14:34:12', 1),
(1008, 13, 20, 6, '2025-06-26', '14:34:36', 1),
(1009, 13, 20, 6, '2025-06-26', '14:36:57', 1),
(1010, 13, 20, 6, '2025-06-26', '14:37:03', 1),
(1011, 13, 20, 6, '2025-06-26', '14:37:19', 1),
(1012, 13, 20, 6, '2025-06-26', '14:37:43', 1),
(1013, 13, 14, 6, '2025-06-26', '14:37:49', 1),
(1014, 13, 15, 6, '2025-06-26', '14:37:51', 1),
(1015, 13, 20, 6, '2025-06-26', '14:37:52', 1),
(1016, 13, 15, 6, '2025-06-26', '14:37:57', 1),
(1017, 13, 20, 6, '2025-06-26', '14:41:13', 1),
(1018, 13, 15, 6, '2025-06-26', '14:42:20', 1),
(1019, 13, 15, 6, '2025-06-26', '14:43:17', 1),
(1020, 13, 20, 6, '2025-06-26', '14:46:53', 1),
(1021, 13, 15, 6, '2025-06-26', '14:47:25', 1),
(1022, 13, 14, 6, '2025-06-26', '14:47:26', 1),
(1023, 13, 15, 6, '2025-06-26', '14:55:10', 1),
(1024, 13, 15, 6, '2025-06-26', '15:02:18', 1),
(1025, 13, 14, 6, '2025-06-26', '15:02:22', 1),
(1026, 13, 23, 6, '2025-06-26', '15:02:25', 1),
(1027, 13, 20, 189, '2025-06-26', '15:06:44', 1),
(1028, 14, 1, 1, '2025-06-26', '15:08:10', 1),
(1029, 14, 18, 6, '2025-06-26', '15:08:10', 1),
(1030, 14, 25, 6, '2025-06-26', '15:08:13', 1),
(1031, 14, 25, 6, '2025-06-26', '15:08:34', 1),
(1032, 13, 23, 6, '2025-06-26', '15:09:28', 1),
(1033, 13, 23, 6, '2025-06-26', '15:12:55', 1),
(1034, 13, 23, 6, '2025-06-26', '15:14:11', 1),
(1035, 13, 23, 6, '2025-06-26', '15:15:12', 1),
(1036, 13, 23, 6, '2025-06-26', '15:15:14', 1),
(1037, 13, 23, 6, '2025-06-26', '15:15:16', 1),
(1038, 13, 23, 6, '2025-06-26', '15:15:16', 1),
(1039, 13, 23, 6, '2025-06-26', '15:15:17', 1),
(1040, 13, 23, 6, '2025-06-26', '15:15:23', 1),
(1041, 13, 23, 6, '2025-06-26', '15:15:25', 1),
(1042, 13, 23, 6, '2025-06-26', '15:15:25', 1),
(1043, 13, 23, 6, '2025-06-26', '15:15:29', 1),
(1044, 13, 23, 6, '2025-06-26', '15:15:30', 1),
(1045, 13, 23, 6, '2025-06-26', '15:15:33', 1),
(1046, 13, 23, 6, '2025-06-26', '15:16:24', 1),
(1047, 13, 23, 6, '2025-06-26', '15:16:26', 1),
(1048, 13, 23, 6, '2025-06-26', '15:16:39', 1),
(1049, 13, 23, 6, '2025-06-26', '15:16:40', 1),
(1050, 13, 1, 6, '2025-06-26', '15:16:42', 1),
(1051, 13, 1, 6, '2025-06-26', '15:16:42', 1),
(1052, 13, 1, 6, '2025-06-26', '15:16:43', 1),
(1053, 13, 1, 6, '2025-06-26', '15:16:43', 1),
(1054, 13, 23, 6, '2025-06-26', '15:16:53', 1),
(1055, 13, 23, 6, '2025-06-26', '15:16:55', 1),
(1056, 13, 23, 6, '2025-06-26', '15:16:57', 1),
(1057, 13, 23, 6, '2025-06-26', '15:17:56', 1),
(1058, 13, 23, 6, '2025-06-26', '15:17:58', 1),
(1059, 13, 23, 6, '2025-06-26', '15:18:03', 1),
(1060, 13, 23, 6, '2025-06-26', '15:18:06', 1),
(1061, 13, 23, 6, '2025-06-26', '15:20:31', 1),
(1062, 13, 23, 6, '2025-06-26', '15:21:54', 1),
(1063, 13, 23, 6, '2025-06-26', '15:21:57', 1),
(1064, 13, 23, 6, '2025-06-26', '15:21:59', 1),
(1065, 13, 23, 6, '2025-06-26', '15:22:03', 1),
(1066, 13, 23, 6, '2025-06-26', '15:22:05', 1),
(1067, 13, 23, 6, '2025-06-26', '15:23:40', 1),
(1068, 13, 23, 6, '2025-06-26', '15:23:46', 1),
(1069, 13, 23, 6, '2025-06-26', '15:23:48', 1),
(1070, 13, 23, 6, '2025-06-26', '15:23:51', 1),
(1071, 13, 23, 6, '2025-06-26', '15:24:28', 1),
(1072, 13, 23, 6, '2025-06-26', '15:24:31', 1),
(1073, 13, 23, 6, '2025-06-26', '15:24:33', 1),
(1074, 13, 23, 6, '2025-06-26', '15:24:36', 1),
(1075, 13, 23, 6, '2025-06-26', '15:24:38', 1),
(1076, 13, 23, 6, '2025-06-26', '15:38:24', 1),
(1077, 13, 1, 3, '2025-06-26', '15:38:27', 1),
(1078, 1, 1, 1, '2025-06-26', '15:38:33', 1),
(1079, 1, 1, 6, '2025-06-26', '15:38:34', 1),
(1080, 1, 1, 6, '2025-06-26', '15:38:34', 1),
(1081, 1, 4, 6, '2025-06-26', '15:38:35', 1),
(1082, 1, 6, 6, '2025-06-26', '15:38:41', 1),
(1083, 1, 1, 6, '2025-06-26', '15:38:49', 1),
(1084, 1, 1, 6, '2025-06-26', '15:38:49', 1),
(1085, 1, 1, 6, '2025-06-26', '15:39:16', 1),
(1086, 1, 1, 6, '2025-06-26', '15:39:16', 1),
(1087, 1, 1, 6, '2025-06-26', '15:39:28', 1),
(1088, 1, 1, 6, '2025-06-26', '15:39:28', 1),
(1089, 1, 4, 6, '2025-06-26', '15:41:55', 1),
(1090, 1, 4, 6, '2025-06-26', '15:43:04', 1),
(1091, 1, 5, 6, '2025-06-26', '15:43:07', 1),
(1092, 1, 4, 6, '2025-06-26', '15:43:27', 1),
(1093, 1, 2, 6, '2025-06-26', '15:43:30', 1),
(1094, 1, 6, 6, '2025-06-26', '15:43:50', 1),
(1095, 1, 1, 6, '2025-06-26', '15:43:53', 1),
(1096, 1, 1, 6, '2025-06-26', '15:43:53', 1),
(1097, 1, 1, 3, '2025-06-26', '15:46:35', 1),
(1098, 12, 1, 2, '2025-06-26', '15:46:44', 0),
(1099, 12, 1, 1, '2025-06-26', '15:46:56', 1),
(1100, 12, 14, 6, '2025-06-26', '15:46:56', 1),
(1101, 12, 1, 3, '2025-06-26', '15:46:59', 1),
(1102, 1, 1, 1, '2025-06-26', '15:47:08', 1),
(1103, 1, 1, 6, '2025-06-26', '15:47:08', 1),
(1104, 1, 1, 6, '2025-06-26', '15:47:08', 1),
(1105, 1, 6, 6, '2025-06-26', '15:47:59', 1),
(1106, 1, 6, 6, '2025-06-26', '15:48:22', 1),
(1107, 1, 1, 6, '2025-06-26', '15:48:32', 1),
(1108, 1, 1, 6, '2025-06-26', '15:48:32', 1),
(1109, 1, 6, 6, '2025-06-26', '15:54:07', 1),
(1110, 1, 6, 6, '2025-06-26', '15:54:11', 1),
(1111, 1, 6, 6, '2025-06-26', '15:55:43', 1),
(1112, 1, 6, 6, '2025-06-26', '15:55:46', 1),
(1113, 1, 6, 6, '2025-06-26', '15:55:54', 1),
(1114, 1, 6, 6, '2025-06-26', '15:56:35', 1),
(1115, 1, 6, 6, '2025-06-26', '15:57:45', 1),
(1116, 1, 6, 6, '2025-06-26', '15:58:13', 1),
(1117, 1, 6, 6, '2025-06-26', '15:58:16', 1),
(1118, 1, 7, 6, '2025-06-26', '15:58:21', 1),
(1119, 1, 6, 6, '2025-06-26', '15:58:25', 1),
(1120, 1, 6, 6, '2025-06-26', '15:58:30', 1),
(1121, 1, 6, 6, '2025-06-26', '15:58:33', 1),
(1122, 1, 7, 6, '2025-06-26', '15:59:20', 1),
(1123, 1, 7, 6, '2025-06-26', '16:04:59', 1),
(1124, 1, 1, 6, '2025-06-26', '16:05:02', 1),
(1125, 1, 1, 6, '2025-06-26', '16:05:02', 1),
(1126, 1, 7, 6, '2025-06-26', '16:06:38', 1),
(1127, 1, 1, 6, '2025-06-26', '16:06:42', 1),
(1128, 1, 1, 6, '2025-06-26', '16:06:42', 1),
(1129, 1, 7, 6, '2025-06-26', '16:07:30', 1),
(1130, 1, 7, 6, '2025-06-26', '16:07:33', 1),
(1131, 1, 7, 6, '2025-06-26', '16:07:42', 1),
(1132, 1, 7, 6, '2025-06-26', '16:09:01', 1),
(1133, 1, 7, 6, '2025-06-26', '16:09:03', 1),
(1134, 1, 7, 6, '2025-06-26', '16:10:27', 1),
(1135, 1, 7, 6, '2025-06-26', '16:10:30', 1),
(1136, 1, 7, 6, '2025-06-26', '16:11:52', 1),
(1137, 1, 7, 6, '2025-06-26', '16:11:55', 1),
(1138, 1, 7, 6, '2025-06-26', '16:11:59', 1),
(1139, 1, 7, 6, '2025-06-26', '16:12:03', 1),
(1140, 1, 7, 6, '2025-06-26', '16:12:06', 1),
(1141, 1, 7, 6, '2025-06-26', '16:12:10', 1),
(1142, 1, 7, 6, '2025-06-26', '16:12:17', 1),
(1143, 1, 7, 6, '2025-06-26', '16:12:21', 1),
(1144, 14, 1, 3, '2025-06-26', '16:16:34', 1),
(1145, 13, 1, 1, '2025-06-26', '16:16:41', 1),
(1146, 13, 14, 6, '2025-06-26', '16:16:41', 1),
(1147, 13, 15, 6, '2025-06-26', '16:16:43', 1),
(1148, 13, 15, 6, '2025-06-26', '16:16:46', 1),
(1149, 13, 15, 6, '2025-06-26', '16:16:49', 1),
(1150, 13, 15, 6, '2025-06-26', '16:16:51', 1),
(1151, 13, 15, 6, '2025-06-26', '16:16:54', 1),
(1152, 13, 15, 6, '2025-06-26', '16:16:58', 1),
(1153, 13, 15, 6, '2025-06-26', '16:17:01', 1),
(1154, 13, 15, 6, '2025-06-26', '16:17:05', 1),
(1155, 13, 15, 6, '2025-06-26', '16:17:07', 1),
(1156, 13, 15, 6, '2025-06-26', '16:17:12', 1),
(1157, 13, 15, 6, '2025-06-26', '16:17:14', 1),
(1158, 13, 15, 6, '2025-06-26', '16:17:20', 1),
(1159, 13, 15, 6, '2025-06-26', '16:17:22', 1),
(1160, 13, 15, 6, '2025-06-26', '16:17:25', 1),
(1161, 13, 15, 6, '2025-06-26', '16:17:29', 1),
(1162, 13, 15, 6, '2025-06-26', '16:17:32', 1),
(1163, 13, 15, 6, '2025-06-26', '16:17:41', 1),
(1164, 13, 15, 6, '2025-06-26', '16:17:45', 1),
(1165, 13, 15, 6, '2025-06-26', '16:17:48', 1),
(1166, 13, 15, 6, '2025-06-26', '16:17:52', 1),
(1167, 1, 7, 6, '2025-06-26', '16:20:24', 1),
(1168, 13, 15, 6, '2025-06-26', '16:20:28', 1),
(1169, 13, 15, 6, '2025-06-26', '16:20:31', 1),
(1170, 13, 15, 6, '2025-06-26', '16:20:35', 1),
(1171, 13, 15, 6, '2025-06-26', '16:20:38', 1),
(1172, 13, 15, 6, '2025-06-26', '16:20:40', 1),
(1173, 1, 7, 6, '2025-06-26', '16:21:34', 1),
(1174, 13, 15, 6, '2025-06-26', '16:21:38', 1),
(1175, 13, 15, 6, '2025-06-26', '16:21:41', 1),
(1176, 13, 15, 6, '2025-06-26', '16:21:44', 1),
(1177, 13, 15, 6, '2025-06-26', '16:21:46', 1),
(1178, 13, 15, 6, '2025-06-26', '16:23:33', 1),
(1179, 13, 15, 6, '2025-06-26', '16:23:37', 1),
(1180, 13, 15, 6, '2025-06-26', '16:23:39', 1),
(1181, 13, 15, 6, '2025-06-26', '16:23:41', 1),
(1182, 13, 15, 6, '2025-06-26', '16:23:44', 1),
(1183, 13, 15, 6, '2025-06-26', '16:24:11', 1),
(1184, 13, 15, 6, '2025-06-26', '16:24:14', 1),
(1185, 13, 15, 6, '2025-06-26', '16:24:16', 1),
(1186, 13, 15, 6, '2025-06-26', '16:24:21', 1),
(1187, 1, 7, 6, '2025-06-26', '16:25:46', 1),
(1188, 13, 15, 6, '2025-06-26', '16:25:50', 1),
(1189, 13, 15, 6, '2025-06-26', '16:25:52', 1),
(1190, 13, 15, 6, '2025-06-26', '16:25:54', 1),
(1191, 13, 15, 6, '2025-06-26', '16:25:57', 1);
INSERT INTO `pister` (`id_piste`, `id_utilisateur`, `id_traitement`, `id_action`, `date_piste`, `heure_piste`, `acceder`) VALUES
(1192, 13, 15, 6, '2025-06-26', '16:25:59', 1),
(1193, 1, 10, 6, '2025-06-26', '16:26:14', 1),
(1194, 1, 10, 6, '2025-06-26', '16:26:47', 1),
(1195, 1, 10, 6, '2025-06-26', '16:28:53', 1),
(1196, 1, 10, 6, '2025-06-26', '16:28:56', 1),
(1197, 1, 10, 6, '2025-06-26', '16:29:00', 1),
(1198, 1, 10, 6, '2025-06-26', '16:29:04', 1),
(1199, 1, 10, 6, '2025-06-26', '16:29:07', 1),
(1200, 1, 10, 6, '2025-06-26', '16:29:10', 1),
(1201, 1, 10, 6, '2025-06-26', '16:29:13', 1),
(1202, 1, 10, 6, '2025-06-26', '16:29:16', 1),
(1203, 1, 10, 6, '2025-06-26', '16:29:19', 1),
(1204, 1, 10, 6, '2025-06-26', '16:29:22', 1),
(1205, 1, 10, 6, '2025-06-26', '16:29:24', 1),
(1206, 1, 10, 6, '2025-06-26', '16:29:29', 1),
(1207, 1, 10, 6, '2025-06-26', '16:29:40', 1),
(1208, 1, 10, 6, '2025-06-26', '16:29:44', 1),
(1209, 1, 10, 6, '2025-06-26', '16:29:47', 1),
(1210, 1, 10, 6, '2025-06-26', '16:31:47', 1),
(1211, 1, 10, 6, '2025-06-26', '16:32:08', 1),
(1212, 1, 10, 6, '2025-06-26', '16:32:14', 1),
(1213, 1, 10, 6, '2025-06-26', '16:35:27', 1),
(1214, 1, 10, 6, '2025-06-26', '16:35:30', 1),
(1215, 1, 10, 6, '2025-06-26', '16:35:36', 1),
(1216, 1, 10, 6, '2025-06-26', '16:35:43', 1),
(1217, 1, 10, 6, '2025-06-26', '16:35:47', 1),
(1218, 1, 10, 6, '2025-06-26', '16:35:53', 1),
(1219, 1, 10, 6, '2025-06-26', '16:35:56', 1),
(1220, 1, 10, 6, '2025-06-26', '16:35:59', 1),
(1221, 1, 10, 6, '2025-06-26', '16:36:04', 1),
(1222, 1, 10, 6, '2025-06-26', '16:36:07', 1),
(1223, 1, 10, 6, '2025-06-26', '16:36:45', 1),
(1224, 1, 10, 6, '2025-06-26', '16:36:50', 1),
(1225, 1, 10, 6, '2025-06-26', '16:36:54', 1),
(1226, 1, 10, 6, '2025-06-26', '16:37:27', 1),
(1227, 1, 10, 6, '2025-06-26', '16:38:22', 1),
(1228, 1, 10, 6, '2025-06-26', '16:38:52', 1),
(1229, 1, 10, 6, '2025-06-26', '16:41:24', 1),
(1230, 13, 14, 6, '2025-06-26', '16:42:09', 1),
(1231, 13, 14, 6, '2025-06-26', '16:51:38', 1),
(1232, 13, 14, 6, '2025-06-26', '16:52:52', 1),
(1233, 13, 14, 6, '2025-06-26', '16:53:44', 1),
(1234, 1, 8, 6, '2025-06-26', '16:53:50', 1),
(1235, 13, 14, 6, '2025-06-26', '16:54:20', 1),
(1236, 13, 14, 6, '2025-06-26', '16:56:03', 1),
(1237, 13, 14, 6, '2025-06-26', '16:57:47', 1),
(1238, 13, 14, 6, '2025-06-26', '16:58:02', 1),
(1239, 13, 14, 6, '2025-06-26', '17:01:05', 1),
(1240, 13, 14, 6, '2025-06-26', '17:01:14', 1),
(1241, 13, 14, 6, '2025-06-26', '17:01:16', 1),
(1242, 13, 14, 6, '2025-06-26', '17:01:18', 1),
(1243, 13, 14, 6, '2025-06-26', '17:01:28', 1),
(1244, 13, 14, 6, '2025-06-26', '17:01:30', 1),
(1245, 13, 14, 6, '2025-06-26', '17:01:35', 1),
(1246, 13, 14, 6, '2025-06-26', '17:01:40', 1),
(1247, 13, 14, 6, '2025-06-26', '17:01:44', 1),
(1248, 13, 14, 6, '2025-06-26', '17:01:50', 1),
(1249, 13, 14, 6, '2025-06-26', '17:01:53', 1),
(1250, 13, 14, 6, '2025-06-26', '17:01:55', 1),
(1251, 13, 14, 6, '2025-06-26', '17:01:58', 1),
(1252, 13, 14, 6, '2025-06-26', '17:03:02', 1),
(1253, 13, 14, 6, '2025-06-26', '17:03:24', 1),
(1254, 13, 14, 6, '2025-06-26', '17:03:49', 1),
(1255, 13, 14, 6, '2025-06-26', '17:04:04', 1),
(1256, 13, 14, 6, '2025-06-26', '17:04:20', 1),
(1257, 13, 14, 6, '2025-06-26', '17:04:30', 1),
(1258, 13, 14, 6, '2025-06-26', '17:04:40', 1),
(1259, 13, 1, 3, '2025-06-26', '17:05:14', 1),
(1260, 11, 1, 1, '2025-06-26', '17:05:23', 1),
(1261, 11, 14, 6, '2025-06-26', '17:05:23', 1),
(1262, 11, 14, 6, '2025-06-26', '17:06:11', 1),
(1263, 11, 14, 6, '2025-06-26', '17:06:51', 1),
(1264, 11, 14, 6, '2025-06-26', '17:07:35', 1),
(1265, 11, 14, 6, '2025-06-26', '17:10:35', 1),
(1266, 11, 14, 6, '2025-06-26', '17:10:46', 1),
(1267, 11, 14, 6, '2025-06-26', '17:10:49', 1),
(1268, 11, 14, 6, '2025-06-26', '17:13:15', 1),
(1269, 11, 14, 6, '2025-06-26', '17:14:15', 1),
(1270, 11, 14, 6, '2025-06-26', '17:15:36', 1),
(1271, 11, 14, 6, '2025-06-26', '17:17:57', 1),
(1272, 11, 14, 6, '2025-06-26', '17:24:11', 1),
(1273, 11, 14, 6, '2025-06-26', '17:24:15', 1),
(1274, 11, 14, 6, '2025-06-26', '17:24:18', 1),
(1275, 11, 14, 6, '2025-06-26', '17:24:22', 1),
(1276, 11, 14, 6, '2025-06-26', '17:24:27', 1),
(1277, 11, 14, 6, '2025-06-26', '17:24:30', 1),
(1278, 11, 14, 6, '2025-06-26', '17:24:32', 1),
(1279, 11, 14, 6, '2025-06-26', '17:24:36', 1),
(1280, 11, 14, 6, '2025-06-26', '17:24:40', 1),
(1281, 11, 14, 6, '2025-06-26', '17:24:43', 1),
(1282, 11, 14, 6, '2025-06-26', '17:26:25', 1),
(1283, 11, 14, 6, '2025-06-26', '17:27:10', 1),
(1284, 11, 14, 6, '2025-06-26', '17:27:14', 1),
(1285, 11, 14, 6, '2025-06-26', '17:27:18', 1),
(1286, 11, 14, 6, '2025-06-26', '17:27:27', 1),
(1287, 11, 14, 6, '2025-06-26', '17:27:31', 1),
(1288, 11, 14, 6, '2025-06-26', '17:27:35', 1),
(1289, 11, 14, 6, '2025-06-26', '17:27:39', 1),
(1290, 11, 14, 6, '2025-06-26', '17:27:42', 1),
(1291, 11, 14, 6, '2025-06-26', '17:27:46', 1),
(1292, 11, 14, 6, '2025-06-26', '17:27:52', 1),
(1293, 11, 14, 6, '2025-06-26', '17:28:31', 1),
(1294, 11, 14, 6, '2025-06-26', '17:28:33', 1),
(1295, 11, 14, 6, '2025-06-26', '17:28:37', 1),
(1296, 11, 14, 6, '2025-06-26', '17:28:41', 1),
(1297, 11, 14, 6, '2025-06-26', '17:28:49', 1),
(1298, 11, 14, 6, '2025-06-26', '17:28:52', 1),
(1299, 11, 16, 6, '2025-06-26', '17:28:53', 1),
(1300, 11, 17, 6, '2025-06-26', '17:29:01', 1),
(1301, 11, 17, 6, '2025-06-26', '17:29:03', 1),
(1302, 11, 16, 6, '2025-06-26', '17:29:05', 1),
(1303, 11, 16, 6, '2025-06-26', '17:29:18', 1),
(1304, 11, 17, 6, '2025-06-26', '17:41:28', 1),
(1305, 11, 16, 6, '2025-06-26', '17:41:37', 1),
(1306, 11, 1, 3, '2025-06-26', '17:44:09', 1),
(1307, 13, 1, 1, '2025-06-26', '17:44:14', 1),
(1308, 13, 14, 6, '2025-06-26', '17:44:14', 1),
(1309, 13, 3, 6, '2025-06-26', '17:44:16', 1),
(1310, 13, 3, 6, '2025-06-26', '17:45:28', 1),
(1311, 13, 3, 6, '2025-06-26', '17:46:14', 1),
(1312, 13, 3, 6, '2025-06-26', '17:47:01', 1),
(1313, 13, 3, 6, '2025-06-26', '17:47:48', 1),
(1314, 13, 3, 6, '2025-06-26', '17:51:27', 1),
(1315, 13, 3, 6, '2025-06-26', '17:52:32', 1),
(1316, 13, 3, 6, '2025-06-26', '17:52:45', 1),
(1317, 13, 3, 6, '2025-06-26', '17:56:41', 1),
(1318, 13, 1, 6, '2025-06-26', '17:56:44', 1),
(1319, 13, 1, 6, '2025-06-26', '17:56:44', 1),
(1320, 13, 1, 6, '2025-06-26', '17:56:48', 1),
(1321, 13, 1, 6, '2025-06-26', '17:56:48', 1),
(1322, 13, 1, 6, '2025-06-26', '17:56:54', 1),
(1323, 13, 1, 6, '2025-06-26', '17:56:54', 1),
(1324, 13, 1, 6, '2025-06-26', '17:56:58', 1),
(1325, 13, 1, 6, '2025-06-26', '17:56:58', 1),
(1326, 13, 3, 6, '2025-06-26', '17:58:21', 1),
(1327, 13, 1, 6, '2025-06-26', '17:58:23', 1),
(1328, 13, 1, 6, '2025-06-26', '17:58:23', 1),
(1329, 13, 1, 6, '2025-06-26', '17:58:27', 1),
(1330, 13, 1, 6, '2025-06-26', '17:58:27', 1),
(1331, 13, 3, 6, '2025-06-26', '18:00:15', 1),
(1332, 13, 3, 6, '2025-06-26', '18:00:19', 1),
(1333, 13, 3, 6, '2025-06-26', '18:00:22', 1),
(1334, 13, 3, 6, '2025-06-26', '18:00:25', 1),
(1335, 13, 3, 6, '2025-06-26', '18:00:28', 1),
(1336, 13, 3, 6, '2025-06-26', '18:00:31', 1),
(1337, 13, 3, 6, '2025-06-26', '18:00:48', 1),
(1338, 13, 3, 6, '2025-06-26', '18:00:51', 1),
(1339, 13, 3, 6, '2025-06-26', '18:00:54', 1),
(1340, 13, 3, 6, '2025-06-26', '18:01:00', 1),
(1341, 13, 3, 6, '2025-06-26', '18:01:02', 1),
(1342, 13, 15, 6, '2025-06-26', '18:01:26', 1),
(1343, 13, 1, 3, '2025-06-26', '18:01:47', 1),
(1344, 11, 1, 1, '2025-06-26', '18:03:10', 1),
(1345, 11, 14, 6, '2025-06-26', '18:03:11', 1),
(1346, 11, 16, 6, '2025-06-26', '18:03:12', 1),
(1347, 11, 16, 6, '2025-06-26', '18:08:43', 1),
(1348, 11, 16, 6, '2025-06-26', '18:08:46', 1),
(1349, 11, 16, 6, '2025-06-26', '18:08:54', 1),
(1350, 11, 16, 6, '2025-06-26', '18:08:58', 1),
(1351, 11, 16, 6, '2025-06-26', '18:09:07', 1),
(1352, 11, 16, 6, '2025-06-26', '18:09:09', 1),
(1353, 11, 16, 6, '2025-06-26', '18:09:14', 1),
(1354, 11, 16, 6, '2025-06-26', '18:09:20', 1),
(1355, 11, 16, 6, '2025-06-26', '18:09:23', 1),
(1356, 11, 16, 6, '2025-06-26', '18:09:29', 1),
(1357, 11, 16, 6, '2025-06-26', '18:12:05', 1),
(1358, 11, 16, 6, '2025-06-26', '18:12:08', 1),
(1359, 11, 16, 6, '2025-06-26', '18:12:14', 1),
(1360, 11, 16, 6, '2025-06-26', '18:12:18', 1),
(1361, 11, 16, 6, '2025-06-26', '18:12:25', 1),
(1362, 11, 16, 6, '2025-06-26', '18:12:28', 1),
(1363, 11, 16, 6, '2025-06-26', '18:12:32', 1),
(1364, 11, 16, 6, '2025-06-26', '18:12:34', 1),
(1365, 11, 16, 6, '2025-06-26', '18:13:41', 1),
(1366, 11, 16, 6, '2025-06-26', '18:15:03', 1),
(1367, 11, 16, 6, '2025-06-26', '18:15:06', 1),
(1368, 11, 16, 6, '2025-06-26', '18:15:09', 1),
(1369, 11, 17, 6, '2025-06-26', '18:15:14', 1),
(1370, 11, 17, 6, '2025-06-26', '18:15:17', 1),
(1371, 11, 17, 6, '2025-06-26', '18:15:24', 1),
(1372, 11, 1, 3, '2025-06-26', '18:15:30', 1),
(1373, 1, 1, 1, '2025-06-26', '18:15:58', 1),
(1374, 1, 1, 6, '2025-06-26', '18:15:58', 1),
(1375, 1, 1, 6, '2025-06-26', '18:15:58', 1),
(1376, 1, 8, 6, '2025-06-26', '18:16:20', 1),
(1377, 1, 9, 6, '2025-06-26', '18:16:36', 1),
(1378, 1, 4, 6, '2025-06-26', '18:16:38', 1),
(1379, 1, 1, 6, '2025-06-26', '18:18:56', 1),
(1380, 1, 1, 6, '2025-06-26', '18:18:56', 1),
(1381, 1, 1, 6, '2025-06-26', '18:19:02', 1),
(1382, 1, 1, 6, '2025-06-26', '18:19:02', 1),
(1383, 1, 1, 6, '2025-06-26', '18:20:16', 1),
(1384, 1, 1, 6, '2025-06-26', '18:20:16', 1),
(1385, 1, 1, 6, '2025-06-26', '18:20:21', 1),
(1386, 1, 1, 6, '2025-06-26', '18:20:21', 1),
(1387, 1, 4, 6, '2025-06-26', '18:25:08', 1),
(1388, 1, 4, 6, '2025-06-26', '18:25:14', 1),
(1389, 1, 4, 6, '2025-06-26', '18:26:08', 1),
(1390, 1, 4, 6, '2025-06-26', '18:28:38', 1),
(1391, 1, 4, 6, '2025-06-26', '18:28:39', 1),
(1392, 1, 1, 6, '2025-06-26', '18:28:41', 1),
(1393, 1, 1, 6, '2025-06-26', '18:28:41', 1),
(1394, 1, 1, 6, '2025-06-26', '18:28:45', 1),
(1395, 1, 1, 6, '2025-06-26', '18:28:45', 1),
(1396, 1, 4, 6, '2025-06-26', '18:29:16', 1),
(1397, 1, 1, 6, '2025-06-26', '18:29:20', 1),
(1398, 1, 1, 6, '2025-06-26', '18:29:20', 1),
(1399, 1, 4, 6, '2025-06-26', '18:30:01', 1),
(1400, 1, 4, 6, '2025-06-26', '18:30:04', 1),
(1401, 1, 4, 6, '2025-06-26', '18:30:10', 1),
(1402, 1, 4, 6, '2025-06-26', '18:30:17', 1),
(1403, 1, 4, 6, '2025-06-26', '18:30:49', 1),
(1404, 1, 4, 6, '2025-06-26', '18:30:52', 1),
(1405, 1, 4, 6, '2025-06-26', '18:30:56', 1),
(1406, 1, 9, 6, '2025-06-26', '18:31:45', 1),
(1407, 1, 1, 3, '2025-06-26', '18:32:16', 1),
(1408, 1, 8, 6, '2025-06-26', '18:32:22', 1),
(1409, 1, 9, 6, '2025-06-26', '18:32:23', 1),
(1410, 13, 1, 1, '2025-06-26', '18:32:32', 1),
(1411, 13, 14, 6, '2025-06-26', '18:32:32', 1),
(1412, 13, 23, 6, '2025-06-26', '18:32:37', 1),
(1413, 13, 23, 6, '2025-06-26', '18:32:40', 1),
(1414, 13, 23, 6, '2025-06-26', '18:32:42', 1),
(1415, 13, 23, 6, '2025-06-26', '18:32:45', 1),
(1416, 13, 23, 6, '2025-06-26', '18:32:45', 1),
(1417, 13, 23, 6, '2025-06-26', '18:32:49', 1),
(1418, 13, 23, 6, '2025-06-26', '18:32:51', 1),
(1419, 13, 23, 6, '2025-06-26', '18:32:53', 1),
(1420, 13, 23, 6, '2025-06-26', '18:33:20', 1),
(1421, 13, 23, 6, '2025-06-26', '18:33:20', 1),
(1422, 13, 23, 6, '2025-06-26', '18:33:21', 1),
(1423, 13, 23, 6, '2025-06-26', '18:33:23', 1),
(1424, 13, 23, 6, '2025-06-26', '18:33:25', 1),
(1425, 13, 23, 6, '2025-06-26', '18:33:38', 1),
(1426, 13, 23, 6, '2025-06-26', '18:33:40', 1),
(1427, 13, 23, 6, '2025-06-26', '18:33:42', 1),
(1428, 1, 9, 6, '2025-06-26', '18:33:59', 1),
(1429, 1, 9, 6, '2025-06-26', '18:34:10', 1),
(1430, 1, 9, 6, '2025-06-26', '18:34:14', 1),
(1431, 1, 9, 6, '2025-06-26', '18:34:20', 1),
(1432, 1, 9, 6, '2025-06-26', '18:34:31', 1),
(1433, 1, 9, 6, '2025-06-26', '18:34:35', 1),
(1434, 1, 9, 6, '2025-06-26', '18:34:42', 1),
(1435, 1, 9, 6, '2025-06-26', '18:34:47', 1),
(1436, 1, 9, 6, '2025-06-26', '18:34:51', 1),
(1437, 1, 8, 6, '2025-06-26', '18:57:33', 1),
(1438, 1, 8, 6, '2025-06-26', '18:57:37', 1),
(1439, 1, 8, 6, '2025-06-26', '18:57:42', 1),
(1440, 1, 8, 6, '2025-06-26', '18:57:58', 1),
(1441, 1, 8, 6, '2025-06-26', '18:58:02', 1),
(1442, 1, 8, 6, '2025-06-26', '19:01:36', 1),
(1443, 1, 8, 6, '2025-06-26', '19:01:40', 1),
(1444, 1, 8, 6, '2025-06-26', '19:01:43', 1),
(1445, 1, 13, 6, '2025-06-26', '19:48:38', 1),
(1446, 1, 13, 6, '2025-06-26', '20:08:13', 1),
(1447, 1, 13, 6, '2025-06-26', '20:10:07', 1),
(1448, 1, 13, 6, '2025-06-26', '20:15:51', 1),
(1449, 1, 13, 6, '2025-06-26', '22:01:16', 1),
(1450, 1, 13, 6, '2025-06-26', '22:06:28', 1),
(1451, 1, 13, 6, '2025-06-26', '22:08:37', 1),
(1452, 1, 13, 6, '2025-06-26', '22:10:42', 1),
(1453, 1, 13, 6, '2025-06-26', '22:14:39', 1),
(1454, 1, 13, 6, '2025-06-26', '22:15:25', 1),
(1455, 1, 13, 6, '2025-06-26', '22:17:14', 1),
(1456, 1, 13, 6, '2025-06-26', '22:18:29', 1),
(1457, 1, 13, 6, '2025-06-26', '22:19:52', 1),
(1458, 1, 13, 6, '2025-06-26', '22:20:15', 1),
(1459, 1, 13, 6, '2025-06-26', '22:21:16', 1),
(1460, 1, 13, 6, '2025-06-26', '22:24:44', 1),
(1461, 1, 13, 6, '2025-06-26', '22:25:53', 1),
(1462, 1, 13, 6, '2025-06-26', '22:27:03', 1),
(1463, 1, 13, 6, '2025-06-26', '22:29:11', 1),
(1464, 1, 13, 6, '2025-06-26', '22:30:39', 1),
(1465, 1, 13, 6, '2025-06-26', '22:32:29', 1),
(1466, 1, 13, 6, '2025-06-26', '22:33:55', 1),
(1467, 1, 13, 6, '2025-06-26', '22:35:04', 1),
(1468, 1, 13, 6, '2025-06-26', '22:39:18', 1),
(1469, 1, 13, 6, '2025-06-26', '22:40:19', 1),
(1470, 1, 13, 6, '2025-06-26', '22:49:31', 1),
(1471, 1, 13, 6, '2025-06-26', '22:50:54', 1),
(1472, 1, 13, 6, '2025-06-26', '22:51:42', 1),
(1473, 1, 13, 6, '2025-06-26', '23:07:10', 1),
(1474, 1, 13, 6, '2025-06-26', '23:08:09', 1),
(1475, 1, 13, 6, '2025-06-26', '23:08:51', 1),
(1476, 1, 13, 6, '2025-06-26', '23:14:56', 1),
(1477, 1, 1, 3, '2025-06-26', '23:14:58', 1),
(1478, 13, 1, 1, '2025-06-26', '23:15:04', 1),
(1479, 13, 14, 6, '2025-06-26', '23:15:04', 1),
(1480, 13, 3, 6, '2025-06-26', '23:15:08', 1),
(1481, 13, 1, 3, '2025-06-26', '23:15:56', 1),
(1482, 1, 1, 1, '2025-06-26', '23:16:02', 1),
(1483, 1, 1, 6, '2025-06-26', '23:16:02', 1),
(1484, 1, 1, 6, '2025-06-26', '23:16:02', 1),
(1485, 1, 13, 6, '2025-06-26', '23:16:06', 1),
(1486, 1, 13, 6, '2025-06-26', '23:23:39', 1),
(1487, 1, 13, 6, '2025-06-26', '23:36:19', 1),
(1488, 1, 13, 6, '2025-06-26', '23:36:42', 1),
(1489, 1, 13, 6, '2025-06-26', '23:37:11', 1),
(1490, 1, 13, 6, '2025-06-26', '23:37:23', 1),
(1491, 1, 13, 6, '2025-06-27', '00:33:28', 1),
(1492, 1, 1, 3, '2025-06-27', '00:33:30', 1),
(1493, 13, 1, 1, '2025-06-27', '00:33:42', 1),
(1494, 13, 14, 6, '2025-06-27', '00:33:42', 1),
(1495, 13, 3, 6, '2025-06-27', '00:33:43', 1),
(1496, 13, 3, 6, '2025-06-27', '00:40:00', 1),
(1497, 13, 3, 6, '2025-06-27', '00:42:20', 1),
(1498, 13, 3, 6, '2025-06-27', '00:47:26', 1),
(1499, 13, 3, 6, '2025-06-27', '00:50:59', 1),
(1500, 13, 3, 6, '2025-06-27', '00:52:36', 1),
(1501, 13, 3, 6, '2025-06-27', '00:55:44', 1),
(1502, 13, 3, 6, '2025-06-27', '00:57:56', 1),
(1503, 13, 3, 6, '2025-06-27', '01:06:43', 1),
(1504, 13, 3, 6, '2025-06-27', '01:09:24', 1),
(1505, 13, 3, 6, '2025-06-27', '01:09:42', 1),
(1506, 13, 3, 91, '2025-06-27', '01:11:49', 0),
(1507, 13, 3, 6, '2025-06-27', '01:11:49', 1),
(1508, 13, 3, 6, '2025-06-27', '01:13:00', 1),
(1509, 13, 3, 6, '2025-06-27', '01:16:28', 1),
(1510, 13, 3, 6, '2025-06-27', '01:19:45', 1),
(1511, 13, 3, 6, '2025-06-27', '01:20:19', 1),
(1512, 13, 3, 6, '2025-06-27', '01:21:04', 1),
(1513, 13, 3, 91, '2025-06-27', '01:22:08', 1),
(1514, 13, 3, 6, '2025-06-27', '01:22:08', 1),
(1515, 13, 3, 6, '2025-06-27', '01:30:20', 1),
(1516, 13, 3, 6, '2025-06-27', '01:34:11', 1),
(1517, 13, 3, 6, '2025-06-27', '01:39:40', 1),
(1518, 13, 10, 6, '2025-06-27', '01:39:41', 1),
(1519, 13, 14, 6, '2025-06-27', '01:39:47', 1),
(1520, 13, 14, 6, '2025-06-27', '01:39:50', 1),
(1521, 13, 14, 6, '2025-06-27', '01:39:53', 1),
(1522, 13, 14, 6, '2025-06-27', '01:39:56', 1),
(1523, 13, 15, 6, '2025-06-27', '01:40:00', 1),
(1524, 13, 23, 6, '2025-06-27', '01:40:03', 1),
(1525, 13, 1, 3, '2025-06-27', '01:40:06', 1),
(1526, 1, 1, 1, '2025-06-27', '01:40:13', 1),
(1527, 1, 1, 6, '2025-06-27', '01:40:13', 1),
(1528, 1, 1, 6, '2025-06-27', '01:40:13', 1),
(1529, 1, 2, 6, '2025-06-27', '01:40:14', 1),
(1530, 1, 4, 6, '2025-06-27', '01:40:16', 1),
(1531, 1, 5, 6, '2025-06-27', '01:40:18', 1),
(1532, 1, 6, 6, '2025-06-27', '01:40:18', 1),
(1533, 1, 5, 6, '2025-06-27', '01:40:19', 1),
(1534, 1, 4, 6, '2025-06-27', '01:40:21', 1),
(1535, 1, 5, 6, '2025-06-27', '01:40:23', 1),
(1536, 1, 6, 6, '2025-06-27', '01:40:24', 1),
(1537, 1, 6, 6, '2025-06-27', '01:40:28', 1),
(1538, 1, 7, 6, '2025-06-27', '01:40:37', 1),
(1539, 1, 8, 6, '2025-06-27', '01:40:39', 1),
(1540, 1, 9, 6, '2025-06-27', '01:40:42', 1),
(1541, 1, 22, 6, '2025-06-27', '01:40:56', 1),
(1542, 1, 22, 6, '2025-06-27', '01:41:20', 1),
(1543, 1, 1, 3, '2025-06-27', '01:56:27', 1),
(1544, 13, 1, 1, '2025-06-27', '02:27:42', 1),
(1545, 13, 14, 6, '2025-06-27', '02:27:42', 1),
(1546, 13, 1, 3, '2025-06-27', '02:29:14', 1),
(1547, 1, 1, 1, '2025-06-27', '02:29:20', 1),
(1548, 1, 1, 6, '2025-06-27', '02:29:20', 1),
(1549, 1, 1, 6, '2025-06-27', '02:29:20', 1),
(1550, 1, 11, 310, '2025-06-27', '02:29:22', 1),
(1551, 1, 11, 310, '2025-06-27', '02:29:36', 1),
(1552, 1, 11, 310, '2025-06-27', '02:29:43', 1),
(1553, 1, 11, 310, '2025-06-27', '02:29:48', 1),
(1554, 1, 1, 3, '2025-06-27', '02:30:00', 1),
(1555, 13, 1, 1, '2025-06-27', '02:30:08', 1),
(1556, 13, 14, 6, '2025-06-27', '02:30:09', 1),
(1557, 13, 3, 6, '2025-06-27', '02:30:11', 1),
(1558, 13, 1, 3, '2025-06-27', '03:29:43', 1),
(1559, 1, 1, 1, '2025-06-28', '10:04:42', 1),
(1560, 1, 1, 6, '2025-06-28', '10:04:43', 1),
(1561, 1, 1, 6, '2025-06-28', '10:04:43', 1),
(1562, 1, 1, 3, '2025-06-28', '10:04:46', 1),
(1563, 13, 1, 1, '2025-06-28', '10:04:54', 1),
(1564, 13, 14, 6, '2025-06-28', '10:04:55', 1),
(1565, 13, 14, 6, '2025-06-28', '10:05:21', 1),
(1566, 13, 14, 6, '2025-06-28', '10:05:32', 1),
(1567, 13, 3, 6, '2025-06-28', '10:05:35', 1),
(1568, 13, 3, 6, '2025-06-28', '10:11:52', 1),
(1569, 13, 3, 6, '2025-06-28', '10:15:43', 1),
(1570, 13, 3, 6, '2025-06-28', '10:18:40', 1),
(1571, 13, 14, 6, '2025-06-28', '10:19:18', 1),
(1572, 13, 15, 6, '2025-06-28', '10:19:20', 1),
(1573, 13, 3, 6, '2025-06-28', '10:19:44', 1),
(1574, 13, 3, 6, '2025-06-28', '10:20:21', 1),
(1575, 13, 3, 6, '2025-06-28', '10:22:16', 1),
(1576, 13, 3, 6, '2025-06-28', '10:24:02', 1),
(1577, 13, 3, 6, '2025-06-28', '10:25:18', 1),
(1578, 13, 3, 6, '2025-06-28', '10:25:45', 1),
(1579, 13, 3, 6, '2025-06-28', '10:25:48', 1),
(1580, 13, 3, 6, '2025-06-28', '10:27:00', 1),
(1581, 13, 3, 6, '2025-06-28', '10:28:37', 1),
(1582, 13, 3, 6, '2025-06-28', '10:29:28', 1),
(1583, 13, 3, 6, '2025-06-28', '10:29:54', 1),
(1584, 13, 3, 6, '2025-06-28', '10:31:43', 1),
(1585, 13, 3, 6, '2025-06-28', '10:32:40', 1),
(1586, 13, 3, 6, '2025-06-28', '10:35:36', 1),
(1587, 13, 3, 6, '2025-06-28', '10:37:28', 1),
(1588, 13, 3, 6, '2025-06-28', '10:40:58', 1),
(1589, 13, 3, 6, '2025-06-28', '10:42:00', 1),
(1590, 13, 3, 6, '2025-06-28', '10:44:58', 1),
(1591, 13, 3, 6, '2025-06-28', '10:45:53', 1),
(1592, 13, 3, 6, '2025-06-28', '10:46:33', 1),
(1593, 13, 3, 6, '2025-06-28', '10:55:24', 1),
(1594, 13, 3, 6, '2025-06-28', '10:56:35', 1),
(1595, 13, 3, 6, '2025-06-28', '10:56:51', 1),
(1596, 13, 3, 6, '2025-06-28', '11:00:02', 1),
(1597, 13, 3, 6, '2025-06-28', '11:16:47', 1),
(1598, 13, 3, 6, '2025-06-28', '11:17:10', 1),
(1599, 13, 3, 6, '2025-06-28', '11:20:08', 1),
(1600, 13, 3, 6, '2025-06-28', '11:20:09', 1),
(1601, 13, 3, 6, '2025-06-28', '11:20:20', 1),
(1602, 13, 3, 6, '2025-06-28', '11:20:24', 1),
(1603, 13, 12, 6, '2025-06-28', '11:20:35', 1),
(1604, 13, 3, 6, '2025-06-28', '11:20:35', 1),
(1605, 13, 1, 3, '2025-06-28', '13:15:30', 1),
(1606, 11, 1, 1, '2025-06-28', '13:15:37', 1),
(1607, 11, 14, 6, '2025-06-28', '13:15:37', 1),
(1608, 11, 14, 6, '2025-06-28', '13:15:41', 1),
(1609, 11, 14, 6, '2025-06-28', '13:16:18', 1),
(1610, 11, 14, 6, '2025-06-28', '20:43:18', 1),
(1611, 11, 14, 6, '2025-06-28', '20:43:25', 1),
(1612, 11, 16, 6, '2025-06-28', '20:43:27', 1),
(1613, 11, 17, 6, '2025-06-28', '20:43:27', 1),
(1614, 11, 10, 6, '2025-06-28', '20:43:28', 1),
(1615, 11, 12, 6, '2025-06-28', '20:43:29', 1),
(1616, 11, 10, 6, '2025-06-28', '20:43:30', 1),
(1617, 11, 12, 6, '2025-06-28', '20:43:32', 1),
(1618, 1, 1, 1, '2025-06-30', '15:09:39', 1),
(1619, 1, 1, 6, '2025-06-30', '15:09:39', 1),
(1620, 1, 1, 6, '2025-06-30', '15:09:39', 1),
(1621, 1, 22, 6, '2025-06-30', '15:09:44', 1),
(1622, 1, 22, 6, '2025-06-30', '15:09:55', 1),
(1623, 1, 2, 6, '2025-06-30', '15:17:09', 1),
(1624, 1, 22, 6, '2025-06-30', '15:17:13', 1),
(1625, 1, 22, 6, '2025-06-30', '15:20:11', 1),
(1626, 1, 22, 6, '2025-06-30', '15:21:17', 1),
(1627, 1, 22, 6, '2025-06-30', '15:22:02', 1),
(1628, 1, 2, 6, '2025-06-30', '15:22:21', 1),
(1629, 1, 4, 6, '2025-06-30', '15:22:30', 1),
(1630, 1, 2, 6, '2025-06-30', '15:22:35', 1),
(1631, 1, 6, 6, '2025-06-30', '15:22:38', 1),
(1632, 1, 22, 6, '2025-06-30', '15:23:14', 1),
(1633, 1, 7, 6, '2025-06-30', '15:25:05', 1),
(1634, 1, 8, 6, '2025-06-30', '15:25:17', 1),
(1635, 1, 8, 6, '2025-06-30', '15:25:23', 1),
(1636, 1, 8, 6, '2025-06-30', '15:25:25', 1),
(1637, 1, 8, 6, '2025-06-30', '15:25:26', 1),
(1638, 1, 8, 6, '2025-06-30', '15:25:28', 1),
(1639, 1, 4, 6, '2025-06-30', '15:34:29', 1),
(1640, 1, 8, 6, '2025-06-30', '15:34:38', 1),
(1641, 1, 7, 6, '2025-06-30', '15:34:42', 1),
(1642, 1, 7, 6, '2025-06-30', '15:37:40', 1),
(1643, 1, 4, 6, '2025-06-30', '15:45:31', 1),
(1644, 1, 1, 6, '2025-06-30', '15:55:01', 1),
(1645, 1, 1, 6, '2025-06-30', '15:55:01', 1),
(1646, 1, 2, 6, '2025-06-30', '15:55:02', 1),
(1647, 1, 2, 6, '2025-06-30', '15:55:08', 1),
(1648, 1, 7, 6, '2025-06-30', '16:04:46', 1),
(1649, 1, 6, 6, '2025-06-30', '16:04:59', 1),
(1650, 1, 4, 6, '2025-06-30', '16:05:00', 1),
(1651, 1, 2, 6, '2025-06-30', '16:05:02', 1),
(1652, 1, 1, 6, '2025-06-30', '16:16:50', 1),
(1653, 1, 1, 6, '2025-06-30', '16:16:50', 1),
(1654, 1, 2, 6, '2025-06-30', '16:16:51', 1),
(1655, 1, 2, 6, '2025-06-30', '16:16:55', 1),
(1656, 1, 4, 6, '2025-06-30', '16:17:03', 1),
(1657, 1, 5, 6, '2025-06-30', '16:17:08', 1),
(1658, 1, 6, 6, '2025-06-30', '16:17:10', 1),
(1659, 1, 7, 6, '2025-06-30', '16:17:16', 1),
(1660, 1, 8, 6, '2025-06-30', '16:17:25', 1),
(1661, 1, 9, 6, '2025-06-30', '16:17:29', 1),
(1662, 1, 10, 6, '2025-06-30', '16:17:40', 1),
(1663, 1, 12, 6, '2025-06-30', '16:17:54', 1),
(1664, 1, 22, 6, '2025-06-30', '16:18:10', 1),
(1665, 1, 4, 6, '2025-06-30', '16:18:14', 1),
(1666, 1, 2, 6, '2025-06-30', '16:18:34', 1),
(1667, 1, 9, 6, '2025-06-30', '16:30:44', 1),
(1668, 1, 1, 3, '2025-06-30', '16:31:23', 1),
(1669, 13, 1, 1, '2025-06-30', '16:31:31', 1),
(1670, 13, 14, 6, '2025-06-30', '16:31:31', 1),
(1671, 13, 15, 6, '2025-06-30', '16:31:36', 1),
(1672, 13, 23, 6, '2025-06-30', '16:31:48', 1),
(1673, 13, 3, 6, '2025-06-30', '16:31:57', 1),
(1674, 13, 1, 3, '2025-06-30', '16:31:58', 1),
(1675, 1, 1, 1, '2025-06-30', '16:32:07', 1),
(1676, 1, 1, 6, '2025-06-30', '16:32:07', 1),
(1677, 1, 1, 6, '2025-06-30', '16:32:07', 1),
(1678, 1, 2, 6, '2025-06-30', '16:34:49', 1),
(1679, 1, 2, 6, '2025-06-30', '16:34:58', 1),
(1680, 1, 4, 6, '2025-06-30', '16:35:05', 1),
(1681, 1, 5, 6, '2025-06-30', '16:35:10', 1),
(1682, 1, 6, 6, '2025-06-30', '16:35:11', 1),
(1683, 1, 7, 6, '2025-06-30', '16:35:25', 1),
(1684, 1, 9, 6, '2025-06-30', '16:35:35', 1),
(1685, 1, 11, 310, '2025-06-30', '16:35:45', 1),
(1686, 1, 8, 6, '2025-06-30', '16:35:48', 1),
(1687, 1, 8, 6, '2025-06-30', '16:38:06', 1),
(1688, 1, 4, 6, '2025-06-30', '16:38:11', 1),
(1689, 1, 4, 6, '2025-06-30', '16:38:55', 1),
(1690, 1, 5, 6, '2025-06-30', '16:38:59', 1),
(1691, 1, 6, 6, '2025-06-30', '16:39:00', 1),
(1692, 1, 2, 6, '2025-06-30', '16:39:09', 1),
(1693, 1, 2, 6, '2025-06-30', '16:40:48', 1),
(1694, 1, 5, 6, '2025-06-30', '16:40:54', 1),
(1695, 1, 6, 6, '2025-06-30', '16:40:55', 1),
(1696, 1, 4, 6, '2025-06-30', '16:41:01', 1),
(1697, 1, 4, 6, '2025-06-30', '16:42:36', 1),
(1698, 1, 4, 6, '2025-06-30', '16:42:56', 1),
(1699, 1, 4, 6, '2025-06-30', '16:43:07', 1),
(1700, 1, 4, 6, '2025-06-30', '16:43:19', 1),
(1701, 1, 4, 6, '2025-06-30', '16:43:22', 1),
(1702, 1, 4, 6, '2025-06-30', '16:43:24', 1),
(1703, 1, 4, 6, '2025-06-30', '16:43:28', 1),
(1704, 1, 2, 6, '2025-06-30', '16:43:31', 1),
(1705, 1, 2, 6, '2025-06-30', '16:43:33', 1),
(1706, 1, 13, 6, '2025-06-30', '16:44:42', 1),
(1707, 1, 13, 6, '2025-06-30', '16:45:10', 1),
(1708, 1, 2, 6, '2025-06-30', '16:45:11', 1),
(1709, 1, 2, 6, '2025-06-30', '16:45:14', 1),
(1710, 1, 2, 6, '2025-06-30', '16:45:24', 1),
(1711, 1, 2, 6, '2025-06-30', '16:45:26', 1),
(1712, 1, 13, 6, '2025-06-30', '16:48:58', 1),
(1713, 1, 13, 6, '2025-06-30', '16:52:09', 1),
(1714, 1, 13, 6, '2025-06-30', '16:54:06', 1),
(1715, 1, 13, 6, '2025-06-30', '16:54:12', 1),
(1716, 1, 13, 6, '2025-06-30', '17:04:36', 1),
(1717, 1, 13, 6, '2025-06-30', '17:05:38', 1),
(1718, 1, 13, 6, '2025-06-30', '17:18:13', 1),
(1719, 1, 13, 6, '2025-06-30', '17:22:14', 1),
(1720, 1, 13, 6, '2025-06-30', '17:47:22', 1),
(1721, 1, 13, 6, '2025-06-30', '17:47:34', 1),
(1722, 1, 13, 6, '2025-06-30', '17:53:24', 1),
(1723, 1, 13, 6, '2025-06-30', '17:53:38', 1),
(1724, 1, 13, 6, '2025-06-30', '17:56:07', 1),
(1725, 1, 13, 6, '2025-06-30', '17:59:09', 1),
(1726, 1, 13, 6, '2025-06-30', '18:00:39', 1),
(1727, 1, 13, 6, '2025-06-30', '18:00:53', 1),
(1728, 1, 13, 6, '2025-06-30', '18:02:53', 1),
(1729, 1, 13, 6, '2025-06-30', '18:03:10', 1),
(1730, 1, 13, 6, '2025-06-30', '18:03:48', 1),
(1731, 1, 13, 6, '2025-06-30', '18:04:14', 1),
(1732, 1, 13, 6, '2025-06-30', '18:09:07', 1),
(1733, 1, 13, 6, '2025-06-30', '18:09:25', 1),
(1734, 1, 13, 6, '2025-06-30', '18:10:16', 1),
(1735, 1, 13, 6, '2025-06-30', '18:10:59', 1),
(1736, 1, 13, 6, '2025-06-30', '18:23:47', 1),
(1737, 1, 13, 6, '2025-06-30', '18:24:33', 1),
(1738, 1, 13, 6, '2025-06-30', '18:26:45', 1),
(1739, 1, 13, 6, '2025-06-30', '18:27:00', 1),
(1740, 1, 13, 6, '2025-06-30', '18:27:09', 1),
(1741, 1, 13, 6, '2025-06-30', '18:27:38', 1),
(1742, 1, 13, 6, '2025-06-30', '18:28:07', 1),
(1743, 1, 13, 6, '2025-06-30', '18:28:13', 1),
(1744, 1, 13, 6, '2025-06-30', '18:36:09', 1),
(1745, 1, 13, 6, '2025-06-30', '18:43:42', 1),
(1746, 1, 13, 6, '2025-06-30', '18:43:49', 1),
(1747, 1, 13, 6, '2025-06-30', '18:44:57', 1),
(1748, 1, 13, 6, '2025-06-30', '18:52:05', 1),
(1749, 1, 13, 6, '2025-06-30', '18:52:18', 1),
(1750, 1, 13, 6, '2025-06-30', '18:53:13', 1),
(1751, 1, 13, 6, '2025-06-30', '18:59:26', 1),
(1752, 1, 13, 6, '2025-06-30', '18:59:30', 1),
(1753, 1, 13, 6, '2025-06-30', '18:59:35', 1),
(1754, 1, 10, 6, '2025-06-30', '19:44:06', 1),
(1755, 1, 4, 6, '2025-06-30', '19:44:17', 1),
(1756, 1, 5, 6, '2025-06-30', '19:44:18', 1),
(1757, 1, 4, 6, '2025-06-30', '19:44:19', 1),
(1758, 1, 2, 6, '2025-06-30', '19:44:21', 1),
(1759, 1, 9, 6, '2025-06-30', '19:44:26', 1),
(1760, 1, 9, 6, '2025-06-30', '20:08:39', 1),
(1761, 1, 9, 6, '2025-06-30', '20:11:52', 1),
(1762, 1, 9, 6, '2025-06-30', '20:14:45', 1),
(1763, 1, 9, 6, '2025-06-30', '20:23:26', 1),
(1764, 1, 9, 6, '2025-06-30', '20:25:33', 1),
(1765, 1, 1, 3, '2025-06-30', '20:25:47', 1),
(1766, 13, 1, 1, '2025-06-30', '20:25:54', 1),
(1767, 13, 14, 6, '2025-06-30', '20:25:54', 1),
(1768, 13, 3, 6, '2025-06-30', '20:25:57', 1),
(1769, 13, 3, 6, '2025-06-30', '20:26:57', 1),
(1770, 13, 3, 6, '2025-06-30', '20:29:32', 1),
(1771, 13, 3, 6, '2025-06-30', '20:31:50', 1),
(1772, 13, 14, 6, '2025-06-30', '20:33:00', 1),
(1773, 13, 10, 6, '2025-06-30', '20:33:49', 1),
(1774, 13, 14, 6, '2025-06-30', '20:33:56', 1),
(1775, 13, 14, 6, '2025-06-30', '20:34:15', 1),
(1776, 13, 3, 6, '2025-06-30', '20:34:40', 1),
(1777, 13, 3, 6, '2025-06-30', '20:52:39', 1),
(1778, 13, 3, 6, '2025-06-30', '20:59:05', 1),
(1779, 13, 3, 6, '2025-06-30', '21:01:50', 1),
(1780, 13, 3, 6, '2025-06-30', '22:22:14', 1),
(1781, 13, 3, 6, '2025-06-30', '22:22:16', 1),
(1782, 13, 3, 6, '2025-06-30', '22:23:21', 1),
(1783, 13, 3, 6, '2025-06-30', '22:23:26', 1),
(1784, 13, 3, 6, '2025-06-30', '22:23:27', 1),
(1785, 13, 3, 6, '2025-06-30', '22:23:29', 1),
(1786, 13, 3, 6, '2025-06-30', '22:23:31', 1),
(1787, 13, 3, 6, '2025-06-30', '22:24:04', 1),
(1788, 13, 3, 6, '2025-06-30', '22:26:40', 1),
(1789, 13, 3, 6, '2025-06-30', '22:28:53', 1),
(1790, 13, 3, 6, '2025-06-30', '22:29:44', 1),
(1791, 13, 3, 6, '2025-06-30', '22:30:12', 1),
(1792, 13, 3, 6, '2025-06-30', '22:34:06', 1),
(1793, 13, 3, 6, '2025-06-30', '22:36:36', 1),
(1794, 13, 3, 6, '2025-06-30', '22:39:01', 1),
(1795, 13, 3, 6, '2025-06-30', '22:41:45', 1),
(1796, 13, 3, 6, '2025-06-30', '22:43:11', 1),
(1797, 13, 3, 6, '2025-06-30', '22:45:28', 1),
(1798, 13, 3, 6, '2025-06-30', '22:46:07', 1),
(1799, 13, 3, 6, '2025-06-30', '22:49:11', 1),
(1800, 13, 3, 6, '2025-06-30', '22:50:11', 1),
(1801, 13, 3, 6, '2025-06-30', '22:53:05', 1),
(1802, 13, 3, 6, '2025-06-30', '22:55:47', 1),
(1803, 13, 3, 6, '2025-06-30', '22:56:04', 1),
(1804, 13, 3, 6, '2025-06-30', '22:57:32', 1),
(1805, 13, 3, 6, '2025-06-30', '23:02:16', 1),
(1806, 13, 1, 6, '2025-06-30', '23:02:49', 1),
(1807, 13, 1, 6, '2025-06-30', '23:02:49', 1),
(1808, 13, 3, 6, '2025-06-30', '23:02:53', 1),
(1809, 13, 3, 6, '2025-06-30', '23:04:37', 1),
(1810, 13, 3, 6, '2025-06-30', '23:07:37', 1),
(1811, 13, 3, 6, '2025-06-30', '23:08:13', 1),
(1812, 13, 3, 6, '2025-06-30', '23:12:38', 1),
(1813, 13, 3, 6, '2025-06-30', '23:16:35', 1),
(1814, 1, 1, 1, '2025-06-30', '23:20:07', 1),
(1815, 1, 1, 6, '2025-06-30', '23:20:07', 1),
(1816, 1, 1, 6, '2025-06-30', '23:20:07', 1),
(1817, 1, 13, 6, '2025-06-30', '23:20:10', 1),
(1818, 1, 13, 58, '2025-06-30', '23:20:57', 1),
(1819, 13, 3, 6, '2025-06-30', '23:21:27', 1),
(1820, 13, 3, 6, '2025-06-30', '23:23:59', 1),
(1821, 13, 3, 6, '2025-06-30', '23:26:49', 1),
(1822, 13, 3, 6, '2025-06-30', '23:27:24', 1),
(1823, 13, 3, 6, '2025-06-30', '23:36:43', 1),
(1824, 13, 3, 6, '2025-06-30', '23:37:18', 1),
(1825, 13, 3, 6, '2025-06-30', '23:41:04', 1),
(1826, 13, 3, 6, '2025-06-30', '23:42:39', 1),
(1827, 13, 3, 6, '2025-06-30', '23:44:17', 1),
(1828, 13, 3, 6, '2025-06-30', '23:46:17', 1),
(1829, 13, 3, 6, '2025-06-30', '23:46:49', 1),
(1830, 13, 3, 6, '2025-06-30', '23:49:56', 1),
(1831, 13, 3, 6, '2025-06-30', '23:51:31', 1),
(1832, 13, 3, 6, '2025-06-30', '23:51:45', 1),
(1833, 13, 3, 6, '2025-06-30', '23:52:56', 1),
(1834, 13, 3, 6, '2025-06-30', '23:53:49', 1),
(1835, 13, 3, 6, '2025-06-30', '23:54:44', 1),
(1836, 13, 3, 6, '2025-06-30', '23:56:16', 1),
(1837, 13, 3, 6, '2025-06-30', '23:58:49', 1),
(1838, 13, 3, 6, '2025-06-30', '23:59:37', 1),
(1839, 13, 3, 6, '2025-07-01', '00:00:49', 1),
(1840, 13, 3, 6, '2025-07-01', '00:03:30', 1),
(1841, 13, 3, 6, '2025-07-01', '00:03:47', 1),
(1842, 13, 3, 6, '2025-07-01', '00:03:58', 1),
(1843, 13, 3, 6, '2025-07-01', '00:06:05', 1),
(1844, 13, 3, 6, '2025-07-01', '00:07:51', 1),
(1845, 13, 3, 6, '2025-07-01', '00:08:12', 1),
(1846, 13, 3, 6, '2025-07-01', '00:08:46', 1),
(1847, 13, 3, 6, '2025-07-01', '00:08:52', 1),
(1848, 13, 3, 6, '2025-07-01', '00:10:10', 1),
(1849, 13, 3, 6, '2025-07-01', '00:12:39', 1),
(1850, 13, 3, 6, '2025-07-01', '00:13:26', 1),
(1851, 13, 3, 6, '2025-07-01', '00:16:42', 1),
(1852, 13, 3, 6, '2025-07-01', '00:17:32', 1),
(1853, 13, 3, 6, '2025-07-01', '00:18:13', 1),
(1854, 13, 3, 6, '2025-07-01', '00:18:46', 1),
(1855, 13, 3, 6, '2025-07-01', '00:21:15', 1),
(1856, 13, 3, 6, '2025-07-01', '00:25:47', 1),
(1857, 13, 3, 6, '2025-07-01', '00:26:01', 1),
(1858, 13, 3, 6, '2025-07-01', '00:26:13', 1),
(1859, 13, 3, 6, '2025-07-01', '00:29:05', 1),
(1860, 13, 3, 6, '2025-07-01', '00:29:25', 1),
(1861, 13, 3, 6, '2025-07-01', '00:31:25', 1),
(1862, 13, 3, 6, '2025-07-01', '00:45:32', 1),
(1863, 13, 3, 6, '2025-07-01', '00:46:14', 1),
(1864, 13, 3, 6, '2025-07-01', '00:48:35', 1),
(1865, 13, 3, 6, '2025-07-01', '00:48:44', 1),
(1866, 13, 3, 6, '2025-07-01', '00:51:29', 1),
(1867, 13, 3, 6, '2025-07-01', '00:57:18', 1),
(1868, 13, 3, 6, '2025-07-01', '00:59:09', 1),
(1869, 13, 3, 6, '2025-07-01', '01:03:15', 1),
(1870, 13, 3, 6, '2025-07-01', '01:05:31', 1),
(1871, 13, 3, 6, '2025-07-01', '01:08:05', 1),
(1872, 13, 3, 6, '2025-07-01', '01:09:05', 1),
(1873, 13, 3, 6, '2025-07-01', '01:09:38', 1),
(1874, 13, 3, 6, '2025-07-01', '01:14:26', 1),
(1875, 13, 3, 6, '2025-07-01', '01:14:51', 1),
(1876, 13, 3, 6, '2025-07-01', '01:15:46', 1),
(1877, 13, 10, 6, '2025-07-01', '01:19:37', 1),
(1878, 13, 14, 6, '2025-07-01', '01:19:41', 1),
(1879, 13, 14, 6, '2025-07-01', '01:19:46', 1),
(1880, 13, 15, 6, '2025-07-01', '01:19:54', 1),
(1881, 13, 3, 6, '2025-07-01', '01:24:34', 1),
(1882, 13, 3, 6, '2025-07-01', '01:26:22', 1),
(1883, 13, 3, 6, '2025-07-01', '01:28:35', 1),
(1884, 13, 3, 6, '2025-07-01', '01:29:18', 1),
(1885, 13, 3, 6, '2025-07-01', '01:29:56', 1),
(1886, 13, 3, 6, '2025-07-01', '01:30:15', 1),
(1887, 13, 3, 6, '2025-07-01', '01:30:56', 1),
(1888, 13, 3, 6, '2025-07-01', '01:31:21', 1),
(1889, 13, 3, 6, '2025-07-01', '01:31:40', 1),
(1890, 13, 3, 6, '2025-07-01', '01:31:58', 1),
(1891, 13, 3, 6, '2025-07-01', '01:32:08', 1),
(1892, 13, 3, 6, '2025-07-01', '01:32:32', 1),
(1893, 13, 3, 6, '2025-07-01', '01:32:42', 1),
(1894, 13, 3, 6, '2025-07-01', '01:34:04', 1),
(1895, 13, 3, 6, '2025-07-01', '01:35:15', 1),
(1896, 13, 3, 6, '2025-07-01', '01:36:09', 1),
(1897, 13, 3, 6, '2025-07-01', '01:36:35', 1),
(1898, 13, 3, 6, '2025-07-01', '01:37:00', 1),
(1899, 13, 14, 6, '2025-07-01', '01:38:51', 1),
(1900, 13, 14, 6, '2025-07-01', '01:38:54', 1),
(1901, 13, 15, 6, '2025-07-01', '01:38:59', 1),
(1902, 13, 3, 6, '2025-07-01', '01:39:50', 1),
(1903, 13, 3, 6, '2025-07-01', '01:40:17', 1),
(1904, 13, 3, 6, '2025-07-01', '01:40:19', 1),
(1905, 13, 15, 6, '2025-07-01', '01:40:24', 1),
(1906, 13, 15, 6, '2025-07-01', '01:40:48', 1),
(1907, 13, 15, 6, '2025-07-01', '01:43:48', 1),
(1908, 13, 3, 6, '2025-07-01', '01:43:51', 1),
(1909, 13, 23, 6, '2025-07-01', '01:44:17', 1),
(1910, 13, 15, 6, '2025-07-01', '01:44:23', 1),
(1911, 13, 15, 6, '2025-07-01', '01:51:00', 1),
(1912, 13, 3, 6, '2025-07-01', '01:53:24', 1),
(1913, 13, 15, 6, '2025-07-01', '01:53:32', 1),
(1914, 13, 15, 6, '2025-07-01', '01:53:48', 1),
(1915, 13, 15, 6, '2025-07-01', '01:54:12', 1),
(1916, 13, 15, 6, '2025-07-01', '01:55:08', 1),
(1917, 13, 15, 6, '2025-07-01', '01:55:20', 1),
(1918, 13, 15, 6, '2025-07-01', '01:55:24', 1),
(1919, 13, 15, 6, '2025-07-01', '01:57:18', 1),
(1920, 13, 15, 6, '2025-07-01', '01:57:28', 1),
(1921, 13, 15, 6, '2025-07-01', '01:57:45', 1),
(1922, 13, 15, 6, '2025-07-01', '01:59:33', 1),
(1923, 13, 15, 6, '2025-07-01', '01:59:50', 1),
(1924, 13, 15, 6, '2025-07-01', '02:00:14', 1),
(1925, 13, 15, 6, '2025-07-01', '02:00:29', 1),
(1926, 13, 15, 6, '2025-07-01', '02:02:29', 1),
(1927, 13, 15, 6, '2025-07-01', '02:02:41', 1),
(1928, 13, 15, 6, '2025-07-01', '02:03:03', 1),
(1929, 13, 15, 6, '2025-07-01', '02:06:00', 1),
(1930, 13, 15, 6, '2025-07-01', '02:08:09', 1),
(1931, 13, 15, 6, '2025-07-01', '02:08:13', 1),
(1932, 13, 15, 6, '2025-07-01', '02:08:26', 1),
(1933, 13, 15, 6, '2025-07-01', '02:08:53', 1),
(1934, 13, 15, 6, '2025-07-01', '02:11:44', 1),
(1935, 13, 15, 6, '2025-07-01', '02:11:47', 1),
(1936, 13, 15, 6, '2025-07-01', '02:11:58', 1),
(1937, 13, 15, 6, '2025-07-01', '02:13:37', 1),
(1938, 13, 15, 6, '2025-07-01', '02:13:40', 1),
(1939, 13, 15, 6, '2025-07-01', '02:13:53', 1),
(1940, 13, 15, 6, '2025-07-01', '02:14:39', 1),
(1941, 13, 15, 6, '2025-07-01', '02:14:59', 1),
(1942, 13, 15, 6, '2025-07-01', '02:17:40', 1),
(1943, 13, 15, 6, '2025-07-01', '02:17:43', 1),
(1944, 13, 15, 6, '2025-07-01', '02:17:53', 1),
(1945, 13, 15, 6, '2025-07-01', '02:23:44', 1),
(1946, 13, 15, 6, '2025-07-01', '02:25:02', 1),
(1947, 13, 15, 6, '2025-07-01', '02:26:07', 1),
(1948, 13, 15, 6, '2025-07-01', '02:26:32', 1),
(1949, 13, 15, 6, '2025-07-01', '02:28:01', 1),
(1950, 13, 15, 6, '2025-07-01', '02:29:31', 1),
(1951, 13, 15, 6, '2025-07-01', '02:29:46', 1),
(1952, 13, 15, 6, '2025-07-01', '02:30:57', 1),
(1953, 13, 15, 6, '2025-07-01', '02:31:17', 1),
(1954, 13, 15, 6, '2025-07-01', '02:31:30', 1),
(1955, 13, 15, 6, '2025-07-01', '02:33:03', 1),
(1956, 13, 15, 6, '2025-07-01', '02:33:19', 1),
(1957, 13, 15, 6, '2025-07-01', '02:37:55', 1),
(1958, 13, 15, 6, '2025-07-01', '02:38:06', 1),
(1959, 13, 15, 6, '2025-07-01', '02:38:10', 1),
(1960, 13, 15, 6, '2025-07-01', '02:38:21', 1),
(1961, 13, 15, 6, '2025-07-01', '02:40:46', 1),
(1962, 13, 15, 6, '2025-07-01', '02:41:18', 1),
(1963, 13, 15, 6, '2025-07-01', '02:41:53', 1),
(1964, 13, 15, 6, '2025-07-01', '02:49:21', 1),
(1965, 13, 14, 6, '2025-07-01', '02:49:24', 1),
(1966, 13, 12, 6, '2025-07-01', '02:49:28', 1),
(1967, 13, 14, 6, '2025-07-01', '02:49:29', 1),
(1968, 13, 14, 6, '2025-07-01', '02:49:35', 1),
(1969, 13, 3, 6, '2025-07-01', '02:49:40', 1),
(1970, 13, 23, 6, '2025-07-01', '02:49:48', 1),
(1971, 13, 3, 6, '2025-07-01', '02:49:51', 1),
(1972, 13, 3, 6, '2025-07-01', '02:51:41', 1),
(1973, 13, 3, 6, '2025-07-01', '02:51:55', 1),
(1974, 13, 10, 6, '2025-07-01', '02:51:56', 1),
(1975, 13, 12, 6, '2025-07-01', '02:51:58', 1),
(1976, 13, 14, 6, '2025-07-01', '02:51:59', 1),
(1977, 13, 15, 6, '2025-07-01', '02:52:01', 1),
(1978, 13, 14, 6, '2025-07-01', '02:52:03', 1),
(1979, 13, 14, 6, '2025-07-01', '02:54:24', 1),
(1980, 13, 14, 6, '2025-07-01', '02:54:49', 1),
(1981, 13, 14, 6, '2025-07-01', '02:55:02', 1),
(1982, 13, 14, 6, '2025-07-01', '02:55:18', 1),
(1983, 13, 15, 6, '2025-07-01', '02:55:22', 1),
(1984, 13, 14, 6, '2025-07-01', '02:55:24', 1),
(1985, 13, 14, 6, '2025-07-01', '02:55:45', 1),
(1986, 13, 14, 6, '2025-07-01', '02:55:56', 1),
(1987, 13, 14, 6, '2025-07-01', '02:56:25', 1),
(1988, 13, 14, 6, '2025-07-01', '02:57:14', 1),
(1989, 13, 14, 6, '2025-07-01', '02:57:55', 1),
(1990, 13, 14, 6, '2025-07-01', '02:58:18', 1),
(1991, 13, 14, 6, '2025-07-01', '02:58:29', 1),
(1992, 13, 14, 6, '2025-07-01', '02:59:01', 1),
(1993, 13, 3, 6, '2025-07-01', '02:59:09', 1),
(1994, 13, 10, 6, '2025-07-01', '02:59:12', 1),
(1995, 13, 3, 6, '2025-07-01', '02:59:13', 1),
(1996, 13, 15, 6, '2025-07-01', '02:59:14', 1),
(1997, 13, 23, 6, '2025-07-01', '02:59:17', 1),
(1998, 13, 23, 6, '2025-07-01', '02:59:22', 1),
(1999, 13, 23, 6, '2025-07-01', '02:59:24', 1),
(2000, 13, 3, 6, '2025-07-01', '02:59:25', 1),
(2001, 13, 3, 6, '2025-07-01', '03:00:34', 1),
(2002, 13, 3, 6, '2025-07-01', '03:05:02', 1),
(2003, 13, 10, 6, '2025-07-01', '03:05:04', 1),
(2004, 13, 3, 6, '2025-07-01', '03:05:05', 1),
(2005, 13, 3, 6, '2025-07-01', '03:05:36', 1),
(2006, 13, 3, 6, '2025-07-01', '03:06:17', 1),
(2007, 13, 15, 6, '2025-07-01', '03:06:22', 1),
(2008, 13, 3, 6, '2025-07-01', '03:06:26', 1),
(2009, 13, 14, 6, '2025-07-01', '03:06:35', 1),
(2010, 13, 15, 6, '2025-07-01', '03:06:37', 1),
(2011, 13, 23, 6, '2025-07-01', '03:06:39', 1),
(2012, 13, 23, 6, '2025-07-01', '03:06:52', 1),
(2013, 13, 23, 6, '2025-07-01', '03:07:36', 1),
(2014, 13, 23, 6, '2025-07-01', '03:07:39', 1),
(2015, 13, 23, 6, '2025-07-01', '03:08:18', 1),
(2016, 13, 23, 6, '2025-07-01', '03:08:54', 1),
(2017, 13, 1, 3, '2025-07-01', '03:09:16', 1),
(2018, 1, 1, 1, '2025-07-01', '03:09:24', 1),
(2019, 1, 1, 6, '2025-07-01', '03:09:24', 1),
(2020, 1, 1, 6, '2025-07-01', '03:09:24', 1),
(2021, 1, 2, 6, '2025-07-01', '03:09:25', 1),
(2022, 1, 6, 6, '2025-07-01', '03:09:37', 1),
(2023, 1, 5, 6, '2025-07-01', '03:09:39', 1),
(2024, 1, 7, 6, '2025-07-01', '03:09:41', 1),
(2025, 1, 8, 6, '2025-07-01', '03:09:43', 1),
(2026, 1, 9, 6, '2025-07-01', '03:09:47', 1),
(2027, 1, 11, 310, '2025-07-01', '03:09:49', 1),
(2028, 1, 13, 6, '2025-07-01', '03:09:51', 1),
(2029, 1, 13, 6, '2025-07-01', '03:10:43', 1),
(2030, 1, 4, 6, '2025-07-01', '03:10:44', 1),
(2031, 1, 2, 6, '2025-07-01', '03:10:45', 1),
(2032, 1, 22, 6, '2025-07-01', '03:11:27', 1),
(2033, 1, 6, 6, '2025-07-01', '03:11:37', 1),
(2034, 1, 6, 6, '2025-07-01', '03:12:22', 1),
(2035, 1, 13, 6, '2025-07-01', '03:14:23', 1),
(2036, 1, 12, 6, '2025-07-01', '03:14:31', 1),
(2037, 1, 1, 6, '2025-07-01', '03:14:36', 1),
(2038, 1, 1, 6, '2025-07-01', '03:14:36', 1),
(2039, 1, 2, 6, '2025-07-01', '03:14:36', 1),
(2040, 1, 1, 6, '2025-07-01', '03:14:38', 1),
(2041, 1, 1, 6, '2025-07-01', '03:14:38', 1),
(2042, 1, 2, 6, '2025-07-01', '03:14:50', 1),
(2043, 1, 2, 6, '2025-07-01', '03:16:49', 1),
(2044, 1, 5, 6, '2025-07-01', '03:16:53', 1),
(2045, 1, 6, 6, '2025-07-01', '03:16:54', 1),
(2046, 1, 22, 6, '2025-07-01', '03:17:15', 1),
(2047, 1, 22, 6, '2025-07-01', '03:19:52', 1),
(2048, 1, 22, 6, '2025-07-01', '03:20:12', 1),
(2049, 1, 22, 6, '2025-07-01', '03:20:27', 1),
(2050, 1, 22, 6, '2025-07-01', '03:21:32', 1),
(2051, 1, 22, 6, '2025-07-01', '03:21:41', 1),
(2052, 1, 22, 6, '2025-07-01', '03:22:04', 1),
(2053, 1, 4, 6, '2025-07-01', '03:22:27', 1),
(2054, 1, 2, 6, '2025-07-01', '03:22:29', 1),
(2055, 1, 1, 6, '2025-07-01', '03:22:35', 1),
(2056, 1, 1, 6, '2025-07-01', '03:22:35', 1),
(2057, 1, 5, 6, '2025-07-01', '03:22:44', 1),
(2058, 1, 6, 6, '2025-07-01', '03:22:46', 1),
(2059, 1, 7, 6, '2025-07-01', '03:22:49', 1),
(2060, 1, 22, 6, '2025-07-01', '03:23:01', 1),
(2061, 1, 6, 6, '2025-07-01', '03:23:03', 1),
(2062, 1, 8, 6, '2025-07-01', '03:23:06', 1),
(2063, 1, 7, 6, '2025-07-01', '03:23:09', 1),
(2064, 1, 7, 6, '2025-07-01', '03:25:51', 1),
(2065, 1, 1, 1, '2025-07-01', '14:29:37', 1),
(2066, 1, 1, 6, '2025-07-01', '14:29:37', 1),
(2067, 1, 1, 6, '2025-07-01', '14:29:37', 1),
(2068, 1, 2, 6, '2025-07-01', '14:29:51', 1),
(2069, 1, 9, 6, '2025-07-01', '14:30:25', 1),
(2070, 1, 5, 6, '2025-07-01', '14:30:38', 1),
(2071, 1, 4, 6, '2025-07-01', '14:30:39', 1),
(2072, 1, 2, 6, '2025-07-01', '14:30:48', 1),
(2073, 1, 4, 6, '2025-07-01', '14:30:56', 1),
(2074, 1, 2, 6, '2025-07-01', '14:31:01', 1),
(2075, 1, 12, 6, '2025-07-01', '14:33:13', 1),
(2076, 1, 11, 310, '2025-07-01', '14:33:15', 1),
(2077, 1, 11, 310, '2025-07-01', '14:33:25', 1),
(2078, 1, 2, 6, '2025-07-01', '14:33:28', 1),
(2079, 1, 22, 6, '2025-07-01', '14:34:05', 1),
(2080, 1, 9, 6, '2025-07-01', '14:37:19', 1),
(2081, 1, 12, 6, '2025-07-01', '14:37:25', 1),
(2082, 1, 13, 6, '2025-07-01', '14:37:29', 1),
(2083, 1, 13, 6, '2025-07-01', '14:42:04', 1),
(2084, 1, 13, 6, '2025-07-01', '14:46:27', 1),
(2085, 1, 1, 6, '2025-07-01', '14:46:30', 1),
(2086, 1, 1, 6, '2025-07-01', '14:46:30', 1),
(2087, 1, 2, 6, '2025-07-01', '14:46:58', 1),
(2088, 1, 4, 6, '2025-07-01', '14:47:01', 1),
(2089, 1, 2, 6, '2025-07-01', '14:47:09', 1),
(2090, 1, 5, 6, '2025-07-01', '14:47:20', 1),
(2091, 1, 4, 6, '2025-07-01', '14:47:28', 1),
(2092, 1, 4, 6, '2025-07-01', '14:48:03', 1),
(2093, 1, 5, 6, '2025-07-01', '14:48:12', 1),
(2094, 1, 5, 6, '2025-07-01', '14:49:37', 1),
(2095, 1, 5, 6, '2025-07-01', '14:49:37', 1),
(2096, 1, 5, 6, '2025-07-01', '14:50:16', 1),
(2097, 1, 6, 6, '2025-07-01', '14:50:16', 1),
(2098, 1, 6, 6, '2025-07-01', '14:51:09', 1),
(2099, 1, 1, 3, '2025-07-01', '14:53:14', 1),
(2100, 4, 1, 1, '2025-07-01', '14:53:23', 1),
(2101, 4, 1, 6, '2025-07-01', '14:53:23', 1),
(2102, 4, 1, 6, '2025-07-01', '14:53:23', 1),
(2103, 4, 9, 6, '2025-07-01', '14:53:25', 1),
(2104, 4, 6, 6, '2025-07-01', '14:53:30', 1),
(2105, 14, 1, 1, '2025-07-01', '20:27:43', 1),
(2106, 14, 18, 6, '2025-07-01', '20:27:43', 1),
(2107, 14, 19, 6, '2025-07-01', '20:27:46', 1),
(2108, 14, 21, 6, '2025-07-01', '20:27:47', 1),
(2109, 14, 19, 6, '2025-07-01', '20:27:50', 1),
(2110, 14, 18, 6, '2025-07-01', '20:27:51', 1),
(2111, 14, 19, 6, '2025-07-01', '20:27:52', 1),
(2112, 14, 21, 6, '2025-07-01', '20:27:52', 1),
(2113, 14, 18, 6, '2025-07-01', '20:27:54', 1),
(2114, 14, 1, 3, '2025-07-01', '20:37:14', 1),
(2115, 4, 1, 1, '2025-07-01', '20:37:22', 1),
(2116, 4, 1, 6, '2025-07-01', '20:37:22', 1),
(2117, 4, 1, 6, '2025-07-01', '20:37:22', 1),
(2118, 4, 6, 6, '2025-07-01', '20:37:27', 1),
(2119, 4, 7, 6, '2025-07-01', '20:37:30', 1),
(2120, 4, 5, 6, '2025-07-01', '20:37:32', 1),
(2121, 4, 7, 6, '2025-07-01', '20:37:35', 1),
(2122, 4, 9, 6, '2025-07-01', '20:37:36', 1),
(2123, 4, 7, 6, '2025-07-01', '20:37:38', 1),
(2124, 4, 6, 6, '2025-07-01', '20:38:38', 1),
(2125, 4, 1, 6, '2025-07-01', '21:34:17', 1),
(2126, 4, 1, 6, '2025-07-01', '21:34:17', 1),
(2127, 4, 1, 3, '2025-07-01', '21:34:35', 1),
(2128, 15, 1, 2, '2025-07-01', '21:35:09', 0),
(2129, 13, 1, 1, '2025-07-01', '21:35:36', 1),
(2130, 13, 14, 6, '2025-07-01', '21:35:36', 1),
(2131, 11, 1, 1, '2025-07-01', '21:36:06', 1),
(2132, 11, 14, 6, '2025-07-01', '21:36:06', 1),
(2133, 15, 1, 1, '2025-07-01', '21:36:14', 1),
(2134, 15, 18, 6, '2025-07-01', '21:36:14', 1),
(2135, 15, 18, 6, '2025-07-01', '21:37:02', 1),
(2136, 15, 18, 6, '2025-07-01', '21:37:45', 1),
(2137, 15, 1, 3, '2025-07-01', '21:37:58', 1),
(2138, 13, 14, 6, '2025-07-01', '21:38:25', 1),
(2139, 13, 14, 6, '2025-07-01', '21:38:28', 1),
(2140, 13, 14, 6, '2025-07-01', '21:38:30', 1),
(2141, 13, 14, 6, '2025-07-01', '21:38:37', 1),
(2142, 13, 14, 6, '2025-07-01', '21:38:49', 1),
(2143, 13, 14, 6, '2025-07-01', '21:39:41', 1),
(2144, 13, 14, 11, '2025-07-01', '21:39:42', 1),
(2145, 13, 14, 6, '2025-07-01', '21:39:42', 1),
(2146, 13, 14, 6, '2025-07-01', '21:39:49', 1),
(2147, 13, 15, 6, '2025-07-01', '21:39:56', 1),
(2148, 13, 15, 6, '2025-07-01', '21:40:04', 1),
(2149, 13, 14, 6, '2025-07-01', '21:40:06', 1),
(2150, 1, 1, 1, '2025-07-01', '21:40:15', 1),
(2151, 1, 1, 6, '2025-07-01', '21:40:15', 1),
(2152, 1, 1, 6, '2025-07-01', '21:40:15', 1),
(2153, 1, 13, 6, '2025-07-01', '21:40:18', 1),
(2154, 1, 13, 6, '2025-07-01', '21:40:50', 1),
(2155, 1, 13, 6, '2025-07-01', '21:44:08', 1),
(2156, 1, 1, 3, '2025-07-01', '21:44:10', 1),
(2157, 36, 1, 1, '2025-07-01', '21:45:38', 1),
(2158, 1, 1, 1, '2025-07-01', '21:45:53', 1),
(2159, 1, 1, 6, '2025-07-01', '21:45:53', 1),
(2160, 1, 1, 6, '2025-07-01', '21:45:53', 1),
(2161, 1, 13, 6, '2025-07-01', '21:45:57', 1),
(2162, 1, 13, 6, '2025-07-01', '21:46:30', 1),
(2163, 13, 1, 3, '2025-07-01', '21:46:37', 1),
(2164, 36, 1, 1, '2025-07-01', '21:47:08', 1),
(2165, 1, 13, 6, '2025-07-01', '21:48:49', 1),
(2166, 36, 1, 1, '2025-07-01', '21:49:50', 1),
(2167, 36, 18, 6, '2025-07-01', '21:49:50', 1),
(2168, 36, 21, 6, '2025-07-01', '21:50:24', 1),
(2169, 36, 21, 6, '2025-07-01', '21:51:12', 1),
(2170, 36, 21, 6, '2025-07-01', '21:51:12', 1),
(2171, 36, 1, 3, '2025-07-01', '21:51:16', 1),
(2172, 36, 1, 1, '2025-07-01', '21:51:26', 1),
(2173, 36, 18, 6, '2025-07-01', '21:51:26', 1),
(2174, 36, 18, 6, '2025-07-01', '21:53:13', 1),
(2175, 36, 18, 6, '2025-07-01', '21:53:30', 1),
(2176, 36, 18, 6, '2025-07-01', '21:53:33', 1),
(2177, 36, 19, 6, '2025-07-01', '21:53:53', 1),
(2178, 36, 18, 6, '2025-07-01', '21:53:55', 1),
(2179, 36, 19, 6, '2025-07-01', '21:56:09', 1),
(2180, 36, 1, 3, '2025-07-01', '21:57:20', 1),
(2181, 36, 1, 1, '2025-07-01', '21:57:34', 1),
(2182, 36, 18, 6, '2025-07-01', '21:57:34', 1),
(2183, 11, 1, 3, '2025-07-01', '21:57:46', 1),
(2184, 13, 1, 1, '2025-07-01', '21:57:53', 1),
(2185, 13, 14, 6, '2025-07-01', '21:57:53', 1),
(2186, 13, 15, 6, '2025-07-01', '21:58:00', 1),
(2187, 13, 23, 6, '2025-07-01', '21:58:04', 1),
(2188, 13, 23, 6, '2025-07-01', '21:58:37', 1),
(2189, 13, 15, 6, '2025-07-01', '21:59:02', 1),
(2190, 13, 23, 6, '2025-07-01', '21:59:10', 1),
(2191, 13, 23, 6, '2025-07-01', '21:59:11', 1),
(2192, 13, 23, 6, '2025-07-01', '21:59:30', 1),
(2193, 36, 18, 6, '2025-07-01', '21:59:40', 1),
(2194, 36, 18, 6, '2025-07-01', '22:00:22', 1),
(2195, 36, 18, 6, '2025-07-01', '22:00:24', 1),
(2196, 13, 23, 6, '2025-07-01', '22:00:32', 1),
(2197, 13, 15, 6, '2025-07-01', '22:00:37', 1),
(2198, 13, 15, 6, '2025-07-01', '22:01:57', 1),
(2199, 13, 15, 6, '2025-07-01', '22:03:21', 1),
(2200, 13, 15, 6, '2025-07-01', '22:03:30', 1),
(2201, 13, 15, 6, '2025-07-01', '22:03:34', 1),
(2202, 13, 15, 6, '2025-07-01', '22:03:48', 1),
(2203, 13, 15, 6, '2025-07-01', '22:03:59', 1),
(2204, 13, 23, 6, '2025-07-01', '22:04:25', 1),
(2205, 13, 23, 6, '2025-07-01', '22:04:27', 1),
(2206, 13, 14, 6, '2025-07-01', '22:04:33', 1),
(2207, 13, 15, 6, '2025-07-01', '22:04:33', 1),
(2208, 13, 15, 6, '2025-07-01', '22:04:38', 1),
(2209, 13, 15, 6, '2025-07-01', '22:04:57', 1),
(2210, 13, 15, 6, '2025-07-01', '22:05:31', 1),
(2211, 13, 23, 6, '2025-07-01', '22:05:36', 1),
(2212, 13, 23, 6, '2025-07-01', '22:05:38', 1),
(2213, 13, 23, 6, '2025-07-01', '22:05:49', 1),
(2214, 13, 23, 6, '2025-07-01', '22:05:55', 1),
(2215, 36, 18, 6, '2025-07-01', '22:06:02', 1),
(2216, 36, 24, 6, '2025-07-01', '22:06:08', 1),
(2217, 36, 18, 6, '2025-07-01', '22:06:09', 1),
(2218, 36, 19, 6, '2025-07-01', '22:06:59', 1),
(2219, 36, 19, 6, '2025-07-01', '22:07:25', 1),
(2220, 13, 1, 3, '2025-07-01', '22:07:37', 1),
(2221, 11, 1, 2, '2025-07-01', '22:07:43', 0),
(2222, 11, 1, 1, '2025-07-01', '22:07:49', 1),
(2223, 11, 14, 6, '2025-07-01', '22:07:49', 1),
(2224, 11, 14, 6, '2025-07-01', '22:07:56', 1),
(2225, 11, 14, 6, '2025-07-01', '22:08:14', 1),
(2226, 11, 14, 78, '2025-07-01', '22:08:17', 1),
(2227, 11, 14, 6, '2025-07-01', '22:08:17', 1),
(2228, 11, 14, 6, '2025-07-01', '22:08:20', 1),
(2229, 36, 19, 6, '2025-07-01', '22:08:26', 1),
(2230, 36, 24, 6, '2025-07-01', '22:08:28', 1),
(2231, 36, 24, 6, '2025-07-01', '22:08:50', 1),
(2232, 11, 14, 6, '2025-07-01', '22:09:02', 1),
(2233, 11, 14, 6, '2025-07-01', '22:09:15', 1),
(2234, 11, 14, 80, '2025-07-01', '22:09:18', 1),
(2235, 11, 14, 80, '2025-07-01', '22:09:20', 1),
(2236, 11, 14, 80, '2025-07-01', '22:09:24', 1),
(2237, 11, 14, 80, '2025-07-01', '22:09:27', 1),
(2238, 11, 14, 6, '2025-07-01', '22:09:29', 1),
(2239, 11, 1, 3, '2025-07-01', '22:09:49', 1),
(2240, 13, 1, 1, '2025-07-01', '22:09:58', 1),
(2241, 13, 14, 6, '2025-07-01', '22:09:58', 1),
(2242, 13, 1, 3, '2025-07-01', '22:10:19', 1),
(2243, 1, 13, 6, '2025-07-01', '22:10:28', 1),
(2244, 1, 4, 6, '2025-07-01', '22:10:30', 1),
(2245, 1, 5, 6, '2025-07-01', '22:11:53', 1),
(2246, 1, 4, 6, '2025-07-01', '22:11:57', 1),
(2247, 1, 5, 6, '2025-07-01', '22:13:51', 1),
(2248, 1, 4, 6, '2025-07-01', '22:13:54', 1),
(2249, 1, 5, 6, '2025-07-01', '22:13:57', 1),
(2250, 1, 4, 6, '2025-07-01', '22:14:13', 1),
(2251, 1, 5, 6, '2025-07-01', '22:14:27', 1),
(2252, 2, 1, 2, '2025-07-01', '22:16:18', 0),
(2253, 2, 1, 1, '2025-07-01', '22:16:28', 1),
(2254, 2, 1, 6, '2025-07-01', '22:16:28', 1),
(2255, 2, 1, 6, '2025-07-01', '22:16:28', 1),
(2256, 2, 5, 6, '2025-07-01', '22:16:33', 1),
(2257, 2, 4, 6, '2025-07-01', '22:16:35', 1),
(2258, 2, 5, 6, '2025-07-01', '22:16:38', 1),
(2259, 2, 4, 6, '2025-07-01', '22:16:47', 1),
(2260, 2, 5, 6, '2025-07-01', '22:16:50', 1),
(2261, 2, 4, 6, '2025-07-01', '22:16:54', 1),
(2262, 2, 5, 6, '2025-07-01', '22:16:55', 1),
(2263, 1, 5, 6, '2025-07-01', '22:17:11', 1),
(2264, 1, 5, 76, '2025-07-01', '22:17:11', 1),
(2265, 1, 5, 6, '2025-07-01', '22:17:11', 1),
(2266, 2, 5, 6, '2025-07-01', '22:17:18', 1),
(2267, 2, 5, 76, '2025-07-01', '22:17:18', 1),
(2268, 2, 5, 6, '2025-07-01', '22:17:18', 1),
(2269, 1, 5, 6, '2025-07-01', '22:17:29', 1),
(2270, 2, 5, 6, '2025-07-01', '22:19:05', 1),
(2271, 2, 6, 6, '2025-07-01', '22:19:05', 1),
(2272, 36, 18, 6, '2025-07-01', '22:19:17', 1),
(2273, 36, 19, 6, '2025-07-01', '22:19:18', 1),
(2274, 36, 19, 6, '2025-07-01', '22:19:22', 1),
(2275, 1, 5, 6, '2025-07-01', '22:19:46', 1),
(2276, 1, 6, 6, '2025-07-01', '22:19:46', 1),
(2277, 1, 1, 3, '2025-07-01', '22:19:50', 1),
(2278, 3, 1, 1, '2025-07-01', '22:19:58', 1),
(2279, 3, 1, 6, '2025-07-01', '22:19:58', 1),
(2280, 3, 1, 6, '2025-07-01', '22:19:58', 1),
(2281, 3, 4, 6, '2025-07-01', '22:20:01', 1),
(2282, 3, 5, 6, '2025-07-01', '22:20:02', 1),
(2283, 3, 5, 6, '2025-07-01', '22:20:19', 1),
(2284, 3, 5, 76, '2025-07-01', '22:20:19', 1),
(2285, 3, 6, 6, '2025-07-01', '22:20:19', 1),
(2286, 3, 1, 3, '2025-07-01', '22:20:26', 1),
(2287, 4, 1, 1, '2025-07-01', '22:20:33', 1),
(2288, 4, 1, 6, '2025-07-01', '22:20:33', 1),
(2289, 4, 1, 6, '2025-07-01', '22:20:33', 1),
(2290, 4, 4, 6, '2025-07-01', '22:20:34', 1),
(2291, 4, 5, 6, '2025-07-01', '22:20:36', 1),
(2292, 4, 5, 6, '2025-07-01', '22:20:49', 1),
(2293, 4, 5, 76, '2025-07-01', '22:20:49', 1),
(2294, 4, 6, 6, '2025-07-01', '22:20:50', 1),
(2295, 2, 6, 6, '2025-07-01', '22:23:20', 1),
(2296, 36, 18, 6, '2025-07-01', '22:23:37', 1),
(2297, 36, 19, 6, '2025-07-01', '22:23:38', 1);
INSERT INTO `pister` (`id_piste`, `id_utilisateur`, `id_traitement`, `id_action`, `date_piste`, `heure_piste`, `acceder`) VALUES
(2298, 36, 24, 6, '2025-07-01', '22:24:17', 1),
(2299, 36, 21, 6, '2025-07-01', '22:24:19', 1),
(2300, 36, 19, 6, '2025-07-01', '22:24:20', 1),
(2301, 4, 6, 6, '2025-07-01', '22:25:48', 1),
(2302, 4, 6, 6, '2025-07-01', '22:25:52', 1),
(2303, 36, 18, 6, '2025-07-01', '22:27:08', 1),
(2304, 4, 6, 6, '2025-07-01', '22:29:20', 1),
(2305, 4, 6, 6, '2025-07-01', '22:29:27', 1),
(2306, 4, 6, 6, '2025-07-01', '22:29:54', 1),
(2307, 4, 7, 6, '2025-07-01', '22:29:56', 1),
(2308, 4, 8, 6, '2025-07-01', '22:30:00', 1),
(2309, 4, 7, 6, '2025-07-01', '22:30:02', 1),
(2310, 4, 7, 6, '2025-07-01', '22:30:32', 1),
(2311, 4, 8, 6, '2025-07-01', '22:30:35', 1),
(2312, 4, 6, 6, '2025-07-01', '22:30:37', 1),
(2313, 4, 7, 6, '2025-07-01', '22:30:39', 1),
(2314, 4, 6, 6, '2025-07-01', '22:31:00', 1),
(2315, 4, 7, 6, '2025-07-01', '22:31:07', 1),
(2316, 4, 8, 6, '2025-07-01', '22:31:17', 1),
(2317, 4, 7, 6, '2025-07-01', '22:31:20', 1),
(2318, 4, 1, 6, '2025-07-01', '22:31:23', 1),
(2319, 4, 1, 6, '2025-07-01', '22:31:23', 1),
(2320, 4, 1, 6, '2025-07-01', '22:31:27', 1),
(2321, 4, 1, 6, '2025-07-01', '22:31:27', 1),
(2322, 4, 8, 6, '2025-07-01', '22:31:41', 1),
(2323, 4, 8, 6, '2025-07-01', '22:31:44', 1),
(2324, 4, 9, 6, '2025-07-01', '22:31:46', 1),
(2325, 4, 9, 6, '2025-07-01', '22:33:49', 1),
(2326, 4, 9, 6, '2025-07-01', '22:37:25', 1),
(2327, 4, 9, 6, '2025-07-01', '22:37:25', 1),
(2328, 4, 9, 6, '2025-07-01', '22:37:25', 1),
(2329, 4, 8, 6, '2025-07-01', '22:37:25', 1),
(2330, 4, 9, 6, '2025-07-01', '22:37:25', 1),
(2331, 4, 12, 6, '2025-07-01', '22:38:26', 1),
(2332, 4, 9, 6, '2025-07-01', '22:38:30', 1),
(2333, 4, 10, 6, '2025-07-01', '22:38:31', 1),
(2334, 4, 10, 6, '2025-07-01', '22:39:16', 1),
(2335, 4, 10, 141, '2025-07-01', '22:39:37', 1),
(2336, 4, 10, 6, '2025-07-01', '22:39:43', 1),
(2337, 36, 24, 6, '2025-07-01', '22:39:58', 1),
(2338, 4, 10, 6, '2025-07-01', '22:40:13', 1),
(2339, 4, 10, 6, '2025-07-01', '22:40:21', 1),
(2340, 4, 10, 6, '2025-07-01', '22:40:30', 1),
(2341, 4, 10, 6, '2025-07-01', '22:40:33', 1),
(2342, 4, 10, 141, '2025-07-01', '22:40:50', 1),
(2343, 4, 10, 6, '2025-07-01', '22:41:01', 1),
(2344, 4, 10, 6, '2025-07-01', '22:41:08', 1),
(2345, 4, 10, 6, '2025-07-01', '22:41:14', 1),
(2346, 36, 24, 6, '2025-07-01', '22:41:19', 1),
(2347, 4, 1, 3, '2025-07-01', '22:42:09', 1),
(2348, 13, 1, 1, '2025-07-01', '22:42:18', 1),
(2349, 13, 14, 6, '2025-07-01', '22:42:18', 1),
(2350, 13, 3, 6, '2025-07-01', '22:42:21', 1),
(2351, 13, 3, 6, '2025-07-01', '22:43:58', 1),
(2352, 13, 3, 6, '2025-07-01', '22:44:40', 1),
(2353, 13, 3, 6, '2025-07-01', '22:46:40', 1),
(2354, 13, 1, 3, '2025-07-01', '22:46:46', 1),
(2355, 1, 1, 1, '2025-07-01', '22:46:52', 1),
(2356, 1, 1, 6, '2025-07-01', '22:46:52', 1),
(2357, 1, 1, 6, '2025-07-01', '22:46:52', 1),
(2358, 1, 13, 6, '2025-07-01', '22:46:56', 1),
(2359, 1, 13, 6, '2025-07-01', '22:47:15', 1),
(2360, 1, 1, 3, '2025-07-01', '22:47:17', 1),
(2361, 13, 1, 1, '2025-07-01', '22:47:25', 1),
(2362, 13, 14, 6, '2025-07-01', '22:47:25', 1),
(2363, 13, 3, 6, '2025-07-01', '22:47:27', 1),
(2364, 13, 1, 3, '2025-07-01', '22:47:39', 1),
(2365, 14, 1, 1, '2025-07-01', '22:47:48', 1),
(2366, 14, 18, 6, '2025-07-01', '22:47:48', 1),
(2367, 14, 24, 6, '2025-07-01', '22:47:53', 1),
(2368, 14, 19, 6, '2025-07-01', '22:48:02', 1),
(2369, 14, 21, 6, '2025-07-01', '22:48:06', 1),
(2370, 14, 1, 3, '2025-07-01', '22:49:18', 1),
(2371, 36, 1, 1, '2025-07-01', '22:49:45', 1),
(2372, 36, 18, 6, '2025-07-01', '22:49:45', 1),
(2373, 36, 21, 6, '2025-07-01', '22:49:51', 1),
(2374, 36, 25, 6, '2025-07-01', '22:50:46', 1),
(2375, 36, 25, 6, '2025-07-01', '22:51:27', 1),
(2376, 36, 25, 6, '2025-07-01', '22:51:33', 1),
(2377, 36, 1, 3, '2025-07-01', '22:52:16', 1),
(2378, 1, 1, 1, '2025-07-01', '22:52:26', 1),
(2379, 1, 1, 6, '2025-07-01', '22:52:26', 1),
(2380, 1, 1, 6, '2025-07-01', '22:52:26', 1),
(2381, 1, 9, 6, '2025-07-01', '22:52:33', 1),
(2382, 1, 20, 189, '2025-07-01', '22:53:04', 1),
(2383, 1, 1, 3, '2025-07-01', '22:53:11', 1),
(2384, 36, 1, 1, '2025-07-01', '22:53:20', 1),
(2385, 36, 18, 6, '2025-07-01', '22:53:20', 1),
(2386, 36, 25, 6, '2025-07-01', '22:53:23', 1),
(2387, 36, 24, 6, '2025-07-01', '22:55:55', 1),
(2388, 36, 1, 3, '2025-07-01', '22:59:33', 1),
(2389, 1, 1, 1, '2025-07-01', '23:06:17', 1),
(2390, 1, 1, 6, '2025-07-01', '23:06:17', 1),
(2391, 1, 1, 6, '2025-07-01', '23:06:17', 1),
(2392, 1, 6, 6, '2025-07-01', '23:06:21', 1),
(2393, 1, 5, 6, '2025-07-01', '23:06:22', 1),
(2394, 1, 4, 6, '2025-07-01', '23:07:53', 1),
(2395, 1, 4, 6, '2025-07-01', '23:08:51', 1),
(2396, 1, 5, 6, '2025-07-01', '23:08:53', 1),
(2397, 1, 5, 6, '2025-07-01', '23:09:19', 1),
(2398, 1, 5, 6, '2025-07-01', '23:09:21', 1),
(2399, 1, 4, 6, '2025-07-01', '23:09:22', 1),
(2400, 1, 5, 6, '2025-07-01', '23:09:24', 1),
(2401, 1, 5, 6, '2025-07-01', '23:09:49', 1),
(2402, 1, 4, 6, '2025-07-01', '23:09:50', 1),
(2403, 1, 5, 6, '2025-07-01', '23:09:52', 1),
(2404, 1, 5, 6, '2025-07-01', '23:11:09', 1),
(2405, 1, 4, 6, '2025-07-01', '23:11:11', 1),
(2406, 1, 5, 6, '2025-07-01', '23:11:13', 1),
(2407, 1, 4, 6, '2025-07-01', '23:11:41', 1),
(2408, 1, 7, 6, '2025-07-01', '23:11:47', 1),
(2409, 1, 1, 6, '2025-07-01', '23:11:49', 1),
(2410, 1, 1, 6, '2025-07-01', '23:11:49', 1),
(2411, 1, 7, 6, '2025-07-01', '23:17:53', 1),
(2412, 1, 7, 6, '2025-07-01', '23:18:30', 1),
(2413, 1, 7, 6, '2025-07-01', '23:19:14', 1),
(2414, 1, 7, 6, '2025-07-01', '23:19:29', 1),
(2415, 1, 6, 6, '2025-07-01', '23:20:03', 1),
(2416, 1, 8, 6, '2025-07-01', '23:20:05', 1),
(2417, 1, 8, 6, '2025-07-01', '23:20:20', 1),
(2418, 1, 7, 6, '2025-07-01', '23:20:29', 1),
(2419, 1, 7, 6, '2025-07-01', '23:23:11', 1),
(2420, 1, 7, 6, '2025-07-01', '23:23:32', 1),
(2421, 1, 1, 6, '2025-07-01', '23:23:41', 1),
(2422, 1, 1, 6, '2025-07-01', '23:23:41', 1),
(2423, 1, 1, 6, '2025-07-01', '23:23:54', 1),
(2424, 1, 1, 6, '2025-07-01', '23:23:54', 1),
(2425, 1, 7, 6, '2025-07-01', '23:23:55', 1),
(2426, 1, 8, 6, '2025-07-01', '23:23:57', 1),
(2427, 1, 7, 6, '2025-07-01', '23:23:59', 1),
(2428, 1, 7, 6, '2025-07-01', '23:24:05', 1),
(2429, 1, 8, 6, '2025-07-01', '23:24:06', 1),
(2430, 1, 8, 6, '2025-07-01', '23:24:08', 1),
(2431, 1, 7, 6, '2025-07-01', '23:24:13', 1),
(2432, 1, 7, 6, '2025-07-01', '23:24:33', 1),
(2433, 1, 1, 6, '2025-07-01', '23:24:36', 1),
(2434, 1, 1, 6, '2025-07-01', '23:24:36', 1),
(2435, 1, 7, 6, '2025-07-01', '23:25:02', 1),
(2436, 1, 1, 6, '2025-07-01', '23:25:06', 1),
(2437, 1, 1, 6, '2025-07-01', '23:25:06', 1),
(2438, 1, 8, 6, '2025-07-01', '23:25:09', 1),
(2439, 1, 8, 6, '2025-07-01', '23:28:37', 1),
(2440, 1, 7, 6, '2025-07-01', '23:28:39', 1),
(2441, 1, 1, 6, '2025-07-01', '23:28:42', 1),
(2442, 1, 1, 6, '2025-07-01', '23:28:42', 1),
(2443, 1, 8, 6, '2025-07-01', '23:28:46', 1),
(2444, 1, 7, 6, '2025-07-01', '23:28:48', 1),
(2445, 1, 7, 6, '2025-07-01', '23:29:01', 1),
(2446, 1, 8, 6, '2025-07-01', '23:29:07', 1),
(2447, 1, 7, 6, '2025-07-01', '23:29:10', 1),
(2448, 1, 7, 6, '2025-07-01', '23:31:24', 1),
(2449, 1, 7, 6, '2025-07-01', '23:31:33', 1),
(2450, 1, 7, 6, '2025-07-01', '23:31:58', 1),
(2451, 1, 6, 6, '2025-07-01', '23:32:05', 1),
(2452, 1, 7, 6, '2025-07-01', '23:32:09', 1),
(2453, 1, 7, 6, '2025-07-01', '23:33:33', 1),
(2454, 1, 7, 6, '2025-07-01', '23:33:42', 1),
(2455, 1, 1, 6, '2025-07-01', '23:33:45', 1),
(2456, 1, 1, 6, '2025-07-01', '23:33:45', 1),
(2457, 1, 1, 6, '2025-07-01', '23:33:50', 1),
(2458, 1, 1, 6, '2025-07-01', '23:33:50', 1),
(2459, 1, 7, 6, '2025-07-01', '23:33:57', 1),
(2460, 1, 13, 6, '2025-07-01', '23:36:45', 1),
(2461, 13, 1, 1, '2025-07-01', '23:37:07', 1),
(2462, 13, 14, 6, '2025-07-01', '23:37:07', 1),
(2463, 13, 14, 6, '2025-07-01', '23:37:11', 1),
(2464, 13, 14, 6, '2025-07-01', '23:37:33', 1),
(2465, 13, 14, 6, '2025-07-01', '23:37:33', 1),
(2466, 13, 14, 6, '2025-07-01', '23:37:36', 1),
(2467, 13, 14, 6, '2025-07-01', '23:37:57', 1),
(2468, 13, 14, 6, '2025-07-01', '23:37:57', 1),
(2469, 13, 14, 6, '2025-07-01', '23:38:04', 1),
(2470, 13, 14, 6, '2025-07-01', '23:38:41', 1),
(2471, 13, 14, 6, '2025-07-01', '23:38:41', 1),
(2472, 13, 14, 6, '2025-07-01', '23:39:00', 1),
(2473, 13, 14, 6, '2025-07-01', '23:39:01', 1),
(2474, 13, 14, 6, '2025-07-01', '23:39:01', 1),
(2475, 13, 14, 6, '2025-07-01', '23:39:11', 1),
(2476, 13, 14, 6, '2025-07-01', '23:39:15', 1),
(2477, 13, 14, 6, '2025-07-01', '23:39:36', 1),
(2478, 13, 14, 11, '2025-07-01', '23:39:36', 1),
(2479, 13, 14, 6, '2025-07-01', '23:39:36', 1),
(2480, 13, 1, 3, '2025-07-01', '23:39:45', 1),
(2481, 1, 1, 1, '2025-07-01', '23:39:54', 1),
(2482, 1, 1, 6, '2025-07-01', '23:39:54', 1),
(2483, 1, 1, 6, '2025-07-01', '23:39:54', 1),
(2484, 1, 13, 6, '2025-07-01', '23:39:56', 1),
(2485, 1, 13, 6, '2025-07-01', '23:46:29', 1),
(2486, 1, 1, 3, '2025-07-01', '23:46:34', 1),
(2487, 37, 1, 1, '2025-07-01', '23:47:03', 1),
(2488, 37, 18, 6, '2025-07-01', '23:47:03', 1),
(2489, 37, 1, 3, '2025-07-01', '23:47:07', 1),
(2490, 1, 1, 1, '2025-07-02', '00:13:23', 1),
(2491, 1, 1, 6, '2025-07-02', '00:13:23', 1),
(2492, 1, 1, 6, '2025-07-02', '00:13:23', 1),
(2493, 1, 2, 6, '2025-07-02', '00:13:27', 1),
(2494, 1, 4, 6, '2025-07-02', '00:13:27', 1),
(2495, 1, 5, 6, '2025-07-02', '00:13:31', 1),
(2496, 1, 5, 6, '2025-07-02', '00:13:48', 1),
(2497, 1, 5, 76, '2025-07-02', '00:13:48', 1),
(2498, 1, 6, 6, '2025-07-02', '00:13:48', 1),
(2499, 1, 1, 3, '2025-07-02', '00:13:59', 1),
(2500, 4, 1, 1, '2025-07-02', '00:14:08', 1),
(2501, 4, 1, 6, '2025-07-02', '00:14:08', 1),
(2502, 4, 1, 6, '2025-07-02', '00:14:08', 1),
(2503, 4, 4, 6, '2025-07-02', '00:14:10', 1),
(2504, 4, 5, 6, '2025-07-02', '00:14:11', 1),
(2505, 4, 5, 6, '2025-07-02', '00:14:33', 1),
(2506, 4, 5, 76, '2025-07-02', '00:14:33', 1),
(2507, 4, 6, 6, '2025-07-02', '00:14:33', 1),
(2508, 4, 1, 3, '2025-07-02', '00:14:40', 1),
(2509, 2, 1, 1, '2025-07-02', '00:14:51', 1),
(2510, 2, 1, 6, '2025-07-02', '00:14:51', 1),
(2511, 2, 1, 6, '2025-07-02', '00:14:51', 1),
(2512, 2, 4, 6, '2025-07-02', '00:14:53', 1),
(2513, 2, 5, 6, '2025-07-02', '00:14:55', 1),
(2514, 2, 5, 6, '2025-07-02', '00:15:13', 1),
(2515, 2, 5, 76, '2025-07-02', '00:15:13', 1),
(2516, 2, 6, 6, '2025-07-02', '00:15:13', 1),
(2517, 2, 1, 3, '2025-07-02', '00:15:26', 1),
(2518, 3, 1, 1, '2025-07-02', '00:15:49', 1),
(2519, 3, 1, 6, '2025-07-02', '00:15:49', 1),
(2520, 3, 1, 6, '2025-07-02', '00:15:49', 1),
(2521, 3, 4, 6, '2025-07-02', '00:15:51', 1),
(2522, 3, 5, 6, '2025-07-02', '00:15:53', 1),
(2523, 3, 5, 6, '2025-07-02', '00:16:04', 1),
(2524, 3, 5, 76, '2025-07-02', '00:16:04', 1),
(2525, 3, 6, 6, '2025-07-02', '00:16:04', 1),
(2526, 3, 6, 6, '2025-07-02', '00:16:29', 1),
(2527, 3, 6, 6, '2025-07-02', '00:16:46', 1),
(2528, 3, 4, 6, '2025-07-02', '00:16:48', 1),
(2529, 3, 5, 6, '2025-07-02', '00:16:50', 1),
(2530, 3, 5, 6, '2025-07-02', '00:17:04', 1),
(2531, 3, 5, 76, '2025-07-02', '00:17:04', 1),
(2532, 3, 6, 6, '2025-07-02', '00:17:04', 1),
(2533, 3, 1, 3, '2025-07-02', '00:17:06', 1),
(2534, 4, 1, 1, '2025-07-02', '00:17:13', 1),
(2535, 4, 1, 6, '2025-07-02', '00:17:13', 1),
(2536, 4, 1, 6, '2025-07-02', '00:17:13', 1),
(2537, 4, 4, 6, '2025-07-02', '00:17:15', 1),
(2538, 4, 5, 6, '2025-07-02', '00:17:17', 1),
(2539, 4, 5, 6, '2025-07-02', '00:17:31', 1),
(2540, 4, 5, 76, '2025-07-02', '00:17:31', 1),
(2541, 4, 6, 6, '2025-07-02', '00:17:31', 1),
(2542, 4, 1, 3, '2025-07-02', '00:17:35', 1),
(2543, 1, 1, 1, '2025-07-02', '00:17:41', 1),
(2544, 1, 1, 6, '2025-07-02', '00:17:41', 1),
(2545, 1, 1, 6, '2025-07-02', '00:17:41', 1),
(2546, 1, 2, 6, '2025-07-02', '00:17:43', 1),
(2547, 1, 4, 6, '2025-07-02', '00:17:44', 1),
(2548, 1, 5, 6, '2025-07-02', '00:17:45', 1),
(2549, 1, 5, 6, '2025-07-02', '00:18:00', 1),
(2550, 1, 5, 76, '2025-07-02', '00:18:00', 1),
(2551, 1, 6, 6, '2025-07-02', '00:18:00', 1),
(2552, 1, 1, 3, '2025-07-02', '00:18:08', 1),
(2553, 2, 1, 1, '2025-07-02', '00:18:14', 1),
(2554, 2, 1, 6, '2025-07-02', '00:18:14', 1),
(2555, 2, 1, 6, '2025-07-02', '00:18:14', 1),
(2556, 2, 5, 6, '2025-07-02', '00:18:16', 1),
(2557, 2, 4, 6, '2025-07-02', '00:18:17', 1),
(2558, 2, 5, 6, '2025-07-02', '00:18:19', 1),
(2559, 2, 5, 6, '2025-07-02', '00:18:30', 1),
(2560, 2, 5, 76, '2025-07-02', '00:18:30', 1),
(2561, 2, 6, 6, '2025-07-02', '00:18:30', 1),
(2562, 2, 6, 6, '2025-07-02', '00:20:57', 1),
(2563, 2, 6, 6, '2025-07-02', '00:21:23', 1),
(2564, 2, 5, 6, '2025-07-02', '00:21:39', 1),
(2565, 2, 4, 6, '2025-07-02', '00:21:40', 1),
(2566, 2, 7, 6, '2025-07-02', '00:21:48', 1),
(2567, 2, 7, 6, '2025-07-02', '00:22:00', 1),
(2568, 2, 8, 6, '2025-07-02', '00:22:02', 1),
(2569, 2, 7, 6, '2025-07-02', '00:22:04', 1),
(2570, 2, 7, 6, '2025-07-02', '00:24:46', 1),
(2571, 2, 7, 6, '2025-07-02', '00:24:48', 1),
(2572, 2, 7, 6, '2025-07-02', '00:25:04', 1),
(2573, 2, 7, 6, '2025-07-02', '00:25:32', 1),
(2574, 2, 7, 6, '2025-07-02', '00:25:39', 1),
(2575, 2, 8, 6, '2025-07-02', '00:25:48', 1),
(2576, 2, 7, 6, '2025-07-02', '00:25:50', 1),
(2577, 2, 7, 6, '2025-07-02', '00:27:25', 1),
(2578, 2, 7, 6, '2025-07-02', '00:27:29', 1),
(2579, 2, 7, 6, '2025-07-02', '00:27:31', 1),
(2580, 2, 8, 6, '2025-07-02', '00:27:33', 1),
(2581, 2, 8, 6, '2025-07-02', '00:27:39', 1),
(2582, 2, 7, 6, '2025-07-02', '00:27:48', 1),
(2583, 2, 6, 6, '2025-07-02', '00:27:59', 1),
(2584, 2, 1, 3, '2025-07-02', '00:28:01', 1),
(2585, 4, 1, 1, '2025-07-02', '00:28:12', 1),
(2586, 4, 1, 6, '2025-07-02', '00:28:12', 1),
(2587, 4, 1, 6, '2025-07-02', '00:28:12', 1),
(2588, 4, 4, 6, '2025-07-02', '00:28:14', 1),
(2589, 4, 5, 6, '2025-07-02', '00:28:14', 1),
(2590, 4, 6, 6, '2025-07-02', '00:28:16', 1),
(2591, 4, 7, 6, '2025-07-02', '00:28:17', 1),
(2592, 4, 7, 6, '2025-07-02', '00:28:25', 1),
(2593, 4, 8, 6, '2025-07-02', '00:28:28', 1),
(2594, 4, 7, 6, '2025-07-02', '00:28:30', 1),
(2595, 4, 7, 6, '2025-07-02', '00:28:36', 1),
(2596, 4, 7, 6, '2025-07-02', '00:28:56', 1),
(2597, 4, 7, 6, '2025-07-02', '00:29:44', 1),
(2598, 4, 6, 6, '2025-07-02', '00:29:50', 1),
(2599, 4, 6, 6, '2025-07-02', '00:29:58', 1),
(2600, 4, 7, 6, '2025-07-02', '00:30:01', 1),
(2601, 4, 7, 6, '2025-07-02', '00:30:03', 1),
(2602, 4, 7, 6, '2025-07-02', '00:30:33', 1),
(2603, 4, 7, 6, '2025-07-02', '00:30:36', 1),
(2604, 4, 7, 6, '2025-07-02', '00:30:36', 1),
(2605, 4, 1, 3, '2025-07-02', '00:31:07', 1),
(2606, 2, 1, 1, '2025-07-02', '00:31:30', 1),
(2607, 2, 1, 6, '2025-07-02', '00:31:30', 1),
(2608, 2, 1, 6, '2025-07-02', '00:31:30', 1),
(2609, 2, 4, 6, '2025-07-02', '00:31:32', 1),
(2610, 2, 7, 6, '2025-07-02', '00:31:35', 1),
(2611, 2, 8, 6, '2025-07-02', '00:31:37', 1),
(2612, 2, 7, 6, '2025-07-02', '00:31:40', 1),
(2613, 2, 1, 3, '2025-07-02', '00:31:43', 1),
(2614, 1, 1, 1, '2025-07-02', '00:31:48', 1),
(2615, 1, 1, 6, '2025-07-02', '00:31:48', 1),
(2616, 1, 1, 6, '2025-07-02', '00:31:48', 1),
(2617, 1, 7, 6, '2025-07-02', '00:31:50', 1),
(2618, 1, 7, 6, '2025-07-02', '00:32:24', 1),
(2619, 1, 7, 6, '2025-07-02', '00:32:29', 1),
(2620, 1, 7, 6, '2025-07-02', '00:35:25', 1),
(2621, 1, 7, 6, '2025-07-02', '00:36:14', 1),
(2622, 1, 8, 6, '2025-07-02', '00:36:17', 1),
(2623, 1, 7, 6, '2025-07-02', '00:37:14', 1),
(2624, 1, 7, 6, '2025-07-02', '00:37:19', 1),
(2625, 1, 8, 6, '2025-07-02', '00:37:20', 1),
(2626, 1, 9, 6, '2025-07-02', '00:37:35', 1),
(2627, 1, 8, 6, '2025-07-02', '00:37:37', 1),
(2628, 1, 8, 6, '2025-07-02', '00:37:40', 1),
(2629, 1, 8, 6, '2025-07-02', '00:38:56', 1),
(2630, 1, 8, 6, '2025-07-02', '00:39:12', 1),
(2631, 1, 8, 6, '2025-07-02', '00:39:13', 1),
(2632, 1, 8, 6, '2025-07-02', '00:39:15', 1),
(2633, 1, 8, 6, '2025-07-02', '00:39:17', 1),
(2634, 1, 8, 6, '2025-07-02', '00:39:27', 1),
(2635, 1, 7, 6, '2025-07-02', '00:39:32', 1),
(2636, 1, 7, 6, '2025-07-02', '00:40:24', 1),
(2637, 1, 8, 6, '2025-07-02', '00:40:26', 1),
(2638, 1, 8, 6, '2025-07-02', '00:40:47', 1),
(2639, 1, 8, 6, '2025-07-02', '00:43:07', 1),
(2640, 1, 13, 6, '2025-07-02', '00:43:18', 1),
(2641, 1, 1, 3, '2025-07-02', '00:43:19', 1),
(2642, 3, 1, 1, '2025-07-02', '00:43:23', 1),
(2643, 3, 1, 6, '2025-07-02', '00:43:23', 1),
(2644, 3, 1, 6, '2025-07-02', '00:43:23', 1),
(2645, 3, 8, 6, '2025-07-02', '00:43:24', 1),
(2646, 3, 7, 6, '2025-07-02', '00:43:26', 1),
(2647, 3, 7, 6, '2025-07-02', '00:43:28', 1),
(2648, 1, 8, 6, '2025-07-02', '00:46:16', 1),
(2649, 1, 8, 6, '2025-07-02', '00:46:45', 1),
(2650, 1, 8, 6, '2025-07-02', '00:47:09', 1),
(2651, 1, 7, 6, '2025-07-02', '00:47:11', 1),
(2652, 1, 8, 6, '2025-07-02', '00:47:13', 1),
(2653, 3, 7, 6, '2025-07-02', '00:47:18', 1),
(2654, 3, 7, 6, '2025-07-02', '00:47:20', 1),
(2655, 3, 7, 6, '2025-07-02', '00:47:22', 1),
(2656, 3, 7, 6, '2025-07-02', '00:47:26', 1),
(2657, 3, 1, 3, '2025-07-02', '00:50:04', 1),
(2658, 13, 1, 1, '2025-07-02', '00:50:08', 1),
(2659, 13, 14, 6, '2025-07-02', '00:50:08', 1),
(2660, 13, 3, 6, '2025-07-02', '00:50:10', 1),
(2661, 13, 3, 6, '2025-07-02', '00:51:59', 1),
(2662, 13, 3, 6, '2025-07-02', '00:53:22', 1),
(2663, 13, 3, 6, '2025-07-02', '00:55:03', 1),
(2664, 13, 3, 6, '2025-07-02', '00:56:11', 1),
(2665, 13, 3, 6, '2025-07-02', '00:56:50', 1),
(2666, 13, 3, 6, '2025-07-02', '00:57:19', 1),
(2667, 13, 3, 6, '2025-07-02', '00:59:53', 1),
(2668, 13, 3, 6, '2025-07-02', '01:00:16', 1),
(2669, 13, 3, 6, '2025-07-02', '01:00:18', 1),
(2670, 13, 3, 6, '2025-07-02', '01:21:44', 1),
(2671, 13, 15, 6, '2025-07-02', '01:21:46', 1),
(2672, 13, 15, 6, '2025-07-02', '01:21:52', 1),
(2673, 13, 15, 6, '2025-07-02', '01:22:15', 1),
(2674, 13, 15, 6, '2025-07-02', '01:22:20', 1),
(2675, 13, 15, 6, '2025-07-02', '01:22:24', 1),
(2676, 13, 15, 6, '2025-07-02', '01:22:36', 1),
(2677, 13, 15, 6, '2025-07-02', '01:23:01', 1),
(2678, 13, 15, 6, '2025-07-02', '01:24:58', 1),
(2679, 13, 15, 6, '2025-07-02', '01:25:07', 1),
(2680, 13, 15, 6, '2025-07-02', '01:25:11', 1),
(2681, 13, 15, 6, '2025-07-02', '01:25:24', 1),
(2682, 1, 9, 6, '2025-07-02', '01:28:51', 1),
(2683, 1, 9, 6, '2025-07-02', '01:29:33', 1),
(2684, 1, 9, 6, '2025-07-02', '01:30:27', 1),
(2685, 13, 15, 6, '2025-07-02', '01:31:23', 1),
(2686, 13, 15, 6, '2025-07-02', '01:35:02', 1),
(2687, 13, 15, 6, '2025-07-02', '01:35:13', 1),
(2688, 1, 1, 3, '2025-07-02', '01:39:34', 1),
(2689, 13, 1, 1, '2025-07-02', '01:39:39', 1),
(2690, 13, 14, 6, '2025-07-02', '01:39:39', 1),
(2691, 13, 15, 6, '2025-07-02', '01:39:41', 1),
(2692, 13, 15, 6, '2025-07-02', '01:39:44', 1),
(2693, 13, 15, 6, '2025-07-02', '01:39:57', 1),
(2694, 13, 15, 6, '2025-07-02', '01:40:54', 1),
(2695, 13, 15, 6, '2025-07-02', '01:41:03', 1),
(2696, 13, 15, 6, '2025-07-02', '01:42:09', 1),
(2697, 13, 15, 6, '2025-07-02', '01:42:17', 1),
(2698, 13, 15, 6, '2025-07-02', '01:42:56', 1),
(2699, 13, 15, 6, '2025-07-02', '01:43:58', 1),
(2700, 13, 15, 6, '2025-07-02', '01:44:23', 1),
(2701, 13, 14, 6, '2025-07-02', '01:44:30', 1),
(2702, 13, 15, 6, '2025-07-02', '01:45:30', 1),
(2703, 13, 15, 6, '2025-07-02', '01:46:40', 1),
(2704, 13, 15, 6, '2025-07-02', '01:47:53', 1),
(2705, 13, 23, 6, '2025-07-02', '01:49:10', 1),
(2706, 13, 10, 6, '2025-07-02', '01:49:13', 1),
(2707, 13, 3, 6, '2025-07-02', '01:49:14', 1),
(2708, 13, 10, 6, '2025-07-02', '01:49:26', 1),
(2709, 13, 15, 6, '2025-07-02', '01:49:29', 1),
(2710, 13, 1, 3, '2025-07-02', '01:49:32', 1),
(2711, 1, 1, 1, '2025-07-02', '01:49:38', 1),
(2712, 1, 1, 6, '2025-07-02', '01:49:38', 1),
(2713, 1, 1, 6, '2025-07-02', '01:49:38', 1),
(2714, 1, 22, 6, '2025-07-02', '01:49:40', 1),
(2715, 1, 13, 6, '2025-07-02', '01:49:42', 1),
(2716, 1, 13, 6, '2025-07-02', '01:52:04', 1),
(2717, 1, 2, 6, '2025-07-02', '01:52:07', 1),
(2718, 1, 4, 6, '2025-07-02', '01:52:13', 1),
(2719, 1, 1, 3, '2025-07-02', '01:52:21', 1),
(2720, 4, 1, 1, '2025-07-02', '01:54:11', 1),
(2721, 4, 1, 6, '2025-07-02', '01:54:11', 1),
(2722, 4, 1, 6, '2025-07-02', '01:54:11', 1),
(2723, 4, 7, 6, '2025-07-02', '01:54:17', 1),
(2724, 4, 6, 6, '2025-07-02', '01:54:19', 1),
(2725, 4, 6, 6, '2025-07-02', '01:54:32', 1),
(2726, 4, 6, 6, '2025-07-02', '02:00:08', 1),
(2727, 4, 6, 6, '2025-07-02', '02:00:42', 1),
(2728, 4, 6, 6, '2025-07-02', '02:00:48', 1),
(2729, 4, 6, 6, '2025-07-02', '02:01:09', 1),
(2730, 4, 6, 6, '2025-07-02', '02:01:11', 1),
(2731, 4, 6, 6, '2025-07-02', '02:01:17', 1),
(2732, 4, 6, 6, '2025-07-02', '02:01:47', 1),
(2733, 4, 6, 6, '2025-07-02', '02:02:16', 1),
(2734, 4, 6, 6, '2025-07-02', '02:02:26', 1),
(2735, 4, 6, 6, '2025-07-02', '02:02:43', 1),
(2736, 4, 6, 6, '2025-07-02', '02:03:45', 1),
(2737, 4, 6, 6, '2025-07-02', '02:04:08', 1),
(2738, 4, 6, 6, '2025-07-02', '02:04:36', 1),
(2739, 4, 9, 6, '2025-07-02', '02:04:58', 1),
(2740, 4, 9, 6, '2025-07-02', '02:12:59', 1),
(2741, 4, 1, 3, '2025-07-02', '02:14:11', 1),
(2742, 2, 1, 1, '2025-07-02', '02:14:24', 1),
(2743, 2, 1, 6, '2025-07-02', '02:14:24', 1),
(2744, 2, 1, 6, '2025-07-02', '02:14:24', 1),
(2745, 2, 10, 6, '2025-07-02', '02:14:26', 1),
(2746, 2, 9, 6, '2025-07-02', '02:18:36', 1),
(2747, 2, 9, 6, '2025-07-02', '02:19:21', 1),
(2748, 2, 1, 3, '2025-07-02', '02:19:46', 1),
(2749, 2, 1, 1, '2025-07-02', '02:19:52', 1),
(2750, 2, 1, 6, '2025-07-02', '02:19:52', 1),
(2751, 2, 1, 6, '2025-07-02', '02:19:52', 1),
(2752, 2, 10, 6, '2025-07-02', '02:19:55', 1),
(2753, 2, 10, 6, '2025-07-02', '02:20:01', 1),
(2754, 2, 1, 3, '2025-07-02', '02:20:03', 1),
(2755, 10, 1, 1, '2025-07-02', '02:20:47', 1),
(2756, 10, 1, 6, '2025-07-02', '02:20:47', 1),
(2757, 10, 1, 6, '2025-07-02', '02:20:47', 1),
(2758, 10, 10, 6, '2025-07-02', '02:20:49', 1),
(2759, 10, 1, 3, '2025-07-02', '02:20:54', 1),
(2760, 1, 1, 1, '2025-07-02', '02:21:09', 1),
(2761, 1, 1, 6, '2025-07-02', '02:21:09', 1),
(2762, 1, 1, 6, '2025-07-02', '02:21:09', 1),
(2763, 1, 10, 6, '2025-07-02', '02:21:12', 1),
(2764, 1, 9, 6, '2025-07-02', '02:21:21', 1),
(2765, 1, 9, 6, '2025-07-02', '02:21:53', 1),
(2766, 1, 9, 6, '2025-07-02', '02:22:48', 1),
(2767, 1, 9, 6, '2025-07-02', '02:22:59', 1),
(2768, 1, 9, 6, '2025-07-02', '02:23:02', 1),
(2769, 1, 9, 6, '2025-07-02', '02:23:41', 1),
(2770, 1, 10, 6, '2025-07-02', '02:23:54', 1),
(2771, 1, 10, 6, '2025-07-02', '02:23:59', 1),
(2772, 1, 10, 6, '2025-07-02', '02:24:02', 1),
(2773, 1, 10, 6, '2025-07-02', '02:26:05', 1),
(2774, 1, 10, 6, '2025-07-02', '02:26:33', 1),
(2775, 1, 9, 6, '2025-07-02', '02:26:36', 1),
(2776, 1, 9, 6, '2025-07-02', '02:27:21', 1),
(2777, 1, 1, 3, '2025-07-02', '02:27:36', 1),
(2778, 3, 1, 1, '2025-07-02', '02:27:46', 1),
(2779, 3, 1, 6, '2025-07-02', '02:27:46', 1),
(2780, 3, 1, 6, '2025-07-02', '02:27:46', 1),
(2781, 3, 10, 6, '2025-07-02', '02:27:48', 1),
(2782, 3, 9, 6, '2025-07-02', '02:31:23', 1),
(2783, 3, 9, 6, '2025-07-02', '02:32:38', 1),
(2784, 3, 9, 6, '2025-07-02', '02:32:45', 1),
(2785, 3, 9, 6, '2025-07-02', '02:33:24', 1),
(2786, 3, 10, 6, '2025-07-02', '02:33:40', 1),
(2787, 3, 1, 3, '2025-07-02', '02:33:54', 1),
(2788, 1, 1, 1, '2025-07-02', '02:33:59', 1),
(2789, 1, 1, 6, '2025-07-02', '02:33:59', 1),
(2790, 1, 1, 6, '2025-07-02', '02:33:59', 1),
(2791, 1, 10, 6, '2025-07-02', '02:34:02', 1),
(2792, 14, 1, 1, '2025-07-02', '12:41:07', 1),
(2793, 14, 18, 6, '2025-07-02', '12:41:08', 1),
(2794, 14, 24, 6, '2025-07-02', '12:41:11', 1),
(2795, 14, 24, 6, '2025-07-02', '12:41:19', 1),
(2796, 14, 21, 6, '2025-07-02', '12:41:21', 1),
(2797, 14, 21, 6, '2025-07-02', '12:43:08', 1),
(2798, 14, 21, 6, '2025-07-02', '12:44:16', 1),
(2799, 14, 21, 6, '2025-07-02', '12:44:26', 1),
(2800, 14, 21, 6, '2025-07-02', '12:44:36', 1),
(2801, 14, 21, 6, '2025-07-02', '12:44:46', 1),
(2802, 14, 21, 6, '2025-07-02', '12:45:12', 1),
(2803, 14, 21, 6, '2025-07-02', '12:45:23', 1),
(2804, 14, 24, 6, '2025-07-02', '12:46:10', 1),
(2805, 14, 25, 6, '2025-07-02', '12:46:12', 1),
(2806, 14, 1, 3, '2025-07-02', '12:46:18', 1),
(2807, 13, 1, 1, '2025-07-02', '12:46:29', 1),
(2808, 13, 14, 6, '2025-07-02', '12:46:29', 1),
(2809, 13, 14, 6, '2025-07-02', '12:46:44', 1),
(2810, 13, 14, 6, '2025-07-02', '12:46:51', 1),
(2811, 13, 14, 6, '2025-07-02', '12:46:52', 1),
(2812, 13, 14, 13, '2025-07-02', '12:46:52', 1),
(2813, 13, 14, 6, '2025-07-02', '12:46:52', 1),
(2814, 13, 14, 6, '2025-07-02', '12:48:07', 1),
(2815, 13, 14, 6, '2025-07-02', '12:48:08', 1),
(2816, 13, 14, 6, '2025-07-02', '12:49:14', 1),
(2817, 13, 14, 6, '2025-07-02', '12:53:49', 1),
(2818, 13, 14, 6, '2025-07-02', '12:53:59', 1),
(2819, 13, 14, 6, '2025-07-02', '12:54:02', 1),
(2820, 13, 14, 6, '2025-07-02', '12:54:33', 1),
(2821, 13, 14, 6, '2025-07-02', '12:54:57', 1),
(2822, 13, 14, 6, '2025-07-02', '12:54:57', 1),
(2823, 13, 14, 6, '2025-07-02', '12:55:00', 1),
(2824, 13, 14, 6, '2025-07-02', '12:55:03', 1),
(2825, 13, 14, 6, '2025-07-02', '12:55:35', 1),
(2826, 13, 14, 6, '2025-07-02', '12:55:35', 1),
(2827, 13, 14, 6, '2025-07-02', '12:57:52', 1),
(2828, 13, 14, 6, '2025-07-02', '12:57:57', 1),
(2829, 13, 14, 6, '2025-07-02', '12:58:10', 1),
(2830, 13, 14, 6, '2025-07-02', '12:58:26', 1),
(2831, 13, 14, 11, '2025-07-02', '12:58:26', 1),
(2832, 13, 14, 6, '2025-07-02', '12:58:26', 1),
(2833, 13, 14, 6, '2025-07-02', '12:58:44', 1),
(2834, 13, 1, 3, '2025-07-02', '12:58:54', 1),
(2835, 1, 1, 1, '2025-07-02', '12:59:06', 1),
(2836, 1, 1, 6, '2025-07-02', '12:59:06', 1),
(2837, 1, 1, 6, '2025-07-02', '12:59:06', 1),
(2838, 1, 13, 6, '2025-07-02', '12:59:09', 1),
(2839, 1, 13, 6, '2025-07-02', '13:00:39', 1),
(2840, 1, 2, 6, '2025-07-02', '13:00:42', 1),
(2841, 1, 2, 6, '2025-07-02', '13:02:19', 1),
(2842, 1, 2, 6, '2025-07-02', '13:02:23', 1),
(2843, 1, 2, 6, '2025-07-02', '13:03:22', 1),
(2844, 1, 2, 6, '2025-07-02', '13:03:28', 1),
(2845, 1, 2, 6, '2025-07-02', '13:03:38', 1),
(2846, 1, 2, 6, '2025-07-02', '13:03:41', 1),
(2847, 1, 1, 3, '2025-07-02', '13:19:49', 1),
(2848, 13, 1, 1, '2025-07-02', '13:19:55', 1),
(2849, 13, 14, 6, '2025-07-02', '13:19:55', 1),
(2850, 13, 14, 6, '2025-07-02', '13:27:33', 1),
(2851, 13, 14, 6, '2025-07-02', '13:27:39', 1),
(2852, 13, 14, 6, '2025-07-02', '13:27:42', 1),
(2853, 13, 14, 6, '2025-07-02', '13:28:28', 1),
(2854, 13, 14, 6, '2025-07-02', '13:28:30', 1),
(2855, 13, 14, 6, '2025-07-02', '13:28:34', 1),
(2856, 13, 14, 6, '2025-07-02', '13:28:37', 1),
(2857, 13, 14, 6, '2025-07-02', '13:28:46', 1),
(2858, 13, 14, 6, '2025-07-02', '13:29:06', 1),
(2859, 13, 14, 12, '2025-07-02', '13:29:06', 1),
(2860, 13, 14, 6, '2025-07-02', '13:29:06', 1),
(2861, 13, 14, 6, '2025-07-02', '13:29:55', 1),
(2862, 13, 14, 6, '2025-07-02', '13:30:05', 1),
(2863, 13, 14, 6, '2025-07-02', '13:30:15', 1),
(2864, 13, 1, 3, '2025-07-02', '13:30:18', 1),
(2865, 1, 1, 1, '2025-07-02', '13:30:23', 1),
(2866, 1, 1, 6, '2025-07-02', '13:30:23', 1),
(2867, 1, 1, 6, '2025-07-02', '13:30:23', 1),
(2868, 1, 12, 6, '2025-07-02', '13:30:27', 1),
(2869, 1, 13, 6, '2025-07-02', '13:30:33', 1),
(2870, 1, 13, 6, '2025-07-02', '13:49:45', 1),
(2871, 1, 13, 6, '2025-07-02', '14:03:01', 1);

-- --------------------------------------------------------

--
-- Structure de la table `posseder`
--

DROP TABLE IF EXISTS `posseder`;
CREATE TABLE IF NOT EXISTS `posseder` (
  `id_util` int NOT NULL,
  `id_gu` int NOT NULL,
  `date_poss` date DEFAULT NULL,
  PRIMARY KEY (`id_util`,`id_gu`),
  KEY `id_gu` (`id_gu`)
) ENGINE=MyISAM DEFAULT CHARSET=utf8mb4 COLLATE=utf8mb4_0900_ai_ci;

--
-- Déchargement des données de la table `posseder`
--

INSERT INTO `posseder` (`id_util`, `id_gu`, `date_poss`) VALUES
(0, 6, '2025-06-01'),
(2, 9, '2025-05-19'),
(3, 9, '2025-05-19'),
(4, 9, '2025-05-01'),
(5, 6, '2025-05-01'),
(6, 6, '2025-05-01'),
(7, 6, '2025-05-01'),
(8, 5, '2025-05-01'),
(9, 5, '2025-05-01'),
(10, 5, '2025-05-01'),
(11, 2, '2025-05-19'),
(12, 4, NULL),
(13, 3, NULL),
(14, 1, '2025-05-21'),
(15, 1, '2025-05-01'),
(16, 1, '2025-05-01'),
(17, 1, NULL),
(18, 1, '2025-05-01'),
(1, 8, '2025-05-20'),
(0, 4, '2025-06-01'),
(19, 5, '2025-06-01'),
(20, 3, '2025-06-01'),
(21, 3, '2025-06-01'),
(22, 5, '2025-06-01'),
(23, 5, '2025-06-01'),
(36, 1, '2025-07-01'),
(37, 1, '2025-07-01'),
(38, 1, '2025-07-02'),
(33, 1, '2025-07-02'),
(40, 2, '2025-07-02');

-- --------------------------------------------------------

--
-- Structure de la table `promotion`
--

DROP TABLE IF EXISTS `promotion`;
CREATE TABLE IF NOT EXISTS `promotion` (
  `id_promotion` int NOT NULL AUTO_INCREMENT,
  `lib_promotion` varchar(50) NOT NULL,
  PRIMARY KEY (`id_promotion`),
  UNIQUE KEY `unique_promotion` (`lib_promotion`)
) ENGINE=InnoDB AUTO_INCREMENT=23 DEFAULT CHARSET=utf8mb4 COLLATE=utf8mb4_0900_ai_ci;

--
-- Déchargement des données de la table `promotion`
--

INSERT INTO `promotion` (`id_promotion`, `lib_promotion`) VALUES
(1, '2003-2004'),
(2, '2004-2005'),
(3, '2005-2006'),
(4, '2006-2007'),
(5, '2007-2008'),
(6, '2008-2009'),
(7, '2009-2010'),
(8, '2010-2011'),
(9, '2011-2012'),
(10, '2012-2013'),
(11, '2013-2014'),
(12, '2014-2015'),
(13, '2015-2016'),
(14, '2016-2017'),
(15, '2017-2018'),
(16, '2018-2019'),
(17, '2019-2020'),
(18, '2020-2021'),
(19, '2021-2022'),
(20, '2022-2023'),
(21, '2023-2024'),
(22, '2024-2025');

-- --------------------------------------------------------

--
-- Structure de la table `rappels`
--

DROP TABLE IF EXISTS `rappels`;
CREATE TABLE IF NOT EXISTS `rappels` (
  `id` int NOT NULL AUTO_INCREMENT,
  `reunion_id` int NOT NULL,
  `date_rappel` datetime NOT NULL,
  `status` enum('pending','sent','failed') NOT NULL DEFAULT 'pending',
  `date_creation` timestamp NULL DEFAULT CURRENT_TIMESTAMP,
  PRIMARY KEY (`id`),
  KEY `reunion_id` (`reunion_id`)
) ENGINE=InnoDB DEFAULT CHARSET=utf8mb4 COLLATE=utf8mb4_0900_ai_ci;

-- --------------------------------------------------------

--
-- Structure de la table `rapport_etudiant`
--

DROP TABLE IF EXISTS `rapport_etudiant`;
CREATE TABLE IF NOT EXISTS `rapport_etudiant` (
  `id_rapport_etd` int NOT NULL AUTO_INCREMENT,
  `num_etd` int DEFAULT NULL,
  `nom_rapport` varchar(100) DEFAULT NULL,
  `date_rapport` date DEFAULT NULL,
  `theme_memoire` varchar(180) CHARACTER SET utf8mb4 COLLATE utf8mb4_0900_ai_ci DEFAULT NULL,
  `statut_rapport` enum('En attente d''approbation','Approuvé','Désapprouvé','En attente de validation','Validé','Rejeté','Non soumis') CHARACTER SET utf8mb4 COLLATE utf8mb4_0900_ai_ci NOT NULL,
  `fichier_rapport` varchar(255) CHARACTER SET utf8mb4 COLLATE utf8mb4_0900_ai_ci NOT NULL,
  PRIMARY KEY (`id_rapport_etd`),
  KEY `num_etd` (`num_etd`)
) ENGINE=InnoDB AUTO_INCREMENT=53 DEFAULT CHARSET=utf8mb4 COLLATE=utf8mb4_0900_ai_ci;

-- --------------------------------------------------------

--
-- Structure de la table `rattacher`
--

DROP TABLE IF EXISTS `rattacher`;
CREATE TABLE IF NOT EXISTS `rattacher` (
  `id_gu` int NOT NULL,
  `id_traitement` int NOT NULL,
  PRIMARY KEY (`id_gu`,`id_traitement`),
  KEY `id_traitement` (`id_traitement`)
) ENGINE=MyISAM DEFAULT CHARSET=utf8mb4 COLLATE=utf8mb4_0900_ai_ci;

--
-- Déchargement des données de la table `rattacher`
--

INSERT INTO `rattacher` (`id_gu`, `id_traitement`) VALUES
(1, 18),
(1, 19),
(1, 21),
(1, 24),
(1, 25),
(2, 10),
(2, 12),
(2, 14),
(2, 16),
(2, 17),
(3, 3),
(3, 10),
(3, 12),
(3, 14),
(3, 15),
(3, 20),
(3, 23),
(4, 10),
(4, 12),
(4, 14),
(5, 10),
(5, 12),
(6, 10),
(6, 12),
(7, 10),
(7, 12),
(8, 1),
(8, 2),
(8, 4),
(8, 5),
(8, 6),
(8, 7),
(8, 8),
(8, 9),
(8, 10),
(8, 11),
(8, 12),
(8, 13),
(8, 20),
(8, 22),
(9, 1),
(9, 4),
(9, 5),
(9, 6),
(9, 7),
(9, 8),
(9, 9),
(9, 10),
(9, 12);

-- --------------------------------------------------------

--
-- Structure de la table `reclamations`
--

DROP TABLE IF EXISTS `reclamations`;
CREATE TABLE IF NOT EXISTS `reclamations` (
  `id_reclamation` int NOT NULL AUTO_INCREMENT,
  `id_ac` int NOT NULL,
  `num_etd` int NOT NULL,
  `motif_reclamation` text NOT NULL,
  `matieres` text NOT NULL,
  `date_reclamation` date NOT NULL DEFAULT (curdate()),
  `piece_jointe` varchar(255) DEFAULT NULL,
  `retour_traitement` varchar(255) DEFAULT NULL,
  `date_traitement` date DEFAULT NULL,
  `statut_reclamation` enum('En attente','Traitée') NOT NULL DEFAULT 'En attente',
  PRIMARY KEY (`id_reclamation`),
  KEY `num_etd` (`num_etd`),
  KEY `fk_reclamations_ac` (`id_ac`)
) ENGINE=InnoDB AUTO_INCREMENT=7 DEFAULT CHARSET=utf8mb4 COLLATE=utf8mb4_0900_ai_ci;

--
-- Déchargement des données de la table `reclamations`
--

INSERT INTO `reclamations` (`id_reclamation`, `id_ac`, `num_etd`, `motif_reclamation`, `matieres`, `date_reclamation`, `piece_jointe`, `retour_traitement`, `date_traitement`, `statut_reclamation`) VALUES
(1, 2524, 1, 'notes manquante', 'Programmation linéaire', '2025-06-17', NULL, 'Bien', '2025-06-26', 'Traitée'),
(5, 2524, 1, 'Note manquantes', '[\"Alg\\u00e8bre\",\"Analyse\"]', '2025-06-26', NULL, NULL, NULL, 'En attente');

-- --------------------------------------------------------

--
-- Structure de la table `reglement`
--

DROP TABLE IF EXISTS `reglement`;
CREATE TABLE IF NOT EXISTS `reglement` (
  `id_reglement` int NOT NULL AUTO_INCREMENT,
  `num_etd` int NOT NULL,
  `id_ac` int NOT NULL,
  `id_niv_etd` int NOT NULL,
  `numero_reglement` varchar(50) NOT NULL,
  `montant_a_payer` decimal(10,2) NOT NULL,
  `total_paye` decimal(10,2) DEFAULT '0.00',
  `reste_a_payer` decimal(10,0) NOT NULL,
  `statut` enum('Non payé','Partiel','Soldé') CHARACTER SET utf8mb4 COLLATE utf8mb4_0900_ai_ci DEFAULT 'Non payé',
  `date_reglement` date NOT NULL DEFAULT (curdate()),
  `mode_de_paiement` enum('espece','cheque') DEFAULT 'espece',
  `numero_cheque` varchar(12) DEFAULT 'Néant',
  `motif_paiement` varchar(255) DEFAULT 'Néant',
  PRIMARY KEY (`id_reglement`),
  UNIQUE KEY `numero_reglement` (`numero_reglement`),
  KEY `num_etd` (`num_etd`),
  KEY `id_niv_etd` (`id_niv_etd`),
  KEY `id_ac` (`id_ac`)
) ENGINE=InnoDB AUTO_INCREMENT=94 DEFAULT CHARSET=utf8mb4 COLLATE=utf8mb4_0900_ai_ci;

--
-- Déchargement des données de la table `reglement`
--

INSERT INTO `reglement` (`id_reglement`, `num_etd`, `id_ac`, `id_niv_etd`, `numero_reglement`, `montant_a_payer`, `total_paye`, `reste_a_payer`, `statut`, `date_reglement`, `mode_de_paiement`, `numero_cheque`, `motif_paiement`) VALUES
(92, 1, 2524, 2, 'REG-20250001', 800000.00, 250000.00, 550000, 'Partiel', '2025-07-02', 'espece', 'Néant', 'Frais d\'examen');

-- --------------------------------------------------------

--
-- Structure de la table `rendre`
--

DROP TABLE IF EXISTS `rendre`;
CREATE TABLE IF NOT EXISTS `rendre` (
  `id_cr` int NOT NULL,
  `id_ens` int NOT NULL,
  `date_env` date DEFAULT NULL,
  PRIMARY KEY (`id_cr`,`id_ens`),
  KEY `id_ens` (`id_ens`)
) ENGINE=MyISAM DEFAULT CHARSET=utf8mb4 COLLATE=utf8mb4_0900_ai_ci;

--
-- Déchargement des données de la table `rendre`
--

INSERT INTO `rendre` (`id_cr`, `id_ens`, `date_env`) VALUES
(14, 4, '2025-07-02'),
(13, 4, '2025-06-09');

-- --------------------------------------------------------

--
-- Structure de la table `reset_password`
--

DROP TABLE IF EXISTS `reset_password`;
CREATE TABLE IF NOT EXISTS `reset_password` (
  `email` varchar(100) NOT NULL,
  `token` varchar(64) NOT NULL,
  `expires_at` datetime NOT NULL,
  PRIMARY KEY (`email`)
) ENGINE=MyISAM DEFAULT CHARSET=utf8mb4 COLLATE=utf8mb4_0900_ai_ci;

-- --------------------------------------------------------

--
-- Structure de la table `responsable_compte_rendu`
--

DROP TABLE IF EXISTS `responsable_compte_rendu`;
CREATE TABLE IF NOT EXISTS `responsable_compte_rendu` (
  `id_ens` int NOT NULL,
  `actif` tinyint(1) DEFAULT '0',
  PRIMARY KEY (`id_ens`)
) ENGINE=MyISAM DEFAULT CHARSET=utf8mb4 COLLATE=utf8mb4_0900_ai_ci;

--
-- Déchargement des données de la table `responsable_compte_rendu`
--

INSERT INTO `responsable_compte_rendu` (`id_ens`, `actif`) VALUES
(1, 0),
(2, 0),
(3, 0),
(4, 1);

-- --------------------------------------------------------

--
-- Structure de la table `reunions`
--

DROP TABLE IF EXISTS `reunions`;
CREATE TABLE IF NOT EXISTS `reunions` (
  `id` int NOT NULL AUTO_INCREMENT,
  `titre` varchar(255) NOT NULL,
  `type` enum('normale','urgente') NOT NULL,
  `date_reunion` date NOT NULL,
  `heure_debut` time NOT NULL,
  `duree` decimal(3,1) NOT NULL,
  `lieu` varchar(255) NOT NULL,
  `description` text,
  `rapports_count` int DEFAULT '0',
  `status` enum('programmée','en cours','terminée','annulée') NOT NULL DEFAULT 'programmée',
  `created_at` timestamp NULL DEFAULT CURRENT_TIMESTAMP,
  `updated_at` timestamp NULL DEFAULT CURRENT_TIMESTAMP ON UPDATE CURRENT_TIMESTAMP,
  PRIMARY KEY (`id`),
  KEY `idx_reunions_date` (`date_reunion`),
  KEY `idx_reunions_status` (`status`)
) ENGINE=InnoDB AUTO_INCREMENT=23 DEFAULT CHARSET=utf8mb4 COLLATE=utf8mb4_0900_ai_ci;

--
-- Déchargement des données de la table `reunions`
--

INSERT INTO `reunions` (`id`, `titre`, `type`, `date_reunion`, `heure_debut`, `duree`, `lieu`, `description`, `rapports_count`, `status`, `created_at`, `updated_at`) VALUES
(1, '#REU001', 'normale', '2025-06-27', '00:26:00', 1.5, 'SALLE A', 'A examiner', 2, 'programmée', '2025-06-25 00:23:25', '2025-06-25 00:23:25'),
(2, '#REU002', 'urgente', '2025-06-28', '01:19:00', 1.5, 'SALLE B', 'plusieurs rapport en urgence', 2, 'programmée', '2025-06-25 01:15:55', '2025-06-25 01:15:55'),
(3, '#REU003', 'normale', '2025-06-27', '05:18:00', 1.5, 'SALLE A', 'Venez massivement', 0, 'programmée', '2025-06-25 01:18:59', '2025-06-25 01:18:59'),
(7, '#REU005', 'normale', '2025-06-28', '01:30:00', 1.5, 'SALLE B', 'desc', 3, 'programmée', '2025-06-25 01:27:25', '2025-06-25 01:27:25'),
(8, '#REU008', 'normale', '2025-06-27', '01:31:00', 1.5, 'SALLE A', 'desc', 3, 'programmée', '2025-06-25 01:28:21', '2025-06-25 01:28:21'),
(10, '#REU0010', 'normale', '2025-07-18', '22:37:00', 1.5, 'SALLE B', 'testReunion', 0, 'programmée', '2025-07-01 22:34:27', '2025-07-01 22:34:27'),
(11, '#REU020', 'normale', '2025-07-11', '02:35:00', 1.5, 'SALLE A', 'byvgf', 0, 'programmée', '2025-07-01 22:35:33', '2025-07-01 22:35:33'),
(12, '#REU020', 'normale', '2025-07-11', '02:35:00', 1.5, 'SALLE A', 'byvgf', 0, 'programmée', '2025-07-01 22:36:24', '2025-07-01 22:36:24'),
(13, '#REU020', 'normale', '2025-07-11', '02:35:00', 1.5, 'SALLE A', 'byvgf', 0, 'programmée', '2025-07-01 22:37:19', '2025-07-01 22:37:19'),
(14, '#REU0021', 'normale', '2025-07-19', '01:31:00', 1.5, 'SALLE A', 'xxxxx', 2, 'programmée', '2025-07-02 01:29:19', '2025-07-02 01:29:19'),
(16, '#REU002', 'normale', '2025-07-05', '03:13:00', 1.5, 'SALLE B', 'test', 1, 'programmée', '2025-07-02 02:13:38', '2025-07-02 02:13:38'),
(17, '#REU006', 'urgente', '2025-07-04', '02:21:00', 1.5, 'SALLE A', 'verifier les rapports', 4, 'programmée', '2025-07-02 02:19:11', '2025-07-02 02:19:11'),
(18, '#REU006', 'normale', '2025-07-05', '02:24:00', 1.5, 'SALLE B', 'test', 3, 'programmée', '2025-07-02 02:21:49', '2025-07-02 02:21:49'),
(19, '#REU00S', 'normale', '2025-07-05', '02:24:00', 1.5, 'SALLE B', 'TEST', 3, 'programmée', '2025-07-02 02:22:42', '2025-07-02 02:22:42'),
(20, '#REU006', 'normale', '2025-07-05', '02:26:00', 1.5, 'SALLE A', 'TEST', 2, 'programmée', '2025-07-02 02:23:35', '2025-07-02 02:23:35'),
(21, '#REU00S', 'normale', '2025-07-11', '02:28:00', 1.5, 'SALLE B', 'TEST', 3, 'programmée', '2025-07-02 02:27:17', '2025-07-02 02:27:17'),
(22, '#REU00S3', 'normale', '2025-07-05', '02:35:00', 1.5, 'amphiA', 'reu', 3, 'programmée', '2025-07-02 02:33:21', '2025-07-02 02:33:21');

-- --------------------------------------------------------

--
-- Structure de la table `sauvegardes`
--

DROP TABLE IF EXISTS `sauvegardes`;
CREATE TABLE IF NOT EXISTS `sauvegardes` (
  `id_sauvegarde` int NOT NULL AUTO_INCREMENT,
  `nom_sauvegarde` varchar(255) NOT NULL,
  `description` text,
  `nom_fichier` varchar(255) NOT NULL,
  `date_creation` timestamp NULL DEFAULT CURRENT_TIMESTAMP,
  `taille_fichier` bigint DEFAULT NULL,
  PRIMARY KEY (`id_sauvegarde`)
) ENGINE=InnoDB AUTO_INCREMENT=4 DEFAULT CHARSET=utf8mb4 COLLATE=utf8mb4_0900_ai_ci;

--
-- Déchargement des données de la table `sauvegardes`
--

INSERT INTO `sauvegardes` (`id_sauvegarde`, `nom_sauvegarde`, `description`, `nom_fichier`, `date_creation`, `taille_fichier`) VALUES
(1, 'bddTest', 'Base de test', 'C:\\wamp64\\www\\GSCV\\pages/sauvegardes/2025-06-03_00-13-16_bddTest.sql', '2025-06-03 00:13:17', 67040),
(3, 'bddTest', 'Base de test', 'C:\\wamp64\\www\\GSCV\\pages/sauvegardes/2025-06-30_15-09-54_bddTest.sql', '2025-06-30 15:09:55', 173086);

-- --------------------------------------------------------

--
-- Structure de la table `semestre`
--

DROP TABLE IF EXISTS `semestre`;
CREATE TABLE IF NOT EXISTS `semestre` (
  `id_semestre` int NOT NULL AUTO_INCREMENT,
  `lib_semestre` varchar(12) NOT NULL,
  `id_niv_etd` int NOT NULL,
  PRIMARY KEY (`id_semestre`),
  KEY `fk_niv_etd` (`id_niv_etd`)
) ENGINE=MyISAM AUTO_INCREMENT=10 DEFAULT CHARSET=utf8mb4 COLLATE=utf8mb4_0900_ai_ci;

--
-- Déchargement des données de la table `semestre`
--

INSERT INTO `semestre` (`id_semestre`, `lib_semestre`, `id_niv_etd`) VALUES
(1, 'Semestre 1', 1),
(2, 'Semestre 2', 1),
(3, 'Semestre 3', 2),
(4, 'Semestre 4', 2),
(5, 'Semestre 5', 3),
(6, 'Semestre 6', 3),
(7, 'Semestre 7', 4),
(8, 'Semestre 8', 4),
(9, 'Semestre 9', 5);

-- --------------------------------------------------------

--
-- Structure de la table `specialite`
--

DROP TABLE IF EXISTS `specialite`;
CREATE TABLE IF NOT EXISTS `specialite` (
  `id_spe` int NOT NULL,
  `lib_spe` varchar(100) DEFAULT NULL,
  PRIMARY KEY (`id_spe`)
) ENGINE=MyISAM DEFAULT CHARSET=utf8mb4 COLLATE=utf8mb4_0900_ai_ci;

--
-- Déchargement des données de la table `specialite`
--

INSERT INTO `specialite` (`id_spe`, `lib_spe`) VALUES
(1, 'Informatique'),
(2, 'Mathématiques Appliquées'),
(3, 'Réseaux et Télécommunications'),
(4, 'Intelligence Artificielle'),
(5, 'Génie Logiciel'),
(6, 'Cybersécurité'),
(7, 'Statistique et Décisionnel'),
(8, 'Big Data');

-- --------------------------------------------------------

--
-- Structure de la table `statut_jury`
--

DROP TABLE IF EXISTS `statut_jury`;
CREATE TABLE IF NOT EXISTS `statut_jury` (
  `id_jury` int NOT NULL,
  `lib_jury` varchar(100) DEFAULT NULL,
  PRIMARY KEY (`id_jury`)
) ENGINE=MyISAM DEFAULT CHARSET=utf8mb4 COLLATE=utf8mb4_0900_ai_ci;

-- --------------------------------------------------------

--
-- Structure de la table `tarif_inscription`
--

DROP TABLE IF EXISTS `tarif_inscription`;
CREATE TABLE IF NOT EXISTS `tarif_inscription` (
  `id_tarif` int NOT NULL AUTO_INCREMENT,
  `id_ac` int NOT NULL,
  `id_niv_etd` int NOT NULL,
  `montant_tarif` decimal(10,2) NOT NULL,
  PRIMARY KEY (`id_tarif`),
  UNIQUE KEY `unique_tarif` (`id_ac`,`id_niv_etd`),
  KEY `id_niv_etd` (`id_niv_etd`)
) ENGINE=InnoDB AUTO_INCREMENT=11 DEFAULT CHARSET=utf8mb4 COLLATE=utf8mb4_0900_ai_ci;

--
-- Déchargement des données de la table `tarif_inscription`
--

INSERT INTO `tarif_inscription` (`id_tarif`, `id_ac`, `id_niv_etd`, `montant_tarif`) VALUES
(1, 1, 1, 150000.00),
(2, 1, 2, 200000.00),
(3, 1, 3, 250000.00),
(4, 1, 4, 300000.00),
(5, 1, 5, 350000.00),
(6, 2, 1, 130000.00),
(7, 2, 2, 180000.00),
(8, 2, 3, 230000.00),
(9, 2, 4, 280000.00),
(10, 2, 5, 330000.00);

-- --------------------------------------------------------

--
-- Structure de la table `traitement`
--

DROP TABLE IF EXISTS `traitement`;
CREATE TABLE IF NOT EXISTS `traitement` (
  `id_traitement` int NOT NULL AUTO_INCREMENT,
  `lib_traitement` varchar(180) CHARACTER SET utf8mb4 COLLATE utf8mb4_0900_ai_ci DEFAULT NULL,
  `nom_traitement` varchar(130) CHARACTER SET utf8mb4 COLLATE utf8mb4_0900_ai_ci NOT NULL,
  `classe_icone` varchar(60) CHARACTER SET utf8mb4 COLLATE utf8mb4_0900_ai_ci NOT NULL,
  `titre_header` varchar(255) DEFAULT NULL,
  `sous_titre_header` varchar(255) DEFAULT NULL,
  `image_header` varchar(255) DEFAULT '../assets/images/logo_mi_sbg.png',
  PRIMARY KEY (`id_traitement`)
) ENGINE=MyISAM AUTO_INCREMENT=26 DEFAULT CHARSET=utf8mb4 COLLATE=utf8mb4_0900_ai_ci;

--
-- Déchargement des données de la table `traitement`
--

INSERT INTO `traitement` (`id_traitement`, `lib_traitement`, `nom_traitement`, `classe_icone`, `titre_header`, `sous_titre_header`, `image_header`) VALUES
(1, 'dashboard', 'Tableau de bord', 'fas fa-home', 'Tableau de bord', 'Aperçu global ', '../assets/images/logo_mi_sbg.png'),
(3, 'evaluations_etudiants', 'Évaluations des étudiants', 'fas fa-pen-to-square', 'Évaluations des étudiants', 'Saisissez et consultez les évaluations', '../assets/images/logo_mi_sbg.png'),
(4, 'analyses', 'Analyse des rapports étudiants', 'fa-solid fa-magnifying-glass-chart', 'Analyse des rapports', 'Analysez les rapports et mémoires des étudiants', '../assets/images/logo_mi_sbg.png'),
(5, 'validations', 'Processus de validation', 'fas fa-check-circle', 'Validation des dossiers', 'Validez les différentes étapes administratives', '../assets/images/logo_mi_sbg.png'),
(6, 'consultations', 'Consultation des documents étudiants', 'fa-solid fa-file-lines', 'Consultation des documents', 'Accédez aux documents des étudiants', '../assets/images/logo_mi_sbg.png'),
(7, 'archivage_documents', 'Archivages des documents', 'fas fa-folder', 'Archivage des documents', 'Archivez ou consultez les documents étudiants', '../assets/images/logo_mi_sbg.png'),
(8, 'archives', 'Mes archives', 'fas fa-archive', 'Mes archives', 'Consultez vos documents archivés', '../assets/images/logo_mi_sbg.png'),
(9, 'reunions', 'Planification des réunions', 'fas fa-calendar-check', 'Réunions', 'Planifiez ou visualisez les réunions', '../assets/images/logo_mi_sbg.png'),
(10, 'messages', 'Messagerie', 'fa-solid fa-inbox', 'Messagerie', 'Envoyez et recevez des messages internes', '../assets/images/logo_mi_sbg.png'),
(11, 'piste_audit', 'Piste d\'audit', 'fas fa-book-open-reader', 'Piste d’audit', 'Suivi des actions utilisateurs sur la plateforme', '../assets/images/logo_mi_sbg.png'),
(12, 'parameters', 'Paramètres', 'fas fa-cog', 'Paramètres', 'Réglez les options générales du système', '../assets/images/logo_mi_sbg.png'),
(13, 'parametres_generaux', 'Paramètres généraux', 'fas fa-gears', 'Paramètres généraux', 'Configuration globale de la plateforme', '../assets/images/logo_mi_sbg.png'),
(14, 'etudiants', 'Étudiants', 'fa-solid fa-users', 'Gestion des étudiants', 'Liste et informations des étudiants', '../assets/images/logo_mi_sbg.png'),
(15, 'inscriptions_etudiants', 'Inscriptions étudiants', 'fas fa-id-card', 'Inscriptions', 'Gérez les inscriptions des étudiants', '../assets/images/logo_mi_sbg.png'),
(16, 'suivis_des_decisions', 'Suivis des décisions', 'fas fa-list-check', 'Suivi des décisions', 'Visualisez l’évolution des décisions prises', '../assets/images/logo_mi_sbg.png'),
(17, 'comptes_rendus', 'Consultations des comptes rendus', 'fas fa-file-alt', 'Comptes Rendus', 'Consultez les comptes rendus des commissions', '../assets/images/logo_mi_sbg.png'),
(18, 'soutenances', 'Candidature à la soutenance', 'fa fa-graduation-cap', 'Candidature à la soutenance', 'Soumettez votre candidature en quelques clics', '../assets/images/logo_mi_sbg.png'),
(19, 'rapports', 'Gestion du rapport/mémoire', 'fa fa-file-alt', 'Rapports et mémoires', 'Gérez les documents de soutenance', '../assets/images/logo_mi_sbg.png'),
(20, 'reclamations_etudiants', 'Réclamations étudiants', 'fas fa-bullhorn', 'Réclamations des étudiants', 'Soumettez ou traitez les réclamations', '../assets/images/logo_mi_sbg.png'),
(21, 'profils', 'Profils et informations', 'fa-solid fa-circle-info', 'Profil utilisateur', 'Consultez et modifiez vos informations', '../assets/images/logo_mi_sbg.png'),
(22, 'sauvegardes_et_restaurations', 'Sauvegardes et restauration des données', 'fas fa-cloud-upload-alt', 'Sauvegardes', 'Sauvegardez ou restaurez vos données', '../assets/images/logo_mi_sbg.png'),
(2, 'ressources_humaines', 'Gestion des ressources humaines', 'fa-solid fa-user-tie', 'Gestion des ressources humaines', 'Gérez le personnel enseignant et administratif', '../assets/images/logo_mi_sbg.png'),
(23, 'demandes_soutenances', 'Traitement des demandes de soutenance', 'fas fa-file-alt', 'Demandes de soutenance', 'Traitez les demandes soumises par les étudiants', '../assets/images/logo_mi_sbg.png'),
(24, 'boites_messages', 'Boites de messages', 'fa-solid fa-inbox', 'Boîte de messagerie', 'Accédez à vos messages et notifications', '../assets/images/logo_mi_sbg.png'),
(25, 'reclamations', 'Gestion des réclamations', 'fas fa-bullhorn', 'Réclamations', 'Gérez toutes les réclamations reçues', '../assets/images/logo_mi_sbg.png');

-- --------------------------------------------------------

--
-- Structure de la table `type_a_groupe`
--

DROP TABLE IF EXISTS `type_a_groupe`;
CREATE TABLE IF NOT EXISTS `type_a_groupe` (
  `id_tu` int NOT NULL,
  `id_gu` int NOT NULL,
  PRIMARY KEY (`id_tu`,`id_gu`),
  KEY `id_gu` (`id_gu`)
) ENGINE=MyISAM DEFAULT CHARSET=utf8mb4 COLLATE=utf8mb4_0900_ai_ci;

--
-- Déchargement des données de la table `type_a_groupe`
--

INSERT INTO `type_a_groupe` (`id_tu`, `id_gu`) VALUES
(1, 1),
(2, 5),
(2, 9),
(3, 6),
(3, 7),
(3, 8),
(3, 9),
(4, 2),
(4, 3),
(4, 4);

-- --------------------------------------------------------

--
-- Structure de la table `type_utilisateur`
--

DROP TABLE IF EXISTS `type_utilisateur`;
CREATE TABLE IF NOT EXISTS `type_utilisateur` (
  `id_tu` int NOT NULL,
  `lib_tu` varchar(100) DEFAULT NULL,
  PRIMARY KEY (`id_tu`)
) ENGINE=InnoDB DEFAULT CHARSET=utf8mb4 COLLATE=utf8mb4_0900_ai_ci;

--
-- Déchargement des données de la table `type_utilisateur`
--

INSERT INTO `type_utilisateur` (`id_tu`, `lib_tu`) VALUES
(1, 'Étudiant'),
(2, 'Enseignant simple'),
(3, 'Enseignant administratif'),
(4, 'Personnel administratif');

-- --------------------------------------------------------

--
-- Structure de la table `ue`
--

DROP TABLE IF EXISTS `ue`;
CREATE TABLE IF NOT EXISTS `ue` (
  `id_ue` int NOT NULL,
  `lib_ue` varchar(100) DEFAULT NULL,
  `credit_ue` int DEFAULT NULL,
  `volume_horaire` int NOT NULL,
  `id_niv_etd` int NOT NULL,
  `id_semestre` int NOT NULL,
  `id_annee_academique` int NOT NULL,
  `id_ens` int DEFAULT NULL,
  PRIMARY KEY (`id_ue`),
  KEY `fk_niv_etd` (`id_niv_etd`),
  KEY `fk_id_semestre` (`id_semestre`),
  KEY `fk_id_ac` (`id_annee_academique`),
  KEY `fk_ens_ue` (`id_ens`)
) ENGINE=MyISAM DEFAULT CHARSET=utf8mb4 COLLATE=utf8mb4_0900_ai_ci;

--
-- Déchargement des données de la table `ue`
--

INSERT INTO `ue` (`id_ue`, `lib_ue`, `credit_ue`, `volume_horaire`, `id_niv_etd`, `id_semestre`, `id_annee_academique`, `id_ens`) VALUES
(3501, 'Analyse et conception à objet', 6, 60, 3, 5, 2524, 0),
(2901, 'Gestion financière', 3, 30, 5, 9, 0, 0),
(2902, 'Management de projet et intégration d\'application', 6, 60, 5, 9, 0, 0),
(2903, 'Audit informatique', 3, 30, 5, 9, 0, 0),
(2904, 'Entrepreunariat', 2, 20, 5, 9, 0, 0),
(2905, 'Multimedia mobile', 3, 30, 5, 9, 0, 0),
(2906, 'Ingenierie des exigences et veille technologique', 3, 30, 5, 9, 0, 0),
(2907, 'Mathématiques financières', 3, 30, 5, 9, 0, 0),
(2908, 'Anglais', 2, 20, 5, 9, 0, 0),
(1101, 'Initiation à l\'informatique', 4, 40, 1, 1, 0, 22),
(1103, 'Outils bureautiques 1', 2, 20, 1, 1, 0, 23),
(1104, 'Mathématiques 1', 5, 50, 1, 1, 0, 0),
(1105, 'Mathématiques 2', 5, 50, 1, 1, 0, 0),
(1106, 'Organisation des entreprises', 3, 30, 1, 1, 0, 0),
(1107, 'Économie', 5, 50, 1, 1, 0, 0),
(1108, 'Électronique numérique', 3, 30, 1, 1, 0, 0),
(1201, 'Mathématiques 3', 6, 60, 1, 2, 0, 0),
(1202, 'Probabilités et Statistique 1', 4, 40, 1, 2, 0, 0),
(1203, 'Outils bureautiques 2', 2, 20, 1, 2, 0, 0),
(1204, 'Algorithmique et Programmation', 5, 50, 1, 2, 0, 0),
(1205, 'Atelier de maintenance', 1, 10, 1, 2, 0, 0),
(1206, 'Technique d\'expression et méthodologie de travail', 2, 20, 1, 2, 0, 0),
(1207, 'Intelligence économique', 2, 20, 1, 2, 0, 0),
(1208, 'Gestion des Ressources Humaines', 2, 20, 1, 2, 0, 0),
(1209, 'Logiciel de traitement d\'images ou de montage vidéo', 2, 20, 1, 2, 0, 0),
(1210, 'Anglais', 3, 30, 1, 2, 0, 0),
(2301, 'Programmation orientée objet', 6, 60, 2, 3, 0, 0),
(2302, 'Outils formels pour l\'informatique', 2, 20, 2, 3, 0, 0),
(2303, 'Probabilités et Statistique 2', 4, 40, 2, 3, 0, 0),
(2304, 'Analyse de données', 3, 30, 2, 3, 0, 0),
(2305, 'Comptabilité générale', 6, 60, 2, 3, 0, 0),
(2306, 'Anglais', 3, 30, 2, 3, 0, 0),
(2401, 'Mathématiques 5', 2, 20, 2, 4, 0, 0),
(2402, 'Données semi-structurées et base de données', 6, 60, 2, 4, 0, NULL),
(2403, 'Programmation web', 3, 30, 2, 4, 0, 22),
(2404, 'Génie logiciel', 6, 60, 2, 4, 0, 0),
(2405, 'Programmation sous windows', 4, 40, 2, 4, 0, 0),
(2406, 'Contrôle budgétaire', 3, 30, 2, 4, 0, 0),
(2407, 'Initiation Python', 2, 20, 2, 4, 0, 0),
(2408, 'Projet', 2, 20, 2, 4, 0, 0),
(3502, 'Systèmes informatiques', 6, 60, 3, 5, 0, 0),
(3503, 'Base de modélisation par objets (UML)', 3, 30, 3, 5, 0, 0),
(3504, 'Programmation', 5, 50, 3, 5, 0, 0),
(3505, 'Base de données avancées', 3, 30, 3, 5, 0, 0),
(3506, 'Programmation de client web', 3, 30, 3, 5, 0, 0),
(3507, 'Algorithmique des graphes', 3, 30, 3, 5, 0, 0),
(3508, 'Comptabilité de gestion', 4, 40, 3, 5, 0, 0),
(3601, 'Files d\'attente et gestion de stock', 3, 30, 3, 6, 0, 0),
(3602, 'Analyse de données', 3, 30, 3, 6, 0, 0),
(3603, 'Programmation d\'application', 3, 30, 3, 6, 0, 0),
(3604, 'Réseaux informatiques', 5, 50, 3, 6, 0, 0),
(3605, 'Théorie des langages', 3, 30, 3, 6, 0, 0),
(3606, 'Gestion financière', 3, 30, 3, 6, 0, 0),
(3607, 'Anglais', 3, 30, 3, 6, 0, 0),
(3608, 'Projet', 30, 4, 3, 6, 0, 0),
(3609, 'Environnement juridique', 3, 30, 3, 6, 0, 0),
(1701, 'Modélisation système d\'information', 5, 50, 4, 7, 0, 0),
(1702, 'Compléments de mathématiques', 4, 40, 4, 7, 0, 0),
(1703, 'Intelligence artificielle', 2, 20, 4, 7, 0, 0),
(1704, 'Base de données avancées', 4, 40, 4, 7, 0, 0),
(1705, 'Programmation avancée Java', 4, 40, 4, 7, 0, 2),
(1706, 'Progiciel de comptabilité (SAGE)', 2, 20, 4, 7, 0, 0),
(1707, 'Management des entreprises', 3, 30, 4, 7, 0, 0),
(1708, 'Concurrence et coopération dans les systèmes et les réseaux ', 4, 40, 4, 7, 0, 0),
(1709, 'Internet/Intranet', 2, 20, 4, 7, 0, 0),
(1801, 'Base de données décisionnelles', 3, 30, 4, 8, 0, 0),
(1802, 'Programmation impérative et developpement d\'IHM', 4, 40, 4, 8, 0, 0),
(1803, 'Systèmes d\'information repartis', 5, 50, 4, 8, 0, 0),
(1804, 'Contrôle de gestion', 3, 30, 4, 8, 0, 0),
(1805, 'Comptabilité analytique', 4, 40, 4, 8, 0, 0),
(1806, 'Marketing', 3, 30, 4, 8, 0, 0),
(1807, 'Projet de developpement logiciel', 5, 50, 4, 8, 0, 3),
(1808, 'Anglais', 3, 30, 4, 8, 0, 0),
(2307, 'Mathématiques 4', 6, 60, 2, 3, 0, 0),
(1211, 'Initiation au langage R', 1, 10, 1, 2, 0, 0),
(2409, 'Données semi-structurées ', 2, 20, 2, 4, 0, NULL);

-- --------------------------------------------------------

--
-- Structure de la table `utilisateur`
--

DROP TABLE IF EXISTS `utilisateur`;
CREATE TABLE IF NOT EXISTS `utilisateur` (
  `id_utilisateur` int NOT NULL AUTO_INCREMENT,
  `login_utilisateur` varchar(50) DEFAULT NULL,
  `mdp_utilisateur` varchar(100) DEFAULT NULL,
  `statut_utilisateur` enum('Actif','Inactif') CHARACTER SET utf8mb4 COLLATE utf8mb4_0900_ai_ci NOT NULL DEFAULT 'Inactif',
  `id_niveau_acces` int DEFAULT NULL,
  PRIMARY KEY (`id_utilisateur`),
  KEY `fk_niveau_acces` (`id_niveau_acces`)
) ENGINE=InnoDB AUTO_INCREMENT=1706 DEFAULT CHARSET=utf8mb4 COLLATE=utf8mb4_0900_ai_ci;

--
-- Déchargement des données de la table `utilisateur`
--

INSERT INTO `utilisateur` (`id_utilisateur`, `login_utilisateur`, `mdp_utilisateur`, `statut_utilisateur`, `id_niveau_acces`) VALUES
(1, 'kouaB@univ.edu', 'e92f96f743c7bfbe187d586f17191e03ebb0fdde59771ca4dfbf7ab6aa7ca26d', 'Actif', NULL),
(2, 'brouP@univ.edu', '4854286bb514f68044481d57dba9a2e566b79b4b6317f68c2e97b55197242800', 'Actif', NULL),
(3, 'wahM@univ.edu', 'd1ca26082383037ae8cd65eb6f56fbdd1dcb6c8b48e47bc937d2e26047c0c5ab', 'Actif', NULL),
(4, 'diarraM@univ.edu', '83a4c6a74878358f75790333520b3f5463fb82e7d2e8e078a7bccac7c028493a', 'Actif', NULL),
(5, 'codjiaA@univ.edu', '8610662eb326ba1125029b5fc34d50d1f0f6cf737ffe7edbed7ce003f8e43bf8', 'Actif', NULL),
(6, 'idaB@univ.edu', 'acec2454b5dcc5d741b13d5e703f252306663f107ba6e8ec3ceba3fa2d48e6b4', 'Actif', NULL),
(7, 'kouakouM@univ.edu', '44abaac58f10d40e2c71635ff22b2b9d0f022705194bc6f15ea1ffa3f5a95b87', 'Actif', NULL),
(8, 'kouakouF@univ.edu', '95d0c9dbe9524157bb22eded258711ff6e2a27c835a8717b263d9809a9ba2ed4', 'Actif', NULL),
(9, 'baillyB@univ.edu', 'd63539ffceb1864f36ac2104f8b92b9cb878c52eefd2f7019bdee0e0e9e70f41', 'Actif', NULL),
(10, 'bakayokoI@univ.edu', '3409e586c8fc3b086f9432a784058123b77b65b5579bcc3f7f217fd5756734e5', 'Actif', NULL),
(11, 'seriMC@univ.edu', 'df8f597da9c13895791d3fdb81cb9112877b12ec7b26c9752126bc34f182c38f', 'Actif', NULL),
(12, 'yah@univ.edu', '1df83c4230a9a05ef403b6e82866282b3236e4409ac95892a6e9f9a2f4bf09b1', 'Actif', NULL),
(13, 'durandK@univ.edu', '4ec476c2d7b6bd0f316afbb2c0cdae3f8a816da2b15e7a2477d1155b0d4dde05', 'Actif', NULL),
(14, 'axelangegomez@gmail.com', '37e8d160c2c1247cbb7cbb879080807a21743a4e0a68721ea6c7e624bf95b4ea', 'Actif', NULL),
(15, 'francky@etu.univ.edu', 'adb029bcca098ad49fb407588213f334f63ba6447fcb3890b6ff4b865c9904ee', 'Actif', NULL),
(16, 'yvesA@etu.univ.edu', 'f65ff48872eaae1ebbe688036fe211cfac21bee110f01612f6dee77f19514717', 'Actif', NULL),
(17, 'yaoAy@etu.univ.edu', '343c8c1d3b9f5870aa26454463e3aa7c45c946632610c2ad665edb2bcc6755ac', 'Actif', NULL),
(19, 'yoliM@gmail.com', 'dc0be3be36050495fa1254b9e1ae017dec32db257d0ea1f9db3133d588bf57e2', 'Actif', NULL),
(20, 'saraE@univ.ci', NULL, 'Actif', NULL),
(21, 'kouaR@gmail.com', NULL, 'Inactif', NULL),
(22, 'konateN@univ.edu', 'ad09f5013f1b23b87864c833317138c80140c9913ec890d1af4d59c70b3a4d34', 'Actif', NULL),
(33, 'axelangegomez@gmail.com', '$2y$10$v3fhpiygdZlXwak2jiCVauhLO7Fw6N5Ljm8V606BGwK2qnEb2C/pC', 'Actif', NULL),
(35, 'noemietra27@gmail.com', '50b1c44e6c63c6053d8a88b11f68855682e6807c3401b7e7afd71c3d2cb5cba3', 'Actif', NULL),
(36, 'franckrouma2@gmail.com', '7f3b3907ca0308ac51783535663e7bc839eb8aff74647f6c5ad92097cbaf6790', 'Actif', NULL),
(38, 'axelangegomez2004@gmail.com', '9189114e71d3ea8d7b81ebc66dc0775ba9f676286cabb25235e762463167c39f', 'Actif', NULL),
(39, 'cissedric@gmail.com', NULL, 'Inactif', NULL),
(40, 'komeRa@gmal.com', NULL, 'Inactif', NULL),
(987, 'dramane.fanhyogo.ouattara@checkM.edu.ci', NULL, 'Inactif', NULL),
(988, 'gbassoloko.chris-isaïe.ouattara@checkM.edu.ci', NULL, 'Inactif', NULL),
(989, 'nnan.aïcha.jocelyne.traoré@checkM.edu.ci', NULL, 'Inactif', NULL),
(990, 'gnahoua.marc-michel.balié@checkM.edu.ci', NULL, 'Inactif', NULL),
(991, 'kousso.claverie.de.camille.koffi@checkM.edu.ci', NULL, 'Inactif', NULL),
(992, 'aristide.arnaud.mondah@checkM.edu.ci', NULL, 'Inactif', NULL),
(993, 'chippaux.pierrette.naomie.ncho@checkM.edu.ci', NULL, 'Inactif', NULL),
(994, 'kadjo.léon.nguessan@checkM.edu.ci', NULL, 'Inactif', NULL),
(995, 'fatime.traoré@checkM.edu.ci', NULL, 'Inactif', NULL),
(996, 'koffi.akpagnon@checkM.edu.ci', NULL, 'Inactif', NULL),
(997, 'kouakou.yann-axel.amand@checkM.edu.ci', NULL, 'Inactif', NULL),
(998, 'kra.affoue.larissa.estelle.atokoli@checkM.edu.ci', NULL, 'Inactif', NULL),
(999, 'koffi.marius.badolo@checkM.edu.ci', NULL, 'Inactif', NULL),
(1000, 'myriam.coulibaly@checkM.edu.ci', NULL, 'Inactif', NULL),
(1001, 'moussa.diao@checkM.edu.ci', NULL, 'Inactif', NULL),
(1002, 'mamadou.diarrassouba@checkM.edu.ci', NULL, 'Inactif', NULL),
(1003, 'abdoul-rhamane.dosso@checkM.edu.ci', NULL, 'Inactif', NULL),
(1004, 'anliou.badrah.kévin.doumbia@checkM.edu.ci', NULL, 'Inactif', NULL),
(1005, 'arriko.désiré.ebenezer.ehinon@checkM.edu.ci', NULL, 'Inactif', NULL),
(1006, 'abdoulaye.guindo@checkM.edu.ci', NULL, 'Inactif', NULL),
(1007, 'ehouman.narcisse.innocent.kacou@checkM.edu.ci', NULL, 'Inactif', NULL),
(1008, 'ntamon.jean.philipe.kimou@checkM.edu.ci', NULL, 'Inactif', NULL),
(1009, 'adjo.ruth.koffi@checkM.edu.ci', NULL, 'Inactif', NULL),
(1010, 'amoin.maéva.kouamé@checkM.edu.ci', NULL, 'Inactif', NULL),
(1011, 'franck-eric.lionel.kouamelan@checkM.edu.ci', NULL, 'Inactif', NULL),
(1012, 'koffi.bernadin.pacome.sayni@checkM.edu.ci', NULL, 'Inactif', NULL),
(1013, 'wilfried.amos.seh@checkM.edu.ci', NULL, 'Inactif', NULL),
(1014, 'doucaci.anselme.yao@checkM.edu.ci', NULL, 'Inactif', NULL),
(1015, 'bobo.thierry.hervé.adou@checkM.edu.ci', NULL, 'Inactif', NULL),
(1016, 'lorraine.victoire.akalé.adou@checkM.edu.ci', NULL, 'Inactif', NULL),
(1017, 'paul-hermann.alao@checkM.edu.ci', NULL, 'Inactif', NULL),
(1018, 'assi.axel.alex.alléchy@checkM.edu.ci', NULL, 'Inactif', NULL),
(1019, 'jean.cédric.attiembono@checkM.edu.ci', NULL, 'Inactif', NULL),
(1020, 'arnaud.maurice.bamba@checkM.edu.ci', NULL, 'Inactif', NULL),
(1021, 'paul.pascal.bidi@checkM.edu.ci', NULL, 'Inactif', NULL),
(1022, 'léandre.nguessan.boua@checkM.edu.ci', NULL, 'Inactif', NULL),
(1023, 'awa.coulibaly@checkM.edu.ci', NULL, 'Inactif', NULL),
(1024, 'loseni.dembélé@checkM.edu.ci', NULL, 'Inactif', NULL),
(1025, 'gniriwa.aminata.diarrassouba@checkM.edu.ci', NULL, 'Inactif', NULL),
(1026, 'mohamed.diarrassouba@checkM.edu.ci', NULL, 'Inactif', NULL),
(1027, 'brice.armand.kouassi.dibi@checkM.edu.ci', NULL, 'Inactif', NULL),
(1028, 'goli.nguessan.yoann.eric.dibi@checkM.edu.ci', NULL, 'Inactif', NULL),
(1029, 'sopi.adonis.maxence.diplo@checkM.edu.ci', NULL, 'Inactif', NULL),
(1030, 'bi.boa.césar.doh@checkM.edu.ci', NULL, 'Inactif', NULL),
(1031, 'kouétho.douassé@checkM.edu.ci', NULL, 'Inactif', NULL),
(1032, 'ama.sémira.claude.hermine.ehounou@checkM.edu.ci', NULL, 'Inactif', NULL),
(1033, 'andréa.aimée.stéphanie.gbamélé@checkM.edu.ci', NULL, 'Inactif', NULL),
(1034, 'ephrem.goly@checkM.edu.ci', NULL, 'Inactif', NULL),
(1035, 'landry.ayodé.houessinon@checkM.edu.ci', NULL, 'Inactif', NULL),
(1036, 'nzué.sandra.koffi@checkM.edu.ci', NULL, 'Inactif', NULL),
(1037, 'yao.akouadja.cyriaque.roxane.kouakou@checkM.edu.ci', NULL, 'Inactif', NULL),
(1038, 'lydie.aimée.mondahan@checkM.edu.ci', NULL, 'Inactif', NULL),
(1039, 'ahou.célestine.nguessan@checkM.edu.ci', NULL, 'Inactif', NULL),
(1040, 'dramane.ouattara@checkM.edu.ci', NULL, 'Inactif', NULL),
(1041, 'zié.alhassane.ouattara@checkM.edu.ci', NULL, 'Inactif', NULL),
(1042, 'abdoul.kader.cédric.seye@checkM.edu.ci', NULL, 'Inactif', NULL),
(1043, 'mohamed.sidibé@checkM.edu.ci', NULL, 'Inactif', NULL),
(1044, 'adjoba.sarah-marguerite.tanoe@checkM.edu.ci', NULL, 'Inactif', NULL),
(1045, 'charles.vanié@checkM.edu.ci', NULL, 'Inactif', NULL),
(1046, 'marie.ange.elvire.yao@checkM.edu.ci', NULL, 'Inactif', NULL),
(1047, 'acho.william.yatté@checkM.edu.ci', NULL, 'Inactif', NULL),
(1048, 'linda.ange.aminata.yesso@checkM.edu.ci', NULL, 'Inactif', NULL),
(1049, 'christian.de.pacques.aka@checkM.edu.ci', NULL, 'Inactif', NULL),
(1050, 'akouba.ange.orlane.alla@checkM.edu.ci', NULL, 'Inactif', NULL),
(1051, 'marc-arnaud.ayénon@checkM.edu.ci', NULL, 'Inactif', NULL),
(1052, 'yannick.ivann.boly@checkM.edu.ci', NULL, 'Inactif', NULL),
(1053, 'kévin.guelade@checkM.edu.ci', NULL, 'Inactif', NULL),
(1054, 'kouadio.lionnel.houndji@checkM.edu.ci', NULL, 'Inactif', NULL),
(1055, 'zoé.rodrigue.kamo@checkM.edu.ci', NULL, 'Inactif', NULL),
(1056, 'diaby.alassane.samuel.kassamba@checkM.edu.ci', NULL, 'Inactif', NULL),
(1057, 'bi.boh.charbel.koet@checkM.edu.ci', NULL, 'Inactif', NULL),
(1058, 'harvey.désiré.konan@checkM.edu.ci', NULL, 'Inactif', NULL),
(1059, 'yao.jean.elisée.konan@checkM.edu.ci', NULL, 'Inactif', NULL),
(1060, 'ouahouele.hermann.désiré.koné@checkM.edu.ci', NULL, 'Inactif', NULL),
(1061, 'stéphane.emmrich.kouadio@checkM.edu.ci', NULL, 'Inactif', NULL),
(1062, 'prince.samuel.kouamé@checkM.edu.ci', NULL, 'Inactif', NULL),
(1063, 'lorraine.ekou.kouassi@checkM.edu.ci', NULL, 'Inactif', NULL),
(1064, 'theya.aoubla.francisca.kouassi@checkM.edu.ci', NULL, 'Inactif', NULL),
(1065, 'marie.milène.cynthia.nanihio@checkM.edu.ci', NULL, 'Inactif', NULL),
(1066, 'georges-erwin.christian.salifou@checkM.edu.ci', NULL, 'Inactif', NULL),
(1067, 'abdoul-aziz.moussa.sanogo@checkM.edu.ci', NULL, 'Inactif', NULL),
(1068, 'aboubakar.soumahoro@checkM.edu.ci', NULL, 'Inactif', NULL),
(1069, 'nganza.jean-noel.romaric.ano@checkM.edu.ci', NULL, 'Inactif', NULL),
(1070, 'myriam.ana.bakayoko@checkM.edu.ci', NULL, 'Inactif', NULL),
(1071, 'chiadon.anita.marlène.boka@checkM.edu.ci', NULL, 'Inactif', NULL),
(1072, 'arthur.fiacre.brou@checkM.edu.ci', NULL, 'Inactif', NULL),
(1073, 'siaka.diarrassouba@checkM.edu.ci', NULL, 'Inactif', NULL),
(1074, 'aniela.carly.djécketh@checkM.edu.ci', NULL, 'Inactif', NULL),
(1075, 'amichia.paul-emmanuel.gnogan@checkM.edu.ci', NULL, 'Inactif', NULL),
(1076, 'jean-louis.kadouno@checkM.edu.ci', NULL, 'Inactif', NULL),
(1077, 'serges.landry.konan@checkM.edu.ci', NULL, 'Inactif', NULL),
(1078, 'ibrahim.zié.koné@checkM.edu.ci', NULL, 'Inactif', NULL),
(1079, 'ayé.boris.kouao@checkM.edu.ci', NULL, 'Inactif', NULL),
(1080, 'oumar.ouattara.kouassi@checkM.edu.ci', NULL, 'Inactif', NULL),
(1081, 'aya.josiane.christelle.lago@checkM.edu.ci', NULL, 'Inactif', NULL),
(1082, 'angui.arnaud.michel.mian@checkM.edu.ci', NULL, 'Inactif', NULL),
(1083, 'zelé.mariam.ouattara@checkM.edu.ci', NULL, 'Inactif', NULL),
(1084, 'diabiga.khader.aziz.soro@checkM.edu.ci', NULL, 'Inactif', NULL),
(1085, 'fougnigué.kanigui.daouda.soro@checkM.edu.ci', NULL, 'Inactif', NULL),
(1086, 'kolo.siaka.soro@checkM.edu.ci', NULL, 'Inactif', NULL),
(1087, 'arémou.malick.aziz.soulé@checkM.edu.ci', NULL, 'Inactif', NULL),
(1088, 'william.benjamin-noel.touré@checkM.edu.ci', NULL, 'Inactif', NULL),
(1089, 'josué.kouakou.jean.pierre.yao@checkM.edu.ci', NULL, 'Inactif', NULL),
(1090, 'marlène.mirsha.hathémann.danielle.yao-saki@checkM.', NULL, 'Inactif', NULL),
(1091, 'kpovlé.emmanuel.junior.amichia@checkM.edu.ci', NULL, 'Inactif', NULL),
(1092, 'dadié.jean.christophe.anoma@checkM.edu.ci', NULL, 'Inactif', NULL),
(1093, 'ange.emmanuel.assi@checkM.edu.ci', NULL, 'Inactif', NULL),
(1094, 'moyé.anicet.atsé@checkM.edu.ci', NULL, 'Inactif', NULL),
(1095, 'djamoin.steve.benjamin.bouédiro@checkM.edu.ci', NULL, 'Inactif', NULL),
(1096, 'nana.cissé@checkM.edu.ci', NULL, 'Inactif', NULL),
(1097, 'gningninri.othniel.samson.coulibaly@checkM.edu.ci', NULL, 'Inactif', NULL),
(1098, 'habdoul.yacine.megbene.diomandé@checkM.edu.ci', NULL, 'Inactif', NULL),
(1099, 'vamonkié.jean.hubert.diomandé@checkM.edu.ci', NULL, 'Inactif', NULL),
(1100, 'ngadi.jean.marc.tokou.kadio@checkM.edu.ci', NULL, 'Inactif', NULL),
(1101, 'samaad.opeyemi.kamarou@checkM.edu.ci', NULL, 'Inactif', NULL),
(1102, 'jean.françois.dassise.kinhon@checkM.edu.ci', NULL, 'Inactif', NULL),
(1103, 'kra.herbert.donatien.koffi@checkM.edu.ci', NULL, 'Inactif', NULL),
(1104, 'william.chrisostome.koffi@checkM.edu.ci', NULL, 'Inactif', NULL),
(1105, 'messou.ange.patrick.kouadio@checkM.edu.ci', NULL, 'Inactif', NULL),
(1106, 'boni.ezechiel.kouamé@checkM.edu.ci', NULL, 'Inactif', NULL),
(1107, 'kouassi.oscar.kouamé@checkM.edu.ci', NULL, 'Inactif', NULL),
(1108, 'kassi.jean-chris.emmanuel.malan@checkM.edu.ci', NULL, 'Inactif', NULL),
(1109, 'adjoua.fleur-esther.nguessan@checkM.edu.ci', NULL, 'Inactif', NULL),
(1110, 'técléky.akrou.vidal.nguessan@checkM.edu.ci', NULL, 'Inactif', NULL),
(1111, 'wanna.elyan.patrick.dido.nomahou@checkM.edu.ci', NULL, 'Inactif', NULL),
(1112, 'assamoi.kofi.hugues.aimé.oholli@checkM.edu.ci', NULL, 'Inactif', NULL),
(1113, 'chêrê.myriam.marie-eva.jacqueline.ouattara@checkM.', NULL, 'Inactif', NULL),
(1114, 'assoko.paul.e..oyou@checkM.edu.ci', NULL, 'Inactif', NULL),
(1115, 'ezekias.mike.prince.siméda@checkM.edu.ci', NULL, 'Inactif', NULL),
(1116, 'marc-arthur.gbadié.sohou@checkM.edu.ci', NULL, 'Inactif', NULL),
(1117, 'kouadio.barthelemy.junior.tano@checkM.edu.ci', NULL, 'Inactif', NULL),
(1118, 'ndéa.demaurelle.tia@checkM.edu.ci', NULL, 'Inactif', NULL),
(1119, 'sounkaro.klinnan.ariel.touré@checkM.edu.ci', NULL, 'Inactif', NULL),
(1120, 'japhet.arnold.traby@checkM.edu.ci', NULL, 'Inactif', NULL),
(1121, 'emmanuel.mardochée.onan.yao@checkM.edu.ci', NULL, 'Inactif', NULL),
(1122, 'jean.stephane.ruben.assy.yapo@checkM.edu.ci', NULL, 'Inactif', NULL),
(1123, 'kouamé.flavien.assémien@checkM.edu.ci', NULL, 'Inactif', NULL),
(1124, 'ismaël.coulibaly@checkM.edu.ci', NULL, 'Inactif', NULL),
(1125, 'tiékoura.hervé.coulibaly@checkM.edu.ci', NULL, 'Inactif', NULL),
(1126, 'dely.ange.diomandé@checkM.edu.ci', NULL, 'Inactif', NULL),
(1127, 'ange.junior.famié@checkM.edu.ci', NULL, 'Inactif', NULL),
(1128, 'ange.marlène.gohi@checkM.edu.ci', NULL, 'Inactif', NULL),
(1129, 'emmanuel.kaboré@checkM.edu.ci', NULL, 'Inactif', NULL),
(1130, 'cyl.bethsaléel.koffi@checkM.edu.ci', NULL, 'Inactif', NULL),
(1131, 'prunelle.lodioro@checkM.edu.ci', NULL, 'Inactif', NULL),
(1132, 'aurore.nguessan@checkM.edu.ci', NULL, 'Inactif', NULL),
(1133, 'kimberly.sahoré@checkM.edu.ci', NULL, 'Inactif', NULL),
(1134, 'ibrahim.soro@checkM.edu.ci', NULL, 'Inactif', NULL),
(1135, 'katinan.touré@checkM.edu.ci', NULL, 'Inactif', NULL),
(1136, 'kan.maurice.yao@checkM.edu.ci', NULL, 'Inactif', NULL),
(1137, 'koffi.uriel.alagbo@checkM.edu.ci', NULL, 'Inactif', NULL),
(1138, 'koutianga.malick.coulibaly@checkM.edu.ci', NULL, 'Inactif', NULL),
(1139, 'sanga.narcisse.coulibaly@checkM.edu.ci', NULL, 'Inactif', NULL),
(1140, 'hadidja.diaby@checkM.edu.ci', NULL, 'Inactif', NULL),
(1141, 'marie-joseph.armel.douampo@checkM.edu.ci', NULL, 'Inactif', NULL),
(1142, 'sekou.gbé@checkM.edu.ci', NULL, 'Inactif', NULL),
(1143, 'yann.mendel.konan@checkM.edu.ci', NULL, 'Inactif', NULL),
(1144, 'kouakou.desiré.kouadio@checkM.edu.ci', NULL, 'Inactif', NULL),
(1145, 'yao-elysé.vedrine.kouadio@checkM.edu.ci', NULL, 'Inactif', NULL),
(1146, 'henri.joel.kouakou@checkM.edu.ci', NULL, 'Inactif', NULL),
(1147, 'jean.emmanuel.kouassi@checkM.edu.ci', NULL, 'Inactif', NULL),
(1148, 'bi.licalo.samy@checkM.edu.ci', NULL, 'Inactif', NULL),
(1149, 'amy.traoré@checkM.edu.ci', NULL, 'Inactif', NULL),
(1150, 'kouamé.elie-noel.yao@checkM.edu.ci', NULL, 'Inactif', NULL),
(1151, 'kouamé.wa.ambroise.brou@checkM.edu.ci', NULL, 'Inactif', NULL),
(1152, 'pécory.ismaèl.coulibaly@checkM.edu.ci', NULL, 'Inactif', NULL),
(1153, 'gondo.patrick.diomandé@checkM.edu.ci', NULL, 'Inactif', NULL),
(1154, 'georges.ekponou@checkM.edu.ci', NULL, 'Inactif', NULL),
(1155, 'arthur.berenger.gnaman@checkM.edu.ci', NULL, 'Inactif', NULL),
(1156, 'arnaud.kévin.boris.guiégui@checkM.edu.ci', NULL, 'Inactif', NULL),
(1157, 'allou.yves-roland.kacou@checkM.edu.ci', NULL, 'Inactif', NULL),
(1158, 'paule.elodie.kadio@checkM.edu.ci', NULL, 'Inactif', NULL),
(1159, 'ninsémon.hervé.kéi@checkM.edu.ci', NULL, 'Inactif', NULL),
(1160, 'habia.elvire.kinimo@checkM.edu.ci', NULL, 'Inactif', NULL),
(1161, 'donald.kouadio@checkM.edu.ci', NULL, 'Inactif', NULL),
(1162, 'sékédoua.jules.kouadio@checkM.edu.ci', NULL, 'Inactif', NULL),
(1163, 'katty.tatiana.mambo@checkM.edu.ci', NULL, 'Inactif', NULL),
(1164, 'kalenga.mukenge@checkM.edu.ci', NULL, 'Inactif', NULL),
(1165, 'constant.nguessan@checkM.edu.ci', NULL, 'Inactif', NULL),
(1166, 'casimir.niamien@checkM.edu.ci', NULL, 'Inactif', NULL),
(1167, 'séblé.lucien.oula@checkM.edu.ci', NULL, 'Inactif', NULL),
(1168, 'boga.eric.sagnon@checkM.edu.ci', NULL, 'Inactif', NULL),
(1169, 'solange.tiémélé@checkM.edu.ci', NULL, 'Inactif', NULL),
(1170, 'hermann.berenger.yao@checkM.edu.ci', NULL, 'Inactif', NULL),
(1171, 'michaelle.sylvie.yao@checkM.edu.ci', NULL, 'Inactif', NULL),
(1172, 'emmanuella.zakpa@checkM.edu.ci', NULL, 'Inactif', NULL),
(1173, 'jean.michel.agounkpeto@checkM.edu.ci', NULL, 'Inactif', NULL),
(1174, 'ange.kévin.aka@checkM.edu.ci', NULL, 'Inactif', NULL),
(1175, 'prince.aka@checkM.edu.ci', NULL, 'Inactif', NULL),
(1176, 'gnagne.david.martial.akpa@checkM.edu.ci', NULL, 'Inactif', NULL),
(1177, 'kobi.hugues.didier.barthe@checkM.edu.ci', NULL, 'Inactif', NULL),
(1178, 'claude.djehéré@checkM.edu.ci', NULL, 'Inactif', NULL),
(1179, 'mékapeu.solange.doumun@checkM.edu.ci', NULL, 'Inactif', NULL),
(1180, 'nguessan.etienne.hugues.gogori@checkM.edu.ci', NULL, 'Inactif', NULL),
(1181, 'zékou.mathurin.gouzou@checkM.edu.ci', NULL, 'Inactif', NULL),
(1182, 'akimba.carolle.kacou@checkM.edu.ci', NULL, 'Inactif', NULL),
(1183, 'bi.tiessé.franck.koffi@checkM.edu.ci', NULL, 'Inactif', NULL),
(1184, 'petiéninpou.salifou.koné@checkM.edu.ci', NULL, 'Inactif', NULL),
(1185, 'ano.jean.kouadé@checkM.edu.ci', NULL, 'Inactif', NULL),
(1186, 'assi.donald.landry.kouadio@checkM.edu.ci', NULL, 'Inactif', NULL),
(1187, 'marie.paule.kouamé@checkM.edu.ci', NULL, 'Inactif', NULL),
(1188, 'tanguy.ossey@checkM.edu.ci', NULL, 'Inactif', NULL),
(1189, 'badiénry.fabrice.touré@checkM.edu.ci', NULL, 'Inactif', NULL),
(1190, 'adou.vincent.yéré@checkM.edu.ci', NULL, 'Inactif', NULL),
(1191, 'nanpé.olivier.aby@checkM.edu.ci', NULL, 'Inactif', NULL),
(1192, 'prisca.aliman@checkM.edu.ci', NULL, 'Inactif', NULL),
(1193, 'soumaila.bakayoko@checkM.edu.ci', NULL, 'Inactif', NULL),
(1194, 'issa.berthé@checkM.edu.ci', NULL, 'Inactif', NULL),
(1195, 'armand.dacoury@checkM.edu.ci', NULL, 'Inactif', NULL),
(1196, 'marlène.diallo@checkM.edu.ci', NULL, 'Inactif', NULL),
(1197, 'falome.flora.dossou@checkM.edu.ci', NULL, 'Inactif', NULL),
(1198, 'lazeni.fofana@checkM.edu.ci', NULL, 'Inactif', NULL),
(1199, 'amadou.fongbé@checkM.edu.ci', NULL, 'Inactif', NULL),
(1200, 'badjo.carine.gnamien@checkM.edu.ci', NULL, 'Inactif', NULL),
(1201, 'bi.florent.kalou@checkM.edu.ci', NULL, 'Inactif', NULL),
(1202, 'kader.kané@checkM.edu.ci', NULL, 'Inactif', NULL),
(1203, 'hermann.michel.konan@checkM.edu.ci', NULL, 'Inactif', NULL),
(1204, 'djébilou.koné@checkM.edu.ci', NULL, 'Inactif', NULL),
(1205, 'moussa.koné@checkM.edu.ci', NULL, 'Inactif', NULL),
(1206, 'bangali.kouyaté@checkM.edu.ci', NULL, 'Inactif', NULL),
(1207, 'pierre.andré.latte@checkM.edu.ci', NULL, 'Inactif', NULL),
(1208, 'jean.marie.méango@checkM.edu.ci', NULL, 'Inactif', NULL),
(1209, 'koffi.jules.césare.mian@checkM.edu.ci', NULL, 'Inactif', NULL),
(1210, 'chimène.monsan@checkM.edu.ci', NULL, 'Inactif', NULL),
(1211, 'moubarak.mouhamed@checkM.edu.ci', NULL, 'Inactif', NULL),
(1212, 'yao.dénis.ngoran@checkM.edu.ci', NULL, 'Inactif', NULL),
(1213, 'jacques.nguessan@checkM.edu.ci', NULL, 'Inactif', NULL),
(1214, 'sabrina.ossey@checkM.edu.ci', NULL, 'Inactif', NULL),
(1215, 'ecaré.myriam.ouattara@checkM.edu.ci', NULL, 'Inactif', NULL),
(1216, 'yawyha.attinouanfier.j..ouffoué@checkM.edu.ci', NULL, 'Inactif', NULL),
(1217, 'mensah.boris.sassou@checkM.edu.ci', NULL, 'Inactif', NULL),
(1218, 'badra.ali.soumahoro@checkM.edu.ci', NULL, 'Inactif', NULL),
(1219, 'kouassi.pacome.tanoh@checkM.edu.ci', NULL, 'Inactif', NULL),
(1220, 'emmanuel.yaméogo@checkM.edu.ci', NULL, 'Inactif', NULL),
(1221, 'oyéniyi.alexis.laurent.s..akinola@checkM.edu.ci', NULL, 'Inactif', NULL),
(1222, 'jean-françois.attisou@checkM.edu.ci', NULL, 'Inactif', NULL),
(1223, 'ange.rodrigue.badouon@checkM.edu.ci', NULL, 'Inactif', NULL),
(1224, 'nathanael.durand.bédy@checkM.edu.ci', NULL, 'Inactif', NULL),
(1225, 'aka.jean-jacques.ferdinand.blé@checkM.edu.ci', NULL, 'Inactif', NULL),
(1226, 'hippolyte.bodjé@checkM.edu.ci', NULL, 'Inactif', NULL),
(1227, 'nkauh.nathan.regis.bodjé@checkM.edu.ci', NULL, 'Inactif', NULL),
(1228, 'farwaz.bouraïman@checkM.edu.ci', NULL, 'Inactif', NULL),
(1229, 'kouakou.ange.brou@checkM.edu.ci', NULL, 'Inactif', NULL),
(1230, 'souleymane.désiré.cédric.cissé@checkM.edu.ci', NULL, 'Inactif', NULL),
(1231, 'mamadou.diallo@checkM.edu.ci', NULL, 'Inactif', NULL),
(1232, 'blé.robert.martial.dja@checkM.edu.ci', NULL, 'Inactif', NULL),
(1233, 'anicet.landry.g..dobé@checkM.edu.ci', NULL, 'Inactif', NULL),
(1234, 'alain.hyppolyte.doh@checkM.edu.ci', NULL, 'Inactif', NULL),
(1235, 'jocelyne.fanoudh-siefer@checkM.edu.ci', NULL, 'Inactif', NULL),
(1236, 'mawuena.linda.sandrine.fioklou@checkM.edu.ci', NULL, 'Inactif', NULL),
(1237, 'tizié.bi.eric.gami@checkM.edu.ci', NULL, 'Inactif', NULL),
(1238, 'gilles.gohou.gnanagbé@checkM.edu.ci', NULL, 'Inactif', NULL),
(1239, 'vincent.de.paul.gouley@checkM.edu.ci', NULL, 'Inactif', NULL),
(1240, 'kouassi.michel.koffi@checkM.edu.ci', NULL, 'Inactif', NULL),
(1241, 'moussa.koné@checkM.edu.ci', NULL, 'Inactif', NULL),
(1242, 'kouamenan.jean.baptiste.kouamé@checkM.edu.ci', NULL, 'Inactif', NULL),
(1243, 'kobenan.constant.kouman@checkM.edu.ci', NULL, 'Inactif', NULL),
(1244, 'jean-luc.hervé.morel.maïga@checkM.edu.ci', NULL, 'Inactif', NULL),
(1245, 'arnold.ngadjingar@checkM.edu.ci', NULL, 'Inactif', NULL),
(1246, 'medri.suzanne.sandrine.nguessan@checkM.edu.ci', NULL, 'Inactif', NULL),
(1247, 'malan.alain.nindjin@checkM.edu.ci', NULL, 'Inactif', NULL),
(1248, 'gbogboly.romaric.anselme.oussou@checkM.edu.ci', NULL, 'Inactif', NULL),
(1249, 'stéphane.rabet@checkM.edu.ci', NULL, 'Inactif', NULL),
(1250, 'kafalo.david.sékongo@checkM.edu.ci', NULL, 'Inactif', NULL),
(1251, 'kafalo.siméon.sékongo@checkM.edu.ci', NULL, 'Inactif', NULL),
(1252, 'sionta.débora.sékongo@checkM.edu.ci', NULL, 'Inactif', NULL),
(1253, 'nguetta.patrick.yoann.senin@checkM.edu.ci', NULL, 'Inactif', NULL),
(1254, 'arnaud.joël.tanoh-niangoin@checkM.edu.ci', NULL, 'Inactif', NULL),
(1255, 'lazare.tchétché@checkM.edu.ci', NULL, 'Inactif', NULL),
(1256, 'anelvie.tchicaillat@checkM.edu.ci', NULL, 'Inactif', NULL),
(1257, 'amandi.jean-michel.tiémélé@checkM.edu.ci', NULL, 'Inactif', NULL),
(1258, 'kigninlman.françois-michaël.traoré@checkM.edu.ci', NULL, 'Inactif', NULL),
(1259, 'mamadou.ben.traoré@checkM.edu.ci', NULL, 'Inactif', NULL),
(1260, 'emmanuel.yaméogo@checkM.edu.ci', NULL, 'Inactif', NULL),
(1261, 'kouamé.françis.yoboué@checkM.edu.ci', NULL, 'Inactif', NULL),
(1262, 'gbalé.simion.zokou@checkM.edu.ci', NULL, 'Inactif', NULL),
(1263, 'alokré.samuel.eliézer.abroh@checkM.edu.ci', NULL, 'Inactif', NULL),
(1264, 'bako.rouhiya.abudrahman@checkM.edu.ci', NULL, 'Inactif', NULL),
(1265, 'dessi.stéphane.ivan.acho@checkM.edu.ci', NULL, 'Inactif', NULL),
(1266, 'willy.junior.adja@checkM.edu.ci', NULL, 'Inactif', NULL),
(1267, 'manouan.angora.jean-yves.aka@checkM.edu.ci', NULL, 'Inactif', NULL),
(1268, 'niamké.jean-marc.allou@checkM.edu.ci', NULL, 'Inactif', NULL),
(1269, 'yves.landry.assy@checkM.edu.ci', NULL, 'Inactif', NULL),
(1270, 'martin.benjamin.bouah@checkM.edu.ci', NULL, 'Inactif', NULL),
(1271, 'ladji.cissé@checkM.edu.ci', NULL, 'Inactif', NULL),
(1272, 'ouraga.hervé.dagbo@checkM.edu.ci', NULL, 'Inactif', NULL),
(1273, 'chigata.dagnogo@checkM.edu.ci', NULL, 'Inactif', NULL),
(1274, 'ndrin.marie-corine.jordane.degni@checkM.edu.ci', NULL, 'Inactif', NULL),
(1275, 'eric.djeah@checkM.edu.ci', NULL, 'Inactif', NULL),
(1276, 'armel.jean.yves.fagla@checkM.edu.ci', NULL, 'Inactif', NULL),
(1277, 'dano.hugues.florent.gnayoro@checkM.edu.ci', NULL, 'Inactif', NULL),
(1278, 'djédjé.didier.gohourou@checkM.edu.ci', NULL, 'Inactif', NULL),
(1279, 'sosthène.houi@checkM.edu.ci', NULL, 'Inactif', NULL),
(1280, 'ipou.marie-ange.colette.houssou@checkM.edu.ci', NULL, 'Inactif', NULL),
(1281, 'nguessan.jules-césar.kabran@checkM.edu.ci', NULL, 'Inactif', NULL),
(1282, 'nda.geneviève.kacou@checkM.edu.ci', NULL, 'Inactif', NULL),
(1283, 'adama.kanaté@checkM.edu.ci', NULL, 'Inactif', NULL),
(1284, 'attocoly.aristide.christian.konan@checkM.edu.ci', NULL, 'Inactif', NULL),
(1285, 'nikoi.samuel.kotei@checkM.edu.ci', NULL, 'Inactif', NULL),
(1286, 'konin.ngoran.marc.benjamin.koua@checkM.edu.ci', NULL, 'Inactif', NULL),
(1287, 'adjoua.jessica.noelle.kouacou@checkM.edu.ci', NULL, 'Inactif', NULL),
(1288, 'ayoua.alain.blédoumou.kouamé@checkM.edu.ci', NULL, 'Inactif', NULL),
(1289, 'bi.gohoré.stéphane-marcel.kouamé@checkM.edu.ci', NULL, 'Inactif', NULL),
(1290, 'akoissy.amoan.lynda.flore.kouao@checkM.edu.ci', NULL, 'Inactif', NULL),
(1291, 'nioulé.steve.kouodé@checkM.edu.ci', NULL, 'Inactif', NULL),
(1292, 'badjo.caroline.vinciane.loba@checkM.edu.ci', NULL, 'Inactif', NULL),
(1293, 'eba.raïssa.mariko@checkM.edu.ci', NULL, 'Inactif', NULL),
(1294, 'bakala.axel.moukounzi@checkM.edu.ci', NULL, 'Inactif', NULL),
(1295, 'mbaye.ndiaye@checkM.edu.ci', NULL, 'Inactif', NULL),
(1296, 'ehuia.marie-eve.niamké@checkM.edu.ci', NULL, 'Inactif', NULL),
(1297, 'simon.oué@checkM.edu.ci', NULL, 'Inactif', NULL),
(1298, 'kouassi.ronald.akanza@checkM.edu.ci', NULL, 'Inactif', NULL),
(1299, 'antoine.ahoua.ané@checkM.edu.ci', NULL, 'Inactif', NULL),
(1300, 'charles.erwan.brou.ango@checkM.edu.ci', NULL, 'Inactif', NULL),
(1301, 'noelly.anon@checkM.edu.ci', NULL, 'Inactif', NULL),
(1302, 'jean-philipe.boni@checkM.edu.ci', NULL, 'Inactif', NULL),
(1303, 'stéphane.guesso.boua@checkM.edu.ci', NULL, 'Inactif', NULL),
(1304, 'sékoumar.ayaké.coulibaly@checkM.edu.ci', NULL, 'Inactif', NULL),
(1305, 'ismaël.diallo@checkM.edu.ci', NULL, 'Inactif', NULL),
(1306, 'khady.diawara@checkM.edu.ci', NULL, 'Inactif', NULL),
(1307, 'manoko.arthur-ange.djédjé@checkM.edu.ci', NULL, 'Inactif', NULL),
(1308, 'kouamé.yannick.dongo@checkM.edu.ci', NULL, 'Inactif', NULL),
(1309, 'serge.baulais.doou@checkM.edu.ci', NULL, 'Inactif', NULL),
(1310, 'berthe.douampo@checkM.edu.ci', NULL, 'Inactif', NULL),
(1311, 'adoté.fabrice.goeh-akue@checkM.edu.ci', NULL, 'Inactif', NULL),
(1312, 'didier.franck.kanga@checkM.edu.ci', NULL, 'Inactif', NULL),
(1313, 'néné.kanté@checkM.edu.ci', NULL, 'Inactif', NULL),
(1314, 'abdul.pierre.emmanuel.kéïta@checkM.edu.ci', NULL, 'Inactif', NULL),
(1315, 'ange.aristide.kouadio@checkM.edu.ci', NULL, 'Inactif', NULL),
(1316, 'loukou.arnaud.kouadio@checkM.edu.ci', NULL, 'Inactif', NULL),
(1317, 'okou.joel.kouahouri@checkM.edu.ci', NULL, 'Inactif', NULL),
(1318, 'nwoley.kévin.kouamé@checkM.edu.ci', NULL, 'Inactif', NULL),
(1319, 'kamelan.herman.kouassi@checkM.edu.ci', NULL, 'Inactif', NULL),
(1320, 'ogonnin.gédéon.lobé@checkM.edu.ci', NULL, 'Inactif', NULL),
(1321, 'koffi.serges.pacôme.mbra@checkM.edu.ci', NULL, 'Inactif', NULL),
(1322, 'soro.christian.etienne.namongo@checkM.edu.ci', NULL, 'Inactif', NULL),
(1323, 'melanwa.issac.nda-ezoa@checkM.edu.ci', NULL, 'Inactif', NULL),
(1324, 'ahoko.lazare.nguessan@checkM.edu.ci', NULL, 'Inactif', NULL),
(1325, 'yannick.nzazi@checkM.edu.ci', NULL, 'Inactif', NULL),
(1326, 'nambé.adama.ouattara@checkM.edu.ci', NULL, 'Inactif', NULL),
(1327, 'moussa.sawadogo@checkM.edu.ci', NULL, 'Inactif', NULL),
(1328, 'marie.danielle.akini@checkM.edu.ci', NULL, 'Inactif', NULL),
(1329, 'jean.jonathan.arra@checkM.edu.ci', NULL, 'Inactif', NULL),
(1330, 'elvis.donald.attro@checkM.edu.ci', NULL, 'Inactif', NULL),
(1331, 'g..arnaud.bailly@checkM.edu.ci', NULL, 'Inactif', NULL),
(1332, 'hector.emile.coulibaly@checkM.edu.ci', NULL, 'Inactif', NULL),
(1333, 'oumar.passidi.diaw@checkM.edu.ci', NULL, 'Inactif', NULL),
(1334, 'khady.diawara@checkM.edu.ci', NULL, 'Inactif', NULL),
(1335, 'kuoassi.ezékiel.doe@checkM.edu.ci', NULL, 'Inactif', NULL),
(1336, 'rudy.ariel.facondé@checkM.edu.ci', NULL, 'Inactif', NULL),
(1337, 'nvaly.fofana@checkM.edu.ci', NULL, 'Inactif', NULL),
(1338, 'akon.boris.gossan@checkM.edu.ci', NULL, 'Inactif', NULL),
(1339, 'guetta.j.b..carmel.koffi@checkM.edu.ci', NULL, 'Inactif', NULL),
(1340, 'stéphane.placide.koffi@checkM.edu.ci', NULL, 'Inactif', NULL),
(1341, 'stéphane.kpangban.kouadio@checkM.edu.ci', NULL, 'Inactif', NULL),
(1342, 'okou.joel.kouahouri@checkM.edu.ci', NULL, 'Inactif', NULL),
(1343, 'christian.koffi.kouamé@checkM.edu.ci', NULL, 'Inactif', NULL),
(1344, 'kodé.guy.roland.kouamé@checkM.edu.ci', NULL, 'Inactif', NULL),
(1345, 'ndri.yves.kouassi@checkM.edu.ci', NULL, 'Inactif', NULL),
(1346, 'fanta.kourouma@checkM.edu.ci', NULL, 'Inactif', NULL),
(1347, 'jonathan.ivan.lesson.kouyo@checkM.edu.ci', NULL, 'Inactif', NULL),
(1348, 'tecky.huber.nda.nguessan@checkM.edu.ci', NULL, 'Inactif', NULL),
(1349, 'franck.ossein@checkM.edu.ci', NULL, 'Inactif', NULL),
(1350, 'perbin.parfait.ouattara@checkM.edu.ci', NULL, 'Inactif', NULL),
(1351, 'bi.tra.tizié.cyrille.modeste.tra@checkM.edu.ci', NULL, 'Inactif', NULL),
(1352, 'akichi.roche.wilfried.ahouana@checkM.edu.ci', NULL, 'Inactif', NULL),
(1353, 'itchi.maxime.aka@checkM.edu.ci', NULL, 'Inactif', NULL),
(1354, 'molay.jean-marie.amisia@checkM.edu.ci', NULL, 'Inactif', NULL),
(1355, 'kangah.christophe.amoikon@checkM.edu.ci', NULL, 'Inactif', NULL),
(1356, 'christelle.attiembone@checkM.edu.ci', NULL, 'Inactif', NULL),
(1357, 'wahon.marie-claude.esther.beugré@checkM.edu.ci', NULL, 'Inactif', NULL),
(1358, 'idriss.ibrahim.cherif@checkM.edu.ci', NULL, 'Inactif', NULL),
(1359, 'habib.ismael.diarrassouba@checkM.edu.ci', NULL, 'Inactif', NULL),
(1360, 'daoud.ben.ahmed.diawara@checkM.edu.ci', NULL, 'Inactif', NULL),
(1361, 'zédé.delphin.flan@checkM.edu.ci', NULL, 'Inactif', NULL),
(1362, 'gilles-loïc.gbakatchétché@checkM.edu.ci', NULL, 'Inactif', NULL),
(1363, 'jean.jacques.gnangne@checkM.edu.ci', NULL, 'Inactif', NULL),
(1364, 'dakouri.auguste.trésor.koloubla@checkM.edu.ci', NULL, 'Inactif', NULL),
(1365, 'konan.jean.françois.regis.konan@checkM.edu.ci', NULL, 'Inactif', NULL),
(1366, 'enode.de.laure.kouakou@checkM.edu.ci', NULL, 'Inactif', NULL),
(1367, 'kouamé.adjaphin.noël.désiré.kouakou@checkM.edu.ci', NULL, 'Inactif', NULL),
(1368, 'nguetta.marie-laure.cynthia.kouakou@checkM.edu.ci', NULL, 'Inactif', NULL),
(1369, 'laetitia.aimée.tomoly.kouassi@checkM.edu.ci', NULL, 'Inactif', NULL),
(1370, 'abdel-kader.krama@checkM.edu.ci', NULL, 'Inactif', NULL),
(1371, 'bini.kouamé.christian.menzan@checkM.edu.ci', NULL, 'Inactif', NULL),
(1372, 'kalou.bi.dieudonné.nguessan@checkM.edu.ci', NULL, 'Inactif', NULL),
(1373, 'kouakou.fulgence.nguessan@checkM.edu.ci', NULL, 'Inactif', NULL),
(1374, 'adjoua.marie.tanoh@checkM.edu.ci', NULL, 'Inactif', NULL),
(1375, 'kolotioloma.augustin.tuo@checkM.edu.ci', NULL, 'Inactif', NULL),
(1376, 'sandrine.anne-elodie.ya@checkM.edu.ci', NULL, 'Inactif', NULL),
(1377, 'schadrachs.guy-roland.yéyé@checkM.edu.ci', NULL, 'Inactif', NULL),
(1378, 'g..arnaud.bailly@checkM.edu.ci', NULL, 'Inactif', NULL),
(1379, 'kouakou.konan.ange.brou@checkM.edu.ci', NULL, 'Inactif', NULL),
(1380, 'hector.emile.coulibaly@checkM.edu.ci', NULL, 'Inactif', NULL),
(1381, 'nvaly.fofana@checkM.edu.ci', NULL, 'Inactif', NULL),
(1382, 'akon.boris.gossan@checkM.edu.ci', NULL, 'Inactif', NULL),
(1383, 'guetta.j.b..carmel.koffi@checkM.edu.ci', NULL, 'Inactif', NULL),
(1384, 'stéphane.placide.koffi@checkM.edu.ci', NULL, 'Inactif', NULL),
(1385, 'stéphane.kpangban.kouadio@checkM.edu.ci', NULL, 'Inactif', NULL),
(1386, 'kodé.guy.roland.kouaho@checkM.edu.ci', NULL, 'Inactif', NULL),
(1387, 'ndri.yves.kouassi@checkM.edu.ci', NULL, 'Inactif', NULL),
(1388, 'jonathan.ivan.lesson.kouyo@checkM.edu.ci', NULL, 'Inactif', NULL),
(1389, 'franck.ossein@checkM.edu.ci', NULL, 'Inactif', NULL),
(1390, 'perbin.parfait.ouattara@checkM.edu.ci', NULL, 'Inactif', NULL),
(1391, 'bi.tra.tizié.cyrille.modeste.tra@checkM.edu.ci', NULL, 'Inactif', NULL),
(1392, 'samuel.abroh@checkM.edu.ci', NULL, 'Inactif', NULL),
(1393, 'itchi.maxime.aka@checkM.edu.ci', NULL, 'Inactif', NULL),
(1394, 'christelle.attiembone@checkM.edu.ci', NULL, 'Inactif', NULL),
(1395, 'ismael.diallo@checkM.edu.ci', NULL, 'Inactif', NULL),
(1396, 'habib.ismael.diarrassouba@checkM.edu.ci', NULL, 'Inactif', NULL),
(1397, 'oumar.passidi.diaw@checkM.edu.ci', NULL, 'Inactif', NULL),
(1398, 'daoud.ben.ahmed.diawara@checkM.edu.ci', NULL, 'Inactif', NULL),
(1399, 'dakouri.auguste.trésor.koloubla@checkM.edu.ci', NULL, 'Inactif', NULL),
(1400, 'konan.jean.françois.regis.konan@checkM.edu.ci', NULL, 'Inactif', NULL),
(1401, 'kouamé.adjaphin.noël.désiré.kouakou@checkM.edu.ci', NULL, 'Inactif', NULL),
(1402, 'bini.kouamé.christian.menzan@checkM.edu.ci', NULL, 'Inactif', NULL),
(1403, 'kalou.bi.dieudonné.nguessan@checkM.edu.ci', NULL, 'Inactif', NULL),
(1404, 'adjoua.marie.elise.rebecca.tanoh@checkM.edu.ci', NULL, 'Inactif', NULL),
(1405, 'sandrine.anne-elodie.ya@checkM.edu.ci', NULL, 'Inactif', NULL),
(1406, 'schadrachs.guy-roland.yéyé@checkM.edu.ci', NULL, 'Inactif', NULL),
(1407, 'brice.donald.absou@checkM.edu.ci', NULL, 'Inactif', NULL),
(1408, 'kouakou.christian.adane@checkM.edu.ci', NULL, 'Inactif', NULL),
(1409, 'gossan.ange.rodrigue.adja@checkM.edu.ci', NULL, 'Inactif', NULL),
(1410, 'ange.boris.agui@checkM.edu.ci', NULL, 'Inactif', NULL),
(1411, 'assoma.evrard.wilfried.assoma@checkM.edu.ci', NULL, 'Inactif', NULL),
(1412, 'nina.larissa.atsé@checkM.edu.ci', NULL, 'Inactif', NULL),
(1413, 'eliézer.josué.bobou@checkM.edu.ci', NULL, 'Inactif', NULL),
(1414, 'ané.serge.eric.coffi-amany@checkM.edu.ci', NULL, 'Inactif', NULL),
(1415, 'abdoul.karim.coulibaly@checkM.edu.ci', NULL, 'Inactif', NULL),
(1416, 'kouadio.léandre.coulou@checkM.edu.ci', NULL, 'Inactif', NULL),
(1417, 'beyrah.dieudonné.desquith@checkM.edu.ci', NULL, 'Inactif', NULL),
(1418, 'chiayé.marie-christelle.diahou@checkM.edu.ci', NULL, 'Inactif', NULL),
(1419, 'malick-olivier.diallo@checkM.edu.ci', NULL, 'Inactif', NULL),
(1420, 'nahouo.sinourna.diarrassouba@checkM.edu.ci', NULL, 'Inactif', NULL),
(1421, 'nempé.antonin.alexis.dioulo@checkM.edu.ci', NULL, 'Inactif', NULL),
(1422, 'jean.frédéric.fagla@checkM.edu.ci', NULL, 'Inactif', NULL),
(1423, 'womedo.ghislain.goa@checkM.edu.ci', NULL, 'Inactif', NULL),
(1424, 'goualy.cyrille.guipie@checkM.edu.ci', NULL, 'Inactif', NULL),
(1425, 'wallo.frédéric.auguste.hié@checkM.edu.ci', NULL, 'Inactif', NULL),
(1426, 'grace.yenin.edwige.johnson@checkM.edu.ci', NULL, 'Inactif', NULL),
(1427, 'attah.jean.achille.kobena@checkM.edu.ci', NULL, 'Inactif', NULL),
(1428, 'katché.olivier.koffi@checkM.edu.ci', NULL, 'Inactif', NULL),
(1429, 'kouamé.fabrice.koffi@checkM.edu.ci', NULL, 'Inactif', NULL),
(1430, 'mekhan.girault.koffi@checkM.edu.ci', NULL, 'Inactif', NULL),
(1431, 'nguessan.richard.kouadio@checkM.edu.ci', NULL, 'Inactif', NULL),
(1432, 'nanhou.armande.elika.kouakou@checkM.edu.ci', NULL, 'Inactif', NULL),
(1433, 'ouattara.affoussatou.kouakou@checkM.edu.ci', NULL, 'Inactif', NULL),
(1434, 'wacrablet.ebony.hyacinthe.kouakou@checkM.edu.ci', NULL, 'Inactif', NULL),
(1435, 'ahouo.clotilde.kouamé@checkM.edu.ci', NULL, 'Inactif', NULL),
(1436, 'kacou.christian.kouamé@checkM.edu.ci', NULL, 'Inactif', NULL),
(1437, 'aka.marius.kouassi@checkM.edu.ci', NULL, 'Inactif', NULL),
(1438, 'ngonian.emmanuel.kouassi@checkM.edu.ci', NULL, 'Inactif', NULL),
(1439, 'zilé.yao.eric-gael.kouassi@checkM.edu.ci', NULL, 'Inactif', NULL),
(1440, 'kouakou.sidoine.kouman@checkM.edu.ci', NULL, 'Inactif', NULL),
(1441, 'olivier.clotaire.mekoundé@checkM.edu.ci', NULL, 'Inactif', NULL),
(1442, 'yves-kévin.moro@checkM.edu.ci', NULL, 'Inactif', NULL),
(1443, 'angoua.omer.n..ngoran@checkM.edu.ci', NULL, 'Inactif', NULL),
(1444, 'nsikan.jean.baptiste.ngoran@checkM.edu.ci', NULL, 'Inactif', NULL),
(1445, 'gninlipkoho.romuald.ouattara@checkM.edu.ci', NULL, 'Inactif', NULL),
(1446, 'mohamed.sylla@checkM.edu.ci', NULL, 'Inactif', NULL),
(1447, 'armel.désiré.tanoh@checkM.edu.ci', NULL, 'Inactif', NULL),
(1448, 'gbongué.joel.tia@checkM.edu.ci', NULL, 'Inactif', NULL),
(1449, 'cédric.delan.touré@checkM.edu.ci', NULL, 'Inactif', NULL),
(1450, 'christelle.rénée.traoré@checkM.edu.ci', NULL, 'Inactif', NULL),
(1451, 'teatoh.paul.vanon@checkM.edu.ci', NULL, 'Inactif', NULL),
(1452, 'kouakou.brice.yao@checkM.edu.ci', NULL, 'Inactif', NULL),
(1453, 'kouakou.patrick.olivier.yao@checkM.edu.ci', NULL, 'Inactif', NULL),
(1454, 'désiré.isaac.yapi@checkM.edu.ci', NULL, 'Inactif', NULL),
(1455, 'koko.jeanne-darc.ariane.aboulé@checkM.edu.ci', NULL, 'Inactif', NULL),
(1456, 'boris.carnot.agnaramon@checkM.edu.ci', NULL, 'Inactif', NULL),
(1457, 'serge.kevin.amon@checkM.edu.ci', NULL, 'Inactif', NULL),
(1458, 'loic.sosthène.kholou.angora@checkM.edu.ci', NULL, 'Inactif', NULL),
(1459, 'aka.henry.jacques.atché@checkM.edu.ci', NULL, 'Inactif', NULL),
(1460, 'mamadou.bakayoko@checkM.edu.ci', NULL, 'Inactif', NULL),
(1461, 'moussa.bamba@checkM.edu.ci', NULL, 'Inactif', NULL),
(1462, 'segui.noel.blague@checkM.edu.ci', NULL, 'Inactif', NULL),
(1463, 'annoh.désiré.p.c.blé@checkM.edu.ci', NULL, 'Inactif', NULL),
(1464, 'murielle.bongo@checkM.edu.ci', NULL, 'Inactif', NULL),
(1465, 'billy.aymeric.botti@checkM.edu.ci', NULL, 'Inactif', NULL),
(1466, 'bassiata.coulibaly@checkM.edu.ci', NULL, 'Inactif', NULL),
(1467, 'zié.abou.coulibaly@checkM.edu.ci', NULL, 'Inactif', NULL),
(1468, 'bi.kavola.augustin.dibi@checkM.edu.ci', NULL, 'Inactif', NULL),
(1469, 'stéphane.isaacs.doh@checkM.edu.ci', NULL, 'Inactif', NULL),
(1470, 'gbebi.alex.auguste.ebe@checkM.edu.ci', NULL, 'Inactif', NULL),
(1471, 'jean.daniel.frondo@checkM.edu.ci', NULL, 'Inactif', NULL),
(1472, 'loua.alexis.gueu@checkM.edu.ci', NULL, 'Inactif', NULL),
(1473, 'joel.kevin.kangni@checkM.edu.ci', NULL, 'Inactif', NULL),
(1474, 'dioulo.etser.emmanuel.kango@checkM.edu.ci', NULL, 'Inactif', NULL),
(1475, 'pote.senaho.brice.cyriaque.kessé@checkM.edu.ci', NULL, 'Inactif', NULL),
(1476, 'yao.franck.konan@checkM.edu.ci', NULL, 'Inactif', NULL),
(1477, 'valdez.edmon.saturnin.koua@checkM.edu.ci', NULL, 'Inactif', NULL),
(1478, 'samou.moussa.kouadio@checkM.edu.ci', NULL, 'Inactif', NULL),
(1479, 'franck.didier.kouamé@checkM.edu.ci', NULL, 'Inactif', NULL),
(1480, 'jean-armel.kouassi@checkM.edu.ci', NULL, 'Inactif', NULL),
(1481, 'douai.yves-alain.koulaté@checkM.edu.ci', NULL, 'Inactif', NULL),
(1482, 'yann.teddy.koutene@checkM.edu.ci', NULL, 'Inactif', NULL),
(1483, 'almedine.abdallah.moegne@checkM.edu.ci', NULL, 'Inactif', NULL),
(1484, 'jean-luc.oka@checkM.edu.ci', NULL, 'Inactif', NULL),
(1485, 'makoko.madou.touré@checkM.edu.ci', NULL, 'Inactif', NULL),
(1486, 'lou.t..marie-colombe.a.tra@checkM.edu.ci', NULL, 'Inactif', NULL),
(1487, 'mohamed.traoré@checkM.edu.ci', NULL, 'Inactif', NULL),
(1488, 'séri.joseph-désiré.zézé@checkM.edu.ci', NULL, 'Inactif', NULL),
(1489, 'anongba.félix.adomon@checkM.edu.ci', NULL, 'Inactif', NULL),
(1490, 'amoan.aurélie.nadia.atta@checkM.edu.ci', NULL, 'Inactif', NULL),
(1491, 'paul.basse@checkM.edu.ci', NULL, 'Inactif', NULL),
(1492, 'abdoul.bamory.cissé@checkM.edu.ci', NULL, 'Inactif', NULL),
(1493, 'abdel.aziz.cissoko@checkM.edu.ci', NULL, 'Inactif', NULL),
(1494, 'nanleho.ismael.coulibaly@checkM.edu.ci', NULL, 'Inactif', NULL),
(1495, 'chiayé.marie.christelle.diahou@checkM.edu.ci', NULL, 'Inactif', NULL),
(1496, 'kadjo.dieudonné.jean-jacques.djidji@checkM.edu.ci', NULL, 'Inactif', NULL),
(1497, 'konan.ismael.duffi@checkM.edu.ci', NULL, 'Inactif', NULL),
(1498, 'djaky.ange.michael.ehora@checkM.edu.ci', NULL, 'Inactif', NULL),
(1499, 'anne.audrey.ehouman@checkM.edu.ci', NULL, 'Inactif', NULL),
(1500, 'abo.yao.désiré.fodio@checkM.edu.ci', NULL, 'Inactif', NULL),
(1501, 'mehibo.sylvestre.gayé@checkM.edu.ci', NULL, 'Inactif', NULL),
(1502, 'stephane.arnaud.hoba@checkM.edu.ci', NULL, 'Inactif', NULL),
(1503, 'homar.karidioula@checkM.edu.ci', NULL, 'Inactif', NULL),
(1504, 'djè.dominique.kouadio@checkM.edu.ci', NULL, 'Inactif', NULL),
(1505, 'koffi.yves.forrest.kouakou@checkM.edu.ci', NULL, 'Inactif', NULL),
(1506, 'animand.marc.wilfried.kouamé@checkM.edu.ci', NULL, 'Inactif', NULL),
(1507, 'akoupo.joel.p..kouassi@checkM.edu.ci', NULL, 'Inactif', NULL),
(1508, 'kouakou.jocelin.kouassi@checkM.edu.ci', NULL, 'Inactif', NULL),
(1509, 'yao.ghislain.kra@checkM.edu.ci', NULL, 'Inactif', NULL),
(1510, 'djava.aristide.alain.lavri@checkM.edu.ci', NULL, 'Inactif', NULL),
(1511, 'ibrahim.charles.mohamed@checkM.edu.ci', NULL, 'Inactif', NULL),
(1512, 'yavo.isaac-jonathan.ncho@checkM.edu.ci', NULL, 'Inactif', NULL),
(1513, 'laetitia-yannick.ndindin@checkM.edu.ci', NULL, 'Inactif', NULL),
(1514, 'ahou.paule.célestine.nguessan@checkM.edu.ci', NULL, 'Inactif', NULL),
(1515, 'ives.martial.agnin.nguessan@checkM.edu.ci', NULL, 'Inactif', NULL),
(1516, 'yao.sidney.maurel.nzi@checkM.edu.ci', NULL, 'Inactif', NULL),
(1517, 'kobenan.landry.ouattara@checkM.edu.ci', NULL, 'Inactif', NULL),
(1518, 'kpampo.alex.wilfried.ouattara@checkM.edu.ci', NULL, 'Inactif', NULL),
(1519, 'yoralanho.marc.oulobly@checkM.edu.ci', NULL, 'Inactif', NULL),
(1520, 'abdoul.karim.soumahoro@checkM.edu.ci', NULL, 'Inactif', NULL),
(1521, 'yannick.armand.agouassé.tebi@checkM.edu.ci', NULL, 'Inactif', NULL),
(1522, 'oza.maguy-rose.tonohoan@checkM.edu.ci', NULL, 'Inactif', NULL),
(1523, 'prudence.caniussus.yapo@checkM.edu.ci', NULL, 'Inactif', NULL),
(1524, 'katié.yéo@checkM.edu.ci', NULL, 'Inactif', NULL),
(1525, 'ablan.stéphanie.amoa@checkM.edu.ci', NULL, 'Inactif', NULL),
(1526, 'rose.christel.assoumou@checkM.edu.ci', NULL, 'Inactif', NULL),
(1527, 'aboubakar.siriki.bamba@checkM.edu.ci', NULL, 'Inactif', NULL),
(1528, 'mamadou.coulibaly@checkM.edu.ci', NULL, 'Inactif', NULL),
(1529, 'nagnon.mamadou.diarrassouba@checkM.edu.ci', NULL, 'Inactif', NULL),
(1530, 'yves.feune@checkM.edu.ci', NULL, 'Inactif', NULL),
(1531, 'ibrahim.karamoko@checkM.edu.ci', NULL, 'Inactif', NULL),
(1532, 'franck-cyril.keulegbe@checkM.edu.ci', NULL, 'Inactif', NULL),
(1533, 'elysée.morel.james.koissi@checkM.edu.ci', NULL, 'Inactif', NULL),
(1534, 'israël.koki@checkM.edu.ci', NULL, 'Inactif', NULL),
(1535, 'parfait.komana@checkM.edu.ci', NULL, 'Inactif', NULL),
(1536, 'dotégué.léon-cédric.konaté@checkM.edu.ci', NULL, 'Inactif', NULL),
(1537, 'terrence.yves.fallon.kondou@checkM.edu.ci', NULL, 'Inactif', NULL),
(1538, 'charles-olivier.kadjo.maud@checkM.edu.ci', NULL, 'Inactif', NULL),
(1539, 'aristide.arnaud.mondah@checkM.edu.ci', NULL, 'Inactif', NULL),
(1540, 'léandre.yvon.nguessan@checkM.edu.ci', NULL, 'Inactif', NULL),
(1541, 'fréjuss.ogou@checkM.edu.ci', NULL, 'Inactif', NULL),
(1542, 'dramane.fanhyogo.ouattara@checkM.edu.ci', NULL, 'Inactif', NULL),
(1543, 'gbassoloko.chris-isaïe.ouattara@checkM.edu.ci', NULL, 'Inactif', NULL),
(1544, 'nnan.aïcha.jocelyne.traoré@checkM.edu.ci', NULL, 'Inactif', NULL),
(1545, 'gnahoua.marc-michel.balié@checkM.edu.ci', NULL, 'Inactif', NULL),
(1546, 'kousso.claverie.de.camille.koffi@checkM.edu.ci', NULL, 'Inactif', NULL),
(1547, 'aristide.arnaud.mondah@checkM.edu.ci', NULL, 'Inactif', NULL),
(1548, 'chippaux.pierrette.naomie.ncho@checkM.edu.ci', NULL, 'Inactif', NULL),
(1549, 'kadjo.léon.nguessan@checkM.edu.ci', NULL, 'Inactif', NULL),
(1550, 'fatime.traoré@checkM.edu.ci', NULL, 'Inactif', NULL),
(1551, 'koffi.akpagnon@checkM.edu.ci', NULL, 'Inactif', NULL),
(1552, 'kouakou.yann-axel.amand@checkM.edu.ci', NULL, 'Inactif', NULL),
(1553, 'kra.affoue.larissa.estelle.atokoli@checkM.edu.ci', NULL, 'Inactif', NULL),
(1554, 'koffi.marius.badolo@checkM.edu.ci', NULL, 'Inactif', NULL),
(1555, 'myriam.coulibaly@checkM.edu.ci', NULL, 'Inactif', NULL),
(1556, 'moussa.diao@checkM.edu.ci', NULL, 'Inactif', NULL),
(1557, 'mamadou.diarrassouba@checkM.edu.ci', NULL, 'Inactif', NULL),
(1558, 'abdoul-rhamane.dosso@checkM.edu.ci', NULL, 'Inactif', NULL),
(1559, 'anliou.badrah.kévin.doumbia@checkM.edu.ci', NULL, 'Inactif', NULL),
(1560, 'arriko.désiré.ebenezer.ehinon@checkM.edu.ci', NULL, 'Inactif', NULL),
(1561, 'abdoulaye.guindo@checkM.edu.ci', NULL, 'Inactif', NULL),
(1562, 'ehouman.narcisse.innocent.kacou@checkM.edu.ci', NULL, 'Inactif', NULL),
(1563, 'ntamon.jean.philipe.kimou@checkM.edu.ci', NULL, 'Inactif', NULL),
(1564, 'adjo.ruth.koffi@checkM.edu.ci', NULL, 'Inactif', NULL),
(1565, 'amoin.maéva.kouamé@checkM.edu.ci', NULL, 'Inactif', NULL),
(1566, 'franck-eric.lionel.kouamelan@checkM.edu.ci', NULL, 'Inactif', NULL),
(1567, 'koffi.bernadin.pacome.sayni@checkM.edu.ci', NULL, 'Inactif', NULL),
(1568, 'wilfried.amos.seh@checkM.edu.ci', NULL, 'Inactif', NULL),
(1569, 'doucaci.anselme.yao@checkM.edu.ci', NULL, 'Inactif', NULL),
(1570, 'bobo.thierry.hervé.adou@checkM.edu.ci', NULL, 'Inactif', NULL),
(1571, 'lorraine.victoire.akalé.adou@checkM.edu.ci', NULL, 'Inactif', NULL),
(1572, 'paul-hermann.alao@checkM.edu.ci', NULL, 'Inactif', NULL),
(1573, 'assi.axel.alex.alléchy@checkM.edu.ci', NULL, 'Inactif', NULL),
(1574, 'jean.cédric.attiembono@checkM.edu.ci', NULL, 'Inactif', NULL),
(1575, 'arnaud.maurice.bamba@checkM.edu.ci', NULL, 'Inactif', NULL),
(1576, 'paul.pascal.bidi@checkM.edu.ci', NULL, 'Inactif', NULL),
(1577, 'léandre.nguessan.boua@checkM.edu.ci', NULL, 'Inactif', NULL),
(1578, 'awa.coulibaly@checkM.edu.ci', NULL, 'Inactif', NULL),
(1579, 'loseni.dembélé@checkM.edu.ci', NULL, 'Inactif', NULL),
(1580, 'gniriwa.aminata.diarrassouba@checkM.edu.ci', NULL, 'Inactif', NULL),
(1581, 'mohamed.diarrassouba@checkM.edu.ci', NULL, 'Inactif', NULL),
(1582, 'brice.armand.kouassi.dibi@checkM.edu.ci', NULL, 'Inactif', NULL),
(1583, 'goli.nguessan.yoann.eric.dibi@checkM.edu.ci', NULL, 'Inactif', NULL),
(1584, 'sopi.adonis.maxence.diplo@checkM.edu.ci', NULL, 'Inactif', NULL),
(1585, 'bi.boa.césar.doh@checkM.edu.ci', NULL, 'Inactif', NULL),
(1586, 'kouétho.douassé@checkM.edu.ci', NULL, 'Inactif', NULL),
(1587, 'ama.sémira.claude.hermine.ehounou@checkM.edu.ci', NULL, 'Inactif', NULL),
(1588, 'andréa.aimée.stéphanie.gbamélé@checkM.edu.ci', NULL, 'Inactif', NULL),
(1589, 'ephrem.goly@checkM.edu.ci', NULL, 'Inactif', NULL),
(1590, 'landry.ayodé.houessinon@checkM.edu.ci', NULL, 'Inactif', NULL),
(1591, 'nzué.sandra.koffi@checkM.edu.ci', NULL, 'Inactif', NULL),
(1592, 'yao.akouadja.cyriaque.roxane.kouakou@checkM.edu.ci', NULL, 'Inactif', NULL),
(1593, 'lydie.aimée.mondahan@checkM.edu.ci', NULL, 'Inactif', NULL),
(1594, 'ahou.célestine.nguessan@checkM.edu.ci', NULL, 'Inactif', NULL),
(1595, 'dramane.ouattara@checkM.edu.ci', NULL, 'Inactif', NULL),
(1596, 'zié.alhassane.ouattara@checkM.edu.ci', NULL, 'Inactif', NULL),
(1597, 'abdoul.kader.cédric.seye@checkM.edu.ci', NULL, 'Inactif', NULL),
(1598, 'mohamed.sidibé@checkM.edu.ci', NULL, 'Inactif', NULL),
(1599, 'adjoba.sarah-marguerite.tanoe@checkM.edu.ci', NULL, 'Inactif', NULL),
(1600, 'charles.vanié@checkM.edu.ci', NULL, 'Inactif', NULL),
(1601, 'marie.ange.elvire.yao@checkM.edu.ci', NULL, 'Inactif', NULL),
(1602, 'acho.william.yatté@checkM.edu.ci', NULL, 'Inactif', NULL),
(1603, 'linda.ange.aminata.yesso@checkM.edu.ci', NULL, 'Inactif', NULL),
(1604, 'christian.de.pacques.aka@checkM.edu.ci', NULL, 'Inactif', NULL),
(1605, 'akouba.ange.orlane.alla@checkM.edu.ci', NULL, 'Inactif', NULL),
(1606, 'marc-arnaud.ayénon@checkM.edu.ci', NULL, 'Inactif', NULL),
(1607, 'yannick.ivann.boly@checkM.edu.ci', NULL, 'Inactif', NULL),
(1608, 'kévin.guelade@checkM.edu.ci', NULL, 'Inactif', NULL),
(1609, 'kouadio.lionnel.houndji@checkM.edu.ci', NULL, 'Inactif', NULL),
(1610, 'zoé.rodrigue.kamo@checkM.edu.ci', NULL, 'Inactif', NULL),
(1611, 'diaby.alassane.samuel.kassamba@checkM.edu.ci', NULL, 'Inactif', NULL),
(1612, 'bi.boh.charbel.koet@checkM.edu.ci', NULL, 'Inactif', NULL),
(1613, 'harvey.désiré.konan@checkM.edu.ci', NULL, 'Inactif', NULL),
(1614, 'yao.jean.elisée.konan@checkM.edu.ci', NULL, 'Inactif', NULL),
(1615, 'ouahouele.hermann.désiré.koné@checkM.edu.ci', NULL, 'Inactif', NULL),
(1616, 'stéphane.emmrich.kouadio@checkM.edu.ci', NULL, 'Inactif', NULL),
(1617, 'prince.samuel.kouamé@checkM.edu.ci', NULL, 'Inactif', NULL),
(1618, 'lorraine.ekou.kouassi@checkM.edu.ci', NULL, 'Inactif', NULL),
(1619, 'theya.aoubla.francisca.kouassi@checkM.edu.ci', NULL, 'Inactif', NULL),
(1620, 'marie.milène.cynthia.nanihio@checkM.edu.ci', NULL, 'Inactif', NULL),
(1621, 'georges-erwin.christian.salifou@checkM.edu.ci', NULL, 'Inactif', NULL),
(1622, 'abdoul-aziz.moussa.sanogo@checkM.edu.ci', NULL, 'Inactif', NULL),
(1623, 'aboubakar.soumahoro@checkM.edu.ci', NULL, 'Inactif', NULL),
(1624, 'nganza.jean-noel.romaric.ano@checkM.edu.ci', NULL, 'Inactif', NULL),
(1625, 'myriam.ana.bakayoko@checkM.edu.ci', NULL, 'Inactif', NULL),
(1626, 'chiadon.anita.marlène.boka@checkM.edu.ci', NULL, 'Inactif', NULL),
(1627, 'arthur.fiacre.brou@checkM.edu.ci', NULL, 'Inactif', NULL),
(1628, 'siaka.diarrassouba@checkM.edu.ci', NULL, 'Inactif', NULL),
(1629, 'aniela.carly.djécketh@checkM.edu.ci', NULL, 'Inactif', NULL),
(1630, 'amichia.paul-emmanuel.gnogan@checkM.edu.ci', NULL, 'Inactif', NULL),
(1631, 'jean-louis.kadouno@checkM.edu.ci', NULL, 'Inactif', NULL),
(1632, 'serges.landry.konan@checkM.edu.ci', NULL, 'Inactif', NULL),
(1633, 'ibrahim.zié.koné@checkM.edu.ci', NULL, 'Inactif', NULL),
(1634, 'ayé.boris.kouao@checkM.edu.ci', NULL, 'Inactif', NULL),
(1635, 'oumar.ouattara.kouassi@checkM.edu.ci', NULL, 'Inactif', NULL),
(1636, 'aya.josiane.christelle.lago@checkM.edu.ci', NULL, 'Inactif', NULL),
(1637, 'angui.arnaud.michel.mian@checkM.edu.ci', NULL, 'Inactif', NULL),
(1638, 'zelé.mariam.ouattara@checkM.edu.ci', NULL, 'Inactif', NULL),
(1639, 'diabiga.khader.aziz.soro@checkM.edu.ci', NULL, 'Inactif', NULL),
(1640, 'fougnigué.kanigui.daouda.soro@checkM.edu.ci', NULL, 'Inactif', NULL),
(1641, 'kolo.siaka.soro@checkM.edu.ci', NULL, 'Inactif', NULL),
(1642, 'arémou.malick.aziz.soulé@checkM.edu.ci', NULL, 'Inactif', NULL),
(1643, 'william.benjamin-noel.touré@checkM.edu.ci', NULL, 'Inactif', NULL),
(1644, 'josué.kouakou.jean.pierre.yao@checkM.edu.ci', NULL, 'Inactif', NULL),
(1645, 'marlène.mirsha.hathémann.danielle.yao-saki@checkM.', NULL, 'Inactif', NULL),
(1646, 'kpovlé.emmanuel.junior.amichia@checkM.edu.ci', NULL, 'Inactif', NULL),
(1647, 'dadié.jean.christophe.anoma@checkM.edu.ci', NULL, 'Inactif', NULL),
(1648, 'ange.emmanuel.assi@checkM.edu.ci', NULL, 'Inactif', NULL),
(1649, 'moyé.anicet.atsé@checkM.edu.ci', NULL, 'Inactif', NULL),
(1650, 'djamoin.steve.benjamin.bouédiro@checkM.edu.ci', NULL, 'Inactif', NULL),
(1651, 'nana.cissé@checkM.edu.ci', NULL, 'Inactif', NULL),
(1652, 'gningninri.othniel.samson.coulibaly@checkM.edu.ci', NULL, 'Inactif', NULL),
(1653, 'habdoul.yacine.megbene.diomandé@checkM.edu.ci', NULL, 'Inactif', NULL),
(1654, 'vamonkié.jean.hubert.diomandé@checkM.edu.ci', NULL, 'Inactif', NULL),
(1655, 'ngadi.jean.marc.tokou.kadio@checkM.edu.ci', NULL, 'Inactif', NULL),
(1656, 'samaad.opeyemi.kamarou@checkM.edu.ci', NULL, 'Inactif', NULL),
(1657, 'jean.françois.dassise.kinhon@checkM.edu.ci', NULL, 'Inactif', NULL),
(1658, 'kra.herbert.donatien.koffi@checkM.edu.ci', NULL, 'Inactif', NULL),
(1659, 'william.chrisostome.koffi@checkM.edu.ci', NULL, 'Inactif', NULL),
(1660, 'messou.ange.patrick.kouadio@checkM.edu.ci', NULL, 'Inactif', NULL),
(1661, 'boni.ezechiel.kouamé@checkM.edu.ci', NULL, 'Inactif', NULL),
(1662, 'kouassi.oscar.kouamé@checkM.edu.ci', NULL, 'Inactif', NULL),
(1663, 'kassi.jean-chris.emmanuel.malan@checkM.edu.ci', NULL, 'Inactif', NULL),
(1664, 'adjoua.fleur-esther.nguessan@checkM.edu.ci', NULL, 'Inactif', NULL),
(1665, 'técléky.akrou.vidal.nguessan@checkM.edu.ci', NULL, 'Inactif', NULL),
(1666, 'wanna.elyan.patrick.dido.nomahou@checkM.edu.ci', NULL, 'Inactif', NULL),
(1667, 'assamoi.kofi.hugues.aimé.oholli@checkM.edu.ci', NULL, 'Inactif', NULL),
(1668, 'chêrê.myriam.marie-eva.jacqueline.ouattara@checkM.', NULL, 'Inactif', NULL),
(1669, 'assoko.paul.e..oyou@checkM.edu.ci', NULL, 'Inactif', NULL),
(1670, 'ezekias.mike.prince.siméda@checkM.edu.ci', NULL, 'Inactif', NULL),
(1671, 'marc-arthur.gbadié.sohou@checkM.edu.ci', NULL, 'Inactif', NULL),
(1672, 'kouadio.barthelemy.junior.tano@checkM.edu.ci', NULL, 'Inactif', NULL),
(1673, 'ndéa.demaurelle.tia@checkM.edu.ci', NULL, 'Inactif', NULL);
INSERT INTO `utilisateur` (`id_utilisateur`, `login_utilisateur`, `mdp_utilisateur`, `statut_utilisateur`, `id_niveau_acces`) VALUES
(1674, 'sounkaro.klinnan.ariel.touré@checkM.edu.ci', NULL, 'Inactif', NULL),
(1675, 'japhet.arnold.traby@checkM.edu.ci', NULL, 'Inactif', NULL),
(1676, 'emmanuel.mardochée.onan.yao@checkM.edu.ci', NULL, 'Inactif', NULL),
(1677, 'jean.stephane.ruben.assy.yapo@checkM.edu.ci', NULL, 'Inactif', NULL),
(1678, 'kouamé.flavien.assémien@checkM.edu.ci', NULL, 'Inactif', NULL),
(1679, 'ismaël.coulibaly@checkM.edu.ci', NULL, 'Inactif', NULL),
(1680, 'tiékoura.hervé.coulibaly@checkM.edu.ci', NULL, 'Inactif', NULL),
(1681, 'dely.ange.diomandé@checkM.edu.ci', NULL, 'Inactif', NULL),
(1682, 'ange.junior.famié@checkM.edu.ci', NULL, 'Inactif', NULL),
(1683, 'ange.marlène.gohi@checkM.edu.ci', NULL, 'Inactif', NULL),
(1684, 'emmanuel.kaboré@checkM.edu.ci', NULL, 'Inactif', NULL),
(1685, 'cyl.bethsaléel.koffi@checkM.edu.ci', NULL, 'Inactif', NULL),
(1686, 'prunelle.lodioro@checkM.edu.ci', NULL, 'Inactif', NULL),
(1687, 'aurore.nguessan@checkM.edu.ci', NULL, 'Inactif', NULL),
(1688, 'kimberly.sahoré@checkM.edu.ci', NULL, 'Inactif', NULL),
(1689, 'ibrahim.soro@checkM.edu.ci', NULL, 'Inactif', NULL),
(1690, 'katinan.touré@checkM.edu.ci', NULL, 'Inactif', NULL),
(1691, 'kan.maurice.yao@checkM.edu.ci', NULL, 'Inactif', NULL),
(1692, 'koffi.uriel.alagbo@checkM.edu.ci', NULL, 'Inactif', NULL),
(1693, 'koutianga.malick.coulibaly@checkM.edu.ci', NULL, 'Inactif', NULL),
(1694, 'sanga.narcisse.coulibaly@checkM.edu.ci', NULL, 'Inactif', NULL),
(1695, 'hadidja.diaby@checkM.edu.ci', NULL, 'Inactif', NULL),
(1696, 'marie-joseph.armel.douampo@checkM.edu.ci', NULL, 'Inactif', NULL),
(1697, 'sekou.gbé@checkM.edu.ci', NULL, 'Inactif', NULL),
(1698, 'yann.mendel.konan@checkM.edu.ci', NULL, 'Inactif', NULL),
(1699, 'kouakou.desiré.kouadio@checkM.edu.ci', NULL, 'Inactif', NULL),
(1700, 'yao-elysé.vedrine.kouadio@checkM.edu.ci', NULL, 'Inactif', NULL),
(1701, 'henri.joel.kouakou@checkM.edu.ci', NULL, 'Inactif', NULL),
(1702, 'jean.emmanuel.kouassi@checkM.edu.ci', NULL, 'Inactif', NULL),
(1703, 'bi.licalo.samy@checkM.edu.ci', NULL, 'Inactif', NULL),
(1704, 'amy.traoré@checkM.edu.ci', NULL, 'Inactif', NULL),
(1705, 'kouamé.elie-noel.yao@checkM.edu.ci', NULL, 'Inactif', NULL);

-- --------------------------------------------------------

--
-- Structure de la table `utilisateur_type_utilisateur`
--

DROP TABLE IF EXISTS `utilisateur_type_utilisateur`;
CREATE TABLE IF NOT EXISTS `utilisateur_type_utilisateur` (
  `id_utilisateur` int NOT NULL,
  `id_tu` int NOT NULL,
  `date_attribution` date DEFAULT (curdate()),
  PRIMARY KEY (`id_utilisateur`,`id_tu`),
  KEY `id_tu` (`id_tu`)
) ENGINE=InnoDB DEFAULT CHARSET=utf8mb4 COLLATE=utf8mb4_0900_ai_ci;

--
-- Déchargement des données de la table `utilisateur_type_utilisateur`
--

INSERT INTO `utilisateur_type_utilisateur` (`id_utilisateur`, `id_tu`, `date_attribution`) VALUES
(1, 3, '2025-05-20'),
(2, 3, '2025-05-19'),
(3, 3, '2025-05-19'),
(4, 3, '2025-05-04'),
(5, 3, '2025-05-04'),
(6, 3, '2025-05-04'),
(7, 3, '2025-05-04'),
(8, 2, '2025-05-04'),
(9, 2, '2025-05-04'),
(10, 2, '2025-05-04'),
(11, 4, '2025-05-04'),
(12, 4, '2025-05-04'),
(13, 4, '2025-05-04'),
(14, 1, '2025-05-21'),
(15, 1, '2025-05-04'),
(16, 1, '2025-05-04'),
(17, 1, '2025-05-04'),
(18, 1, '2025-05-04'),
(19, 2, '2025-06-01'),
(20, 4, '2025-06-01'),
(21, 4, '2025-06-01'),
(22, 2, '2025-06-02'),
(23, 2, '2025-06-02'),
(24, 2, '2025-06-01'),
(33, 1, '2025-07-02'),
(35, 1, '2025-06-22'),
(36, 1, '2025-07-01'),
(37, 1, '2025-07-01'),
(38, 1, '2025-07-02'),
(40, 4, '2025-07-02');

-- --------------------------------------------------------

--
-- Structure de la table `valider`
--

DROP TABLE IF EXISTS `valider`;
CREATE TABLE IF NOT EXISTS `valider` (
  `id_ens` int NOT NULL,
  `id_rapport_etd` int NOT NULL,
  `date_validation` date DEFAULT NULL,
  `com_validation` text,
  `decision` varchar(25) NOT NULL,
  PRIMARY KEY (`id_ens`,`id_rapport_etd`),
  KEY `id_rapport_etd` (`id_rapport_etd`)
) ENGINE=MyISAM DEFAULT CHARSET=utf8mb4 COLLATE=utf8mb4_0900_ai_ci;

--
-- Contraintes pour les tables déchargées
--

--
-- Contraintes pour la table `archives`
--
ALTER TABLE `archives`
  ADD CONSTRAINT `fk_archives_compte_rendu` FOREIGN KEY (`id_cr`) REFERENCES `compte_rendu` (`id_cr`),
  ADD CONSTRAINT `fk_archives_rapport` FOREIGN KEY (`id_rapport_etd`) REFERENCES `rapport_etudiant` (`id_rapport_etd`),
  ADD CONSTRAINT `fk_archives_utilisateur` FOREIGN KEY (`id_utilisateur`) REFERENCES `utilisateur` (`id_utilisateur`);

--
-- Contraintes pour la table `compte_rendu`
--
ALTER TABLE `compte_rendu`
  ADD CONSTRAINT `fk_cr_rapport_etd` FOREIGN KEY (`id_rapport_etd`) REFERENCES `rapport_etudiant` (`id_rapport_etd`);

--
-- Contraintes pour la table `documents`
--
ALTER TABLE `documents`
  ADD CONSTRAINT `documents_ibfk_1` FOREIGN KEY (`reunion_id`) REFERENCES `reunions` (`id`) ON DELETE CASCADE,
  ADD CONSTRAINT `documents_ibfk_2` FOREIGN KEY (`telecharger_par`) REFERENCES `utilisateur` (`id_utilisateur`) ON DELETE CASCADE;

--
-- Contraintes pour la table `etudiants`
--
ALTER TABLE `etudiants`
  ADD CONSTRAINT `fk_promotion_etd` FOREIGN KEY (`id_promotion`) REFERENCES `promotion` (`id_promotion`);

--
-- Contraintes pour la table `faire_stage`
--
ALTER TABLE `faire_stage`
  ADD CONSTRAINT `fk_faire_stage_entreprise` FOREIGN KEY (`id_entr`) REFERENCES `entreprise` (`id_entr`) ON DELETE CASCADE,
  ADD CONSTRAINT `fk_faire_stage_etudiant` FOREIGN KEY (`num_etd`) REFERENCES `utilisateur` (`id_utilisateur`) ON DELETE CASCADE;

--
-- Contraintes pour la table `historique_envoi`
--
ALTER TABLE `historique_envoi`
  ADD CONSTRAINT `historique_envoi_ibfk_1` FOREIGN KEY (`id_cr`) REFERENCES `compte_rendu` (`id_cr`) ON DELETE CASCADE;

--
-- Contraintes pour la table `notifications`
--
ALTER TABLE `notifications`
  ADD CONSTRAINT `notifications_ibfk_1` FOREIGN KEY (`id_utilisateur`) REFERENCES `utilisateur` (`id_utilisateur`) ON DELETE CASCADE;

--
-- Contraintes pour la table `partage_rapport`
--
ALTER TABLE `partage_rapport`
  ADD CONSTRAINT `partage_rapport_ibfk_1` FOREIGN KEY (`id_rapport_etd`) REFERENCES `rapport_etudiant` (`id_rapport_etd`) ON DELETE CASCADE,
  ADD CONSTRAINT `partage_rapport_ibfk_2` FOREIGN KEY (`id_personnel_adm`) REFERENCES `personnel_administratif` (`id_personnel_adm`) ON DELETE CASCADE;

--
-- Contraintes pour la table `participants`
--
ALTER TABLE `participants`
  ADD CONSTRAINT `participants_ibfk_1` FOREIGN KEY (`reunion_id`) REFERENCES `reunions` (`id`) ON DELETE CASCADE,
  ADD CONSTRAINT `participants_ibfk_2` FOREIGN KEY (`id_utilisateur`) REFERENCES `utilisateur` (`id_utilisateur`) ON DELETE CASCADE;

--
-- Contraintes pour la table `rappels`
--
ALTER TABLE `rappels`
  ADD CONSTRAINT `rappels_ibfk_1` FOREIGN KEY (`reunion_id`) REFERENCES `reunions` (`id`) ON DELETE CASCADE;

--
-- Contraintes pour la table `reclamations`
--
ALTER TABLE `reclamations`
  ADD CONSTRAINT `fk_reclamations_ac` FOREIGN KEY (`id_ac`) REFERENCES `annee_academique` (`id_ac`) ON DELETE CASCADE,
  ADD CONSTRAINT `fk_reclamations_etudiant` FOREIGN KEY (`num_etd`) REFERENCES `etudiants` (`num_etd`) ON DELETE CASCADE ON UPDATE CASCADE;

--
-- Contraintes pour la table `utilisateur`
--
ALTER TABLE `utilisateur`
  ADD CONSTRAINT `fk_niveau_acces` FOREIGN KEY (`id_niveau_acces`) REFERENCES `niveau_acces_donnees` (`id_niveau_acces`);
COMMIT;

/*!40101 SET CHARACTER_SET_CLIENT=@OLD_CHARACTER_SET_CLIENT */;
/*!40101 SET CHARACTER_SET_RESULTS=@OLD_CHARACTER_SET_RESULTS */;
/*!40101 SET COLLATION_CONNECTION=@OLD_COLLATION_CONNECTION */;
